recipe_id,calories,protein_g,carbs_g,fat_g,fiber_g,sugar_g,sodium_mg,ingredient_coverage,nutrition_confidence,plausibility_flag,source
1,58.9,2.8,8.2,9.0,4.6,0.3,207.2,0.9,high,False,IFCT2017 (matched via ingredient normalization)
2,57.9,2.9,4.0,18.7,3.0,1.2,405.5,0.75,high,False,IFCT2017 (matched via ingredient normalization)
3,179.1,8.2,27.1,2.6,7.5,1.4,313.1,1.0,high,False,IFCT2017 (matched via ingredient normalization)
4,118.7,7.6,8.2,11.9,16.1,1.4,651.4,1.0,high,False,IFCT2017 (matched via ingredient normalization)
5,109.2,4.6,15.6,1.4,7.1,1.9,303.7,1.0,high,False,IFCT2017 (matched via ingredient normalization)
6,881.3,32.6,69.7,55.8,14.5,3.8,322.2,1.0,high,False,IFCT2017 (matched via ingredient normalization)
7,263.5,6.2,15.2,31.3,16.0,12.3,306.5,1.0,high,False,IFCT2017 (matched via ingredient normalization)
9,144.4,10.1,8.7,5.6,17.9,2.2,433.3,0.92,high,False,IFCT2017 (matched via ingredient normalization)
10,153.5,15.2,10.3,2.3,10.2,1.1,601.2,1.0,high,False,IFCT2017 (matched via ingredient normalization)
11,58.0,4.7,4.0,2.0,9.4,2.1,326.0,0.9,high,False,IFCT2017 (matched via ingredient normalization)
13,32.7,1.5,3.3,13.4,3.9,2.2,295.3,1.0,high,False,IFCT2017 (matched via ingredient normalization)
14,178.2,6.7,24.7,27.4,11.9,22.0,614.6,1.0,high,False,IFCT2017 (matched via ingredient normalization)
15,111.5,3.6,17.7,0.6,4.4,2.0,18.2,1.0,high,False,IFCT2017 (matched via ingredient normalization)
16,79.6,5.0,9.6,0.9,8.5,2.0,306.2,1.0,high,False,IFCT2017 (matched via ingredient normalization)
17,193.7,21.0,6.8,10.1,19.8,2.2,133.8,0.86,high,False,IFCT2017 (matched via ingredient normalization)
18,135.5,7.4,11.3,4.9,4.4,5.2,323.2,1.0,high,False,IFCT2017 (matched via ingredient normalization)
20,871.6,51.6,118.5,18.8,59.6,3.9,138.6,0.84,high,False,IFCT2017 (matched via ingredient normalization)
21,1574.7,61.0,126.0,84.3,35.0,8.5,463.4,1.0,low,True,IFCT2017 (matched via ingredient normalization)
22,258.9,8.6,47.5,14.1,7.0,1.5,317.3,1.0,high,False,IFCT2017 (matched via ingredient normalization)
23,128.2,8.3,11.2,4.2,5.1,2.4,21652.5,1.0,high,False,IFCT2017 (matched via ingredient normalization)
24,197.5,5.1,4.7,19.2,11.6,2.9,312.0,1.0,high,False,IFCT2017 (matched via ingredient normalization)
26,176.8,6.6,17.0,6.7,6.8,9.9,37.1,0.86,high,False,IFCT2017 (matched via ingredient normalization)
27,162.4,3.7,25.2,3.7,3.4,6.2,120.2,1.0,high,False,IFCT2017 (matched via ingredient normalization)
29,2246.6,72.5,147.8,145.1,65.6,19.7,207.8,0.9,low,True,IFCT2017 (matched via ingredient normalization)
32,57.0,2.7,8.0,4.2,3.2,0.4,81.7,0.96,high,False,IFCT2017 (matched via ingredient normalization)
35,128.7,6.7,20.2,0.9,9.8,2.5,309.2,0.94,high,False,IFCT2017 (matched via ingredient normalization)
37,109.5,7.6,12.2,28.4,5.4,0.6,538.7,0.87,high,False,IFCT2017 (matched via ingredient normalization)
41,261.2,42.4,5.1,21.1,2.2,1.8,1253.9,1.0,high,False,IFCT2017 (matched via ingredient normalization)
42,283.4,10.4,14.3,24.5,32.1,5.1,517.3,0.93,high,False,IFCT2017 (matched via ingredient normalization)
43,377.2,14.1,24.8,23.4,35.6,18.1,349.3,1.0,high,False,IFCT2017 (matched via ingredient normalization)
44,108.3,4.9,7.4,4.8,14.9,1.1,310.9,1.0,high,False,IFCT2017 (matched via ingredient normalization)
45,253.0,48.1,1.4,5.4,0.1,1.4,166.1,1.0,high,False,IFCT2017 (matched via ingredient normalization)
46,91.7,3.1,16.5,0.6,4.9,3.7,247.6,1.0,high,False,IFCT2017 (matched via ingredient normalization)
47,370.7,17.6,21.1,20.8,23.7,16.7,92.2,0.94,high,False,IFCT2017 (matched via ingredient normalization)
48,223.6,10.2,39.6,1.0,4.7,2.6,366.0,0.89,high,False,IFCT2017 (matched via ingredient normalization)
49,386.4,12.8,74.6,1.8,5.3,2.0,296.0,1.0,high,False,IFCT2017 (matched via ingredient normalization)
50,67.7,4.6,5.8,2.5,8.4,2.6,353.5,1.0,high,False,IFCT2017 (matched via ingredient normalization)
52,82.4,4.0,4.9,10.8,8.0,2.1,229.8,1.0,high,False,IFCT2017 (matched via ingredient normalization)
54,73.8,1.0,12.5,0.1,4.5,3.7,49.8,1.0,high,False,IFCT2017 (matched via ingredient normalization)
55,175.9,5.2,35.9,12.9,1.4,0.9,291.4,1.0,high,False,IFCT2017 (matched via ingredient normalization)
56,188.4,16.6,17.0,3.9,36.1,8.8,332.1,1.0,high,False,IFCT2017 (matched via ingredient normalization)
58,252.0,8.2,49.0,17.8,4.4,1.4,1076.9,1.0,high,False,IFCT2017 (matched via ingredient normalization)
59,571.2,25.6,85.8,26.3,11.9,9.0,913.3,1.0,high,False,IFCT2017 (matched via ingredient normalization)
61,125.9,10.9,9.1,12.7,10.5,6.1,309.4,0.94,high,False,IFCT2017 (matched via ingredient normalization)
65,209.3,12.7,17.6,20.5,3.3,6.4,311.8,0.92,high,False,IFCT2017 (matched via ingredient normalization)
66,17.2,3.9,0.0,21.8,0.0,0.0,206.2,0.86,low,True,IFCT2017 (matched via ingredient normalization)
67,194.0,5.4,33.9,5.2,8.1,0.6,303.2,0.92,high,False,IFCT2017 (matched via ingredient normalization)
68,178.9,16.1,18.4,3.9,24.4,5.8,441.2,1.0,high,False,IFCT2017 (matched via ingredient normalization)
69,319.2,21.4,50.2,18.7,4.3,1.4,222.1,1.0,high,False,IFCT2017 (matched via ingredient normalization)
71,204.2,6.9,37.7,38.5,5.2,1.4,309.4,0.93,high,False,IFCT2017 (matched via ingredient normalization)
72,118.4,6.0,20.4,1.5,3.3,0.5,139.9,1.0,high,False,IFCT2017 (matched via ingredient normalization)
75,268.5,14.4,37.4,9.5,8.3,1.2,433.7,0.89,high,False,IFCT2017 (matched via ingredient normalization)
76,353.2,23.8,29.1,9.8,14.6,8.6,670.8,1.0,high,False,IFCT2017 (matched via ingredient normalization)
78,229.8,9.5,23.3,9.4,10.2,1.8,812.4,1.0,high,False,IFCT2017 (matched via ingredient normalization)
80,366.3,8.6,70.7,2.3,13.4,0.4,252.5,1.0,high,False,IFCT2017 (matched via ingredient normalization)
82,1426.9,60.6,79.5,117.4,37.4,16.2,1010.1,0.94,low,True,IFCT2017 (matched via ingredient normalization)
84,438.5,7.9,24.6,45.3,12.6,4.1,307.6,1.0,high,False,IFCT2017 (matched via ingredient normalization)
85,376.7,6.1,25.2,30.5,14.2,21.2,305.0,1.0,high,False,IFCT2017 (matched via ingredient normalization)
86,59.5,6.0,4.2,12.4,5.8,1.6,332.4,0.9,high,False,IFCT2017 (matched via ingredient normalization)
88,161.6,5.0,25.8,1.8,4.4,0.7,133.5,1.0,high,False,IFCT2017 (matched via ingredient normalization)
90,29.2,0.3,6.3,0.1,0.4,6.3,0.7,1.0,high,False,IFCT2017 (matched via ingredient normalization)
92,399.5,8.9,10.0,37.2,17.0,6.5,609.1,1.0,high,False,IFCT2017 (matched via ingredient normalization)
93,360.5,13.2,66.6,1.1,6.6,2.3,593.3,0.92,high,False,IFCT2017 (matched via ingredient normalization)
94,180.0,7.4,24.4,2.8,5.4,3.7,321.1,0.9,high,False,IFCT2017 (matched via ingredient normalization)
96,546.1,31.7,42.5,77.4,35.1,9.7,131.1,0.91,high,False,IFCT2017 (matched via ingredient normalization)
98,194.1,8.1,21.1,9.7,12.4,9.4,329.2,0.88,high,False,IFCT2017 (matched via ingredient normalization)
100,27.0,1.6,2.5,7.8,2.8,0.6,298.9,1.0,high,False,IFCT2017 (matched via ingredient normalization)
101,436.8,18.8,64.6,55.9,23.1,5.2,626.3,0.86,high,False,IFCT2017 (matched via ingredient normalization)
104,35.3,4.7,2.0,0.5,3.3,0.2,304.2,0.91,high,False,IFCT2017 (matched via ingredient normalization)
105,2.0,0.1,0.3,0.0,0.3,0.0,0.2,0.8,low,True,IFCT2017 (matched via ingredient normalization)
107,90.8,9.3,5.8,15.0,4.4,0.6,316.5,1.0,high,False,IFCT2017 (matched via ingredient normalization)
109,224.4,13.9,33.4,6.7,12.1,7.5,403.1,1.0,high,False,IFCT2017 (matched via ingredient normalization)
110,544.0,18.6,71.6,26.9,23.0,36.8,382.5,0.94,high,False,IFCT2017 (matched via ingredient normalization)
111,434.1,33.5,47.9,28.5,23.3,2.3,65.4,1.0,high,False,IFCT2017 (matched via ingredient normalization)
112,173.2,23.9,9.3,6.9,5.3,0.8,1672.1,0.89,high,False,IFCT2017 (matched via ingredient normalization)
113,105.6,5.6,6.6,4.1,12.7,3.5,318.4,1.0,high,False,IFCT2017 (matched via ingredient normalization)
114,484.6,14.5,26.4,33.8,19.6,6.0,321.7,1.0,high,False,IFCT2017 (matched via ingredient normalization)
115,244.8,7.2,44.4,21.2,5.4,1.3,245.8,1.0,high,False,IFCT2017 (matched via ingredient normalization)
116,249.4,16.2,13.0,13.6,4.4,10.5,32.6,1.0,high,False,IFCT2017 (matched via ingredient normalization)
117,357.4,14.0,54.2,18.8,5.7,4.5,324.7,0.92,high,False,IFCT2017 (matched via ingredient normalization)
119,55.2,2.8,6.7,0.7,3.8,1.9,315.7,1.0,high,False,IFCT2017 (matched via ingredient normalization)
120,266.3,15.4,23.6,15.5,21.8,2.5,392.7,0.86,high,False,IFCT2017 (matched via ingredient normalization)
121,982.7,31.5,61.1,61.6,38.9,7.5,466.6,0.94,high,False,IFCT2017 (matched via ingredient normalization)
122,156.4,5.6,4.8,11.6,9.2,2.1,427.6,1.0,high,False,IFCT2017 (matched via ingredient normalization)
123,67.9,3.9,5.7,3.7,7.3,3.3,322.2,1.0,high,False,IFCT2017 (matched via ingredient normalization)
127,80.8,3.9,12.2,3.1,7.3,1.3,309.3,1.0,high,False,IFCT2017 (matched via ingredient normalization)
128,51.0,4.2,4.0,1.9,6.5,0.8,314.3,0.92,high,False,IFCT2017 (matched via ingredient normalization)
129,151.6,5.5,7.1,21.5,13.0,3.6,338.0,1.0,high,False,IFCT2017 (matched via ingredient normalization)
130,49.9,2.4,6.1,4.6,6.5,4.1,9.6,1.0,high,False,IFCT2017 (matched via ingredient normalization)
133,207.2,8.6,37.2,28.5,5.3,1.1,302.8,1.0,high,False,IFCT2017 (matched via ingredient normalization)
134,191.8,12.4,22.0,11.2,17.9,1.2,628.1,1.0,high,False,IFCT2017 (matched via ingredient normalization)
135,196.8,9.1,13.7,10.4,8.9,2.1,314.1,1.0,high,False,IFCT2017 (matched via ingredient normalization)
137,349.3,9.5,64.5,14.9,15.1,1.2,320.5,1.0,high,False,IFCT2017 (matched via ingredient normalization)
138,109.4,3.1,18.9,3.5,7.0,3.1,319.9,1.0,high,False,IFCT2017 (matched via ingredient normalization)
141,407.8,21.4,29.0,37.7,20.7,9.4,363.8,0.95,high,False,IFCT2017 (matched via ingredient normalization)
142,91.8,4.7,6.2,4.9,3.0,5.1,326.1,1.0,high,False,IFCT2017 (matched via ingredient normalization)
143,216.4,8.7,38.3,17.9,5.3,1.4,609.0,0.94,high,False,IFCT2017 (matched via ingredient normalization)
144,94.9,4.9,8.2,24.1,8.5,1.1,798.1,1.0,high,False,IFCT2017 (matched via ingredient normalization)
145,60.7,3.3,5.8,26.1,5.6,2.6,605.4,0.92,high,False,IFCT2017 (matched via ingredient normalization)
146,80.7,5.3,5.2,6.1,11.5,0.9,624.4,1.0,high,False,IFCT2017 (matched via ingredient normalization)
147,91.4,2.6,16.9,18.6,3.1,1.9,413.4,1.0,high,False,IFCT2017 (matched via ingredient normalization)
148,201.0,14.2,26.7,5.3,8.7,1.5,325.3,1.0,high,False,IFCT2017 (matched via ingredient normalization)
149,71.0,5.7,4.9,5.5,6.8,1.9,359.7,0.93,high,False,IFCT2017 (matched via ingredient normalization)
150,197.0,14.6,14.0,6.1,12.8,6.2,81.2,0.83,high,False,IFCT2017 (matched via ingredient normalization)
151,72.8,2.1,13.0,0.6,1.2,0.8,390.4,1.0,high,False,IFCT2017 (matched via ingredient normalization)
152,118.7,4.7,22.0,0.8,3.3,0.3,591.5,0.73,medium,False,IFCT2017 (matched via ingredient normalization)
153,118.9,4.8,6.4,7.9,15.7,2.3,653.3,0.86,high,False,IFCT2017 (matched via ingredient normalization)
154,352.2,8.0,59.1,1.7,11.0,4.0,335.6,1.0,high,False,IFCT2017 (matched via ingredient normalization)
155,128.7,8.6,15.9,1.7,20.9,1.7,318.1,0.86,high,False,IFCT2017 (matched via ingredient normalization)
156,411.6,16.6,67.2,27.8,21.8,2.8,626.9,1.0,high,False,IFCT2017 (matched via ingredient normalization)
157,252.8,18.7,30.6,18.0,10.7,1.3,415.9,1.0,high,False,IFCT2017 (matched via ingredient normalization)
159,486.3,29.6,24.5,26.4,25.2,12.2,419.7,0.93,high,False,IFCT2017 (matched via ingredient normalization)
160,571.3,20.8,83.9,23.3,25.7,2.2,404.6,0.94,high,False,IFCT2017 (matched via ingredient normalization)
161,221.6,13.0,21.7,6.0,13.2,6.7,656.0,1.0,high,False,IFCT2017 (matched via ingredient normalization)
162,324.8,20.5,44.5,34.3,19.2,2.2,336.3,0.93,high,False,IFCT2017 (matched via ingredient normalization)
163,928.8,52.8,117.2,63.7,60.9,4.3,557.2,0.87,high,False,IFCT2017 (matched via ingredient normalization)
164,203.1,7.1,28.5,2.7,12.4,3.2,323.7,0.89,high,False,IFCT2017 (matched via ingredient normalization)
166,1183.6,61.7,127.8,49.6,82.7,9.1,910.0,0.9,high,False,IFCT2017 (matched via ingredient normalization)
168,81.8,5.2,11.1,4.4,7.9,2.1,301.5,0.92,high,False,IFCT2017 (matched via ingredient normalization)
169,202.8,12.6,29.7,2.1,8.8,0.9,306.5,1.0,high,False,IFCT2017 (matched via ingredient normalization)
170,180.0,6.5,26.6,17.1,7.8,2.2,316.9,1.0,high,False,IFCT2017 (matched via ingredient normalization)
174,177.0,24.7,5.9,8.4,9.0,0.6,342.5,1.0,high,False,IFCT2017 (matched via ingredient normalization)
177,210.6,17.1,18.0,71.1,20.0,1.1,1247.3,0.92,high,False,IFCT2017 (matched via ingredient normalization)
179,37.5,1.2,7.4,0.1,0.5,0.3,1.2,1.0,high,False,IFCT2017 (matched via ingredient normalization)
181,145.7,5.5,7.6,9.2,13.3,5.8,306.8,1.0,high,False,IFCT2017 (matched via ingredient normalization)
182,515.9,18.6,70.1,12.1,28.2,2.2,388.1,0.89,high,False,IFCT2017 (matched via ingredient normalization)
183,145.6,6.3,22.2,18.0,6.7,1.5,405.2,1.0,high,False,IFCT2017 (matched via ingredient normalization)
184,271.6,25.8,26.3,10.4,26.5,2.2,353.8,1.0,high,False,IFCT2017 (matched via ingredient normalization)
185,203.6,5.2,7.3,22.8,17.7,2.2,245.8,0.88,high,False,IFCT2017 (matched via ingredient normalization)
186,174.3,7.2,24.2,14.2,11.4,1.4,340.2,1.0,high,False,IFCT2017 (matched via ingredient normalization)
187,65.3,5.3,5.8,0.9,6.9,0.7,313.7,0.78,high,False,IFCT2017 (matched via ingredient normalization)
189,55.1,4.5,4.3,12.5,9.2,0.8,323.4,0.92,high,False,IFCT2017 (matched via ingredient normalization)
190,243.2,5.4,15.0,29.5,9.8,2.9,307.4,1.0,high,False,IFCT2017 (matched via ingredient normalization)
191,897.4,25.3,148.3,15.8,39.3,3.7,735.1,0.93,high,False,IFCT2017 (matched via ingredient normalization)
193,178.5,5.5,31.6,100.9,7.5,9.9,1185.1,1.0,high,False,IFCT2017 (matched via ingredient normalization)
194,139.5,4.3,19.0,3.5,6.1,16.3,594.0,0.88,high,False,IFCT2017 (matched via ingredient normalization)
196,23.5,0.7,3.9,0.1,1.1,2.4,10.0,0.75,high,False,IFCT2017 (matched via ingredient normalization)
197,79.0,4.1,5.3,1.8,8.6,1.8,306.5,1.0,high,False,IFCT2017 (matched via ingredient normalization)
200,94.3,5.7,6.7,15.6,14.0,1.3,323.6,0.91,high,False,IFCT2017 (matched via ingredient normalization)
201,204.3,4.1,5.3,21.0,4.9,4.3,309.7,1.0,high,False,IFCT2017 (matched via ingredient normalization)
202,260.1,9.0,43.1,27.2,10.4,19.1,1013.9,1.0,high,False,IFCT2017 (matched via ingredient normalization)
203,115.9,5.2,14.3,5.1,7.7,1.0,310.1,0.94,high,False,IFCT2017 (matched via ingredient normalization)
204,118.7,9.1,15.6,13.5,6.6,0.6,326.3,1.0,high,False,IFCT2017 (matched via ingredient normalization)
206,175.9,5.2,35.9,16.6,1.4,0.9,117.0,1.0,high,False,IFCT2017 (matched via ingredient normalization)
207,93.1,6.1,10.3,1.9,9.9,0.5,313.3,1.0,high,False,IFCT2017 (matched via ingredient normalization)
208,47.1,1.7,7.0,4.3,2.2,0.6,296.1,0.85,high,False,IFCT2017 (matched via ingredient normalization)
209,241.8,3.9,30.7,21.7,18.4,29.9,301.6,1.0,high,False,IFCT2017 (matched via ingredient normalization)
210,227.0,20.6,21.3,7.6,9.9,1.2,468.9,0.94,high,False,IFCT2017 (matched via ingredient normalization)
211,152.2,10.1,10.3,8.0,18.3,2.8,483.7,1.0,high,False,IFCT2017 (matched via ingredient normalization)
212,5.1,0.2,0.8,0.2,0.1,0.0,14.6,1.0,low,True,IFCT2017 (matched via ingredient normalization)
213,55.9,4.4,4.0,12.6,9.7,0.4,321.9,1.0,high,False,IFCT2017 (matched via ingredient normalization)
214,307.5,11.6,55.7,4.8,7.4,2.1,601.3,0.92,high,False,IFCT2017 (matched via ingredient normalization)
215,47.9,3.7,3.0,0.7,7.0,1.2,313.5,1.0,high,False,IFCT2017 (matched via ingredient normalization)
216,159.5,26.7,1.9,17.1,1.5,0.4,78.1,0.92,high,False,IFCT2017 (matched via ingredient normalization)
219,483.1,17.9,31.9,37.9,36.0,4.0,474.6,0.85,high,False,IFCT2017 (matched via ingredient normalization)
220,740.1,25.3,118.6,6.5,30.0,7.1,378.1,0.95,high,False,IFCT2017 (matched via ingredient normalization)
222,178.5,6.7,16.5,31.7,13.0,1.5,395.3,0.86,high,False,IFCT2017 (matched via ingredient normalization)
223,281.9,10.0,47.2,15.8,9.2,1.0,21.4,1.0,high,False,IFCT2017 (matched via ingredient normalization)
228,47.7,3.8,3.0,0.7,7.0,1.2,315.9,1.0,high,False,IFCT2017 (matched via ingredient normalization)
229,352.4,18.3,57.8,14.0,7.3,1.5,786.9,0.85,high,False,IFCT2017 (matched via ingredient normalization)
231,171.2,13.1,10.7,2.3,33.1,2.5,400.5,1.0,high,False,IFCT2017 (matched via ingredient normalization)
232,324.8,50.7,12.5,4.9,10.8,1.0,758.3,1.0,high,False,IFCT2017 (matched via ingredient normalization)
233,388.0,23.5,48.6,20.4,33.3,2.7,6894.2,1.0,high,False,IFCT2017 (matched via ingredient normalization)
235,213.1,7.8,39.9,101.2,5.1,1.0,1087.9,0.92,high,False,IFCT2017 (matched via ingredient normalization)
236,33.5,0.9,4.4,0.4,1.4,2.3,0.7,0.83,high,False,IFCT2017 (matched via ingredient normalization)
237,357.0,19.1,31.4,18.3,29.1,5.0,999.2,0.88,high,False,IFCT2017 (matched via ingredient normalization)
238,37.1,4.4,1.3,0.7,5.7,0.2,411.3,0.86,high,False,IFCT2017 (matched via ingredient normalization)
239,2446.4,107.0,154.4,167.5,101.3,25.4,386.4,1.0,low,True,IFCT2017 (matched via ingredient normalization)
240,365.7,17.0,55.9,15.9,21.6,1.7,333.2,1.0,high,False,IFCT2017 (matched via ingredient normalization)
241,639.9,25.5,34.9,56.7,27.5,4.3,657.3,0.92,high,False,IFCT2017 (matched via ingredient normalization)
242,203.2,5.2,26.4,7.6,3.5,22.6,610.3,1.0,high,False,IFCT2017 (matched via ingredient normalization)
243,23.0,2.1,1.4,4.3,2.9,0.5,310.6,0.91,high,False,IFCT2017 (matched via ingredient normalization)
244,212.2,6.1,5.6,20.7,17.1,4.4,306.0,1.0,high,False,IFCT2017 (matched via ingredient normalization)
245,85.2,6.7,7.4,16.2,10.1,1.2,346.8,1.0,high,False,IFCT2017 (matched via ingredient normalization)
246,77.3,3.5,12.0,0.7,4.8,0.4,304.3,0.91,high,False,IFCT2017 (matched via ingredient normalization)
247,112.4,3.5,17.7,2.5,12.1,14.8,306.3,1.0,high,False,IFCT2017 (matched via ingredient normalization)
249,110.5,5.2,12.9,23.0,4.4,6.3,326.7,1.0,high,False,IFCT2017 (matched via ingredient normalization)
250,125.3,3.9,21.1,0.8,6.0,1.6,318.7,0.92,high,False,IFCT2017 (matched via ingredient normalization)
257,1118.2,31.3,32.9,95.1,10.4,9.4,431.9,1.0,high,False,IFCT2017 (matched via ingredient normalization)
259,204.3,4.9,40.2,14.8,5.9,0.4,293.3,1.0,high,False,IFCT2017 (matched via ingredient normalization)
260,216.3,17.4,23.7,10.8,12.3,1.0,411.6,1.0,high,False,IFCT2017 (matched via ingredient normalization)
263,839.7,19.2,111.2,32.8,12.1,6.2,301.3,1.0,high,False,IFCT2017 (matched via ingredient normalization)
265,100.7,3.2,15.3,4.5,3.7,0.9,303.1,1.0,high,False,IFCT2017 (matched via ingredient normalization)
266,554.9,18.4,87.6,21.2,15.4,8.7,353.9,0.91,high,False,IFCT2017 (matched via ingredient normalization)
267,2222.4,85.2,110.7,148.2,66.8,27.8,775.3,0.9,low,True,IFCT2017 (matched via ingredient normalization)
269,29.8,2.5,2.3,13.2,4.1,0.2,302.0,0.86,high,False,IFCT2017 (matched via ingredient normalization)
272,72.6,6.1,5.7,13.7,10.7,0.7,324.9,0.93,high,False,IFCT2017 (matched via ingredient normalization)
273,156.0,9.3,18.9,3.4,12.1,6.3,328.1,1.0,high,False,IFCT2017 (matched via ingredient normalization)
275,223.8,13.4,32.5,1.7,27.4,22.2,328.2,1.0,high,False,IFCT2017 (matched via ingredient normalization)
280,133.4,22.7,2.5,5.3,5.6,0.8,342.7,1.0,high,False,IFCT2017 (matched via ingredient normalization)
282,286.7,8.7,18.0,19.9,13.7,3.1,31.7,1.0,high,False,IFCT2017 (matched via ingredient normalization)
284,889.9,58.8,123.2,11.1,37.5,3.0,422.3,0.89,high,False,IFCT2017 (matched via ingredient normalization)
285,456.1,19.5,81.1,1.4,8.3,2.1,253.3,1.0,high,False,IFCT2017 (matched via ingredient normalization)
286,176.4,5.6,27.4,4.9,10.7,10.0,331.1,0.86,high,False,IFCT2017 (matched via ingredient normalization)
288,275.3,20.0,13.2,18.7,2.4,12.0,318.6,0.91,high,False,IFCT2017 (matched via ingredient normalization)
291,230.1,12.2,24.0,7.0,13.2,1.7,625.5,0.94,high,False,IFCT2017 (matched via ingredient normalization)
293,133.4,5.1,24.6,13.0,3.7,0.8,301.3,1.0,high,False,IFCT2017 (matched via ingredient normalization)
295,99.9,4.4,10.1,2.8,9.6,5.3,340.9,1.0,high,False,IFCT2017 (matched via ingredient normalization)
296,426.6,29.3,51.3,28.0,16.7,4.3,600.9,1.0,high,False,IFCT2017 (matched via ingredient normalization)
297,41.5,2.7,2.7,0.5,5.9,1.2,599.2,1.0,high,False,IFCT2017 (matched via ingredient normalization)
298,409.4,15.4,70.2,15.3,5.6,0.5,318.4,0.91,high,False,IFCT2017 (matched via ingredient normalization)
299,110.3,15.1,3.8,14.3,6.6,0.6,494.4,1.0,high,False,IFCT2017 (matched via ingredient normalization)
301,323.3,13.7,47.0,19.3,5.5,5.5,251.3,1.0,high,False,IFCT2017 (matched via ingredient normalization)
304,208.7,15.6,25.0,5.4,14.2,1.5,308.3,1.0,high,False,IFCT2017 (matched via ingredient normalization)
305,655.6,26.5,106.5,14.4,22.2,6.1,648.3,1.0,high,False,IFCT2017 (matched via ingredient normalization)
307,394.2,14.7,53.3,21.0,20.7,7.5,710.9,0.9,high,False,IFCT2017 (matched via ingredient normalization)
308,251.7,9.8,24.0,19.7,24.2,2.0,386.7,0.94,high,False,IFCT2017 (matched via ingredient normalization)
309,146.3,17.1,8.4,13.9,8.8,0.6,280.0,1.0,high,False,IFCT2017 (matched via ingredient normalization)
310,272.2,13.2,35.1,8.2,18.0,1.5,360.8,0.83,high,False,IFCT2017 (matched via ingredient normalization)
311,343.8,23.1,35.0,11.6,15.9,3.7,378.8,0.83,high,False,IFCT2017 (matched via ingredient normalization)
312,697.5,33.6,95.9,19.1,9.9,14.6,632.8,1.0,high,False,IFCT2017 (matched via ingredient normalization)
314,266.8,18.3,38.9,2.7,6.3,1.5,327.0,1.0,high,False,IFCT2017 (matched via ingredient normalization)
315,42.1,3.3,2.8,1.1,6.6,0.4,326.3,1.0,high,False,IFCT2017 (matched via ingredient normalization)
317,216.6,4.4,38.6,3.4,5.8,20.8,295.1,1.0,high,False,IFCT2017 (matched via ingredient normalization)
319,257.1,19.7,32.8,9.1,13.0,1.5,316.2,0.95,high,False,IFCT2017 (matched via ingredient normalization)
320,133.1,13.5,3.0,7.9,7.2,0.9,325.5,1.0,high,False,IFCT2017 (matched via ingredient normalization)
321,295.4,13.5,28.7,11.2,35.6,6.4,361.2,1.0,high,False,IFCT2017 (matched via ingredient normalization)
322,215.3,5.9,38.7,14.0,2.7,1.0,297.2,1.0,high,False,IFCT2017 (matched via ingredient normalization)
323,97.8,3.9,13.3,26.9,4.1,6.1,308.9,1.0,high,False,IFCT2017 (matched via ingredient normalization)
325,27.7,1.0,1.4,1.7,0.1,1.4,8.1,0.75,high,False,IFCT2017 (matched via ingredient normalization)
330,601.6,18.1,73.3,28.7,40.5,6.8,413.0,0.94,high,False,IFCT2017 (matched via ingredient normalization)
334,83.9,5.5,9.2,56.5,5.5,1.0,419.9,1.0,high,False,IFCT2017 (matched via ingredient normalization)
335,139.7,9.8,20.9,6.8,5.5,0.4,244.0,1.0,high,False,IFCT2017 (matched via ingredient normalization)
341,77.7,3.5,11.1,0.8,6.4,6.4,299.8,1.0,high,False,IFCT2017 (matched via ingredient normalization)
342,15.5,0.8,1.7,0.6,1.4,0.6,13.4,1.0,low,True,IFCT2017 (matched via ingredient normalization)
343,69.9,2.7,9.8,54.6,5.5,8.9,299.5,1.0,high,False,IFCT2017 (matched via ingredient normalization)
344,105.5,8.9,10.3,1.0,4.9,0.9,324.3,0.9,high,False,IFCT2017 (matched via ingredient normalization)
345,422.8,13.1,82.0,11.1,6.6,2.1,236.4,1.0,high,False,IFCT2017 (matched via ingredient normalization)
346,31.2,4.3,2.3,15.4,0.4,0.4,397.7,1.0,high,False,IFCT2017 (matched via ingredient normalization)
347,79.1,5.5,5.2,5.0,12.4,2.6,223.1,1.0,high,False,IFCT2017 (matched via ingredient normalization)
348,238.0,13.5,21.4,15.5,25.4,2.0,507.6,1.0,high,False,IFCT2017 (matched via ingredient normalization)
349,48.4,0.4,11.2,0.9,0.5,11.2,3.2,1.0,high,False,IFCT2017 (matched via ingredient normalization)
351,219.1,15.5,24.3,3.9,12.8,1.5,341.7,1.0,high,False,IFCT2017 (matched via ingredient normalization)
353,626.5,24.3,47.0,37.1,30.9,9.0,332.9,1.0,high,False,IFCT2017 (matched via ingredient normalization)
354,544.6,26.9,81.1,10.8,9.7,7.9,653.3,0.92,high,False,IFCT2017 (matched via ingredient normalization)
356,264.3,11.6,19.9,17.6,23.4,12.7,263.7,0.94,high,False,IFCT2017 (matched via ingredient normalization)
357,212.1,15.0,20.6,17.3,22.6,1.7,317.3,1.0,high,False,IFCT2017 (matched via ingredient normalization)
358,545.0,22.9,83.8,13.5,40.4,17.2,682.5,0.93,high,False,IFCT2017 (matched via ingredient normalization)
359,112.3,6.5,8.8,1.8,12.7,1.8,346.8,0.93,high,False,IFCT2017 (matched via ingredient normalization)
360,104.3,18.9,1.0,14.1,2.7,0.2,437.8,0.91,high,False,IFCT2017 (matched via ingredient normalization)
361,568.0,31.7,21.8,36.4,15.8,18.5,454.5,0.93,high,False,IFCT2017 (matched via ingredient normalization)
362,90.2,5.3,8.1,1.3,6.7,0.5,351.2,1.0,high,False,IFCT2017 (matched via ingredient normalization)
365,32.0,2.4,1.6,8.5,4.4,0.3,318.7,1.0,high,False,IFCT2017 (matched via ingredient normalization)
367,530.9,7.1,48.5,33.3,19.6,10.1,19711.7,1.0,high,False,IFCT2017 (matched via ingredient normalization)
368,29.5,2.2,1.6,0.5,3.4,0.3,6.7,1.0,high,False,IFCT2017 (matched via ingredient normalization)
370,196.6,20.6,13.8,3.0,10.5,5.2,643.3,1.0,high,False,IFCT2017 (matched via ingredient normalization)
372,80.4,2.6,15.4,0.3,1.4,0.5,81.5,0.86,high,False,IFCT2017 (matched via ingredient normalization)
375,416.4,19.2,46.0,23.2,9.2,9.6,341.1,1.0,high,False,IFCT2017 (matched via ingredient normalization)
376,422.3,27.8,60.9,7.4,22.3,2.3,841.4,0.95,high,False,IFCT2017 (matched via ingredient normalization)
377,844.1,14.8,106.3,33.4,13.2,4.2,303.1,0.83,high,False,IFCT2017 (matched via ingredient normalization)
378,760.4,46.3,71.6,22.3,52.7,11.8,568.3,0.96,high,False,IFCT2017 (matched via ingredient normalization)
380,36.9,5.9,1.1,8.1,1.8,0.6,604.5,0.89,high,False,IFCT2017 (matched via ingredient normalization)
381,50.2,3.1,4.7,4.0,2.9,3.0,164.2,0.94,high,False,IFCT2017 (matched via ingredient normalization)
382,75.8,8.2,3.8,9.5,5.4,0.6,322.2,1.0,high,False,IFCT2017 (matched via ingredient normalization)
385,102.5,4.9,14.4,13.8,9.3,1.6,320.3,0.88,high,False,IFCT2017 (matched via ingredient normalization)
386,67.0,3.9,5.8,3.0,8.1,1.0,322.3,0.95,high,False,IFCT2017 (matched via ingredient normalization)
387,204.1,23.9,10.4,19.8,12.4,4.7,857.3,1.0,high,False,IFCT2017 (matched via ingredient normalization)
391,82.6,12.3,2.3,18.0,4.5,0.5,336.8,1.0,high,False,IFCT2017 (matched via ingredient normalization)
392,568.8,21.6,25.3,52.6,10.6,4.8,536.0,0.96,high,False,IFCT2017 (matched via ingredient normalization)
393,137.8,6.3,6.9,11.0,10.7,1.4,243.6,1.0,high,False,IFCT2017 (matched via ingredient normalization)
396,303.3,21.0,39.8,7.2,28.7,4.1,297.9,1.0,high,False,IFCT2017 (matched via ingredient normalization)
397,28.4,1.8,4.8,3.5,0.4,3.2,10.0,0.88,high,False,IFCT2017 (matched via ingredient normalization)
401,315.8,10.3,59.7,13.8,4.5,2.9,480.5,0.94,high,False,IFCT2017 (matched via ingredient normalization)
405,90.2,1.3,17.7,2.4,3.8,2.8,314.8,1.0,high,False,IFCT2017 (matched via ingredient normalization)
407,348.2,9.5,40.4,10.2,29.8,16.7,618.2,0.8,high,False,IFCT2017 (matched via ingredient normalization)
410,55.5,3.4,4.7,16.3,7.6,1.5,324.0,0.86,high,False,IFCT2017 (matched via ingredient normalization)
411,54.6,3.7,3.8,3.0,9.0,1.3,311.6,1.0,high,False,IFCT2017 (matched via ingredient normalization)
412,295.4,18.0,12.3,18.1,7.1,9.4,367.8,1.0,high,False,IFCT2017 (matched via ingredient normalization)
413,120.2,4.9,20.8,3.4,6.6,1.8,604.9,1.0,high,False,IFCT2017 (matched via ingredient normalization)
414,196.8,9.0,13.2,10.2,8.8,1.8,307.3,1.0,high,False,IFCT2017 (matched via ingredient normalization)
415,20.5,1.3,2.0,4.0,2.7,0.5,493.0,0.88,high,False,IFCT2017 (matched via ingredient normalization)
416,537.0,24.0,87.9,6.5,18.2,1.6,14.5,1.0,high,False,IFCT2017 (matched via ingredient normalization)
419,105.6,5.5,14.6,13.3,4.5,0.5,304.6,1.0,high,False,IFCT2017 (matched via ingredient normalization)
421,224.6,6.1,6.3,44.1,9.1,4.4,314.3,0.92,high,False,IFCT2017 (matched via ingredient normalization)
422,599.6,19.9,109.7,2.3,10.7,0.9,796.8,1.0,high,False,IFCT2017 (matched via ingredient normalization)
425,260.2,31.0,14.4,8.1,8.7,1.6,370.7,1.0,high,False,IFCT2017 (matched via ingredient normalization)
427,361.8,10.9,72.9,13.6,3.5,2.1,487.1,1.0,high,False,IFCT2017 (matched via ingredient normalization)
429,167.0,5.7,9.3,9.9,0.2,9.1,45.7,0.5,medium,False,IFCT2017 (matched via ingredient normalization)
430,281.1,6.5,8.0,24.2,9.5,2.7,308.7,0.86,high,False,IFCT2017 (matched via ingredient normalization)
431,156.7,7.3,23.6,2.2,8.2,1.7,14.9,1.0,high,False,IFCT2017 (matched via ingredient normalization)
434,263.4,23.0,20.6,42.1,37.6,2.3,405.0,0.93,high,False,IFCT2017 (matched via ingredient normalization)
435,316.7,8.6,28.0,44.8,11.5,3.4,616.7,1.0,high,False,IFCT2017 (matched via ingredient normalization)
438,324.3,9.7,23.0,26.2,19.0,13.5,607.7,0.86,high,False,IFCT2017 (matched via ingredient normalization)
439,1009.6,33.8,65.0,78.2,15.4,8.0,345.9,1.0,high,False,IFCT2017 (matched via ingredient normalization)
440,148.1,29.0,3.7,2.8,2.0,0.1,339.2,1.0,high,False,IFCT2017 (matched via ingredient normalization)
441,30.9,2.6,2.2,13.1,5.0,0.3,302.8,0.92,high,False,IFCT2017 (matched via ingredient normalization)
442,20.0,1.0,1.7,0.4,2.0,1.1,148.8,1.0,high,False,IFCT2017 (matched via ingredient normalization)
443,489.2,17.8,94.9,1.4,7.6,2.1,301.1,0.9,high,False,IFCT2017 (matched via ingredient normalization)
444,542.9,29.7,69.2,11.2,33.0,1.7,825.7,1.0,high,False,IFCT2017 (matched via ingredient normalization)
445,92.3,4.5,11.6,1.0,4.9,1.1,172.3,0.82,high,False,IFCT2017 (matched via ingredient normalization)
446,472.7,14.5,82.4,5.8,18.9,1.6,338.6,1.0,high,False,IFCT2017 (matched via ingredient normalization)
447,274.6,4.1,56.1,26.0,6.0,53.7,19.0,1.0,high,False,IFCT2017 (matched via ingredient normalization)
450,208.1,17.1,15.0,10.5,15.1,1.2,321.0,0.92,high,False,IFCT2017 (matched via ingredient normalization)
452,252.2,11.4,37.0,2.3,22.8,5.8,324.5,0.92,high,False,IFCT2017 (matched via ingredient normalization)
453,321.9,14.3,53.6,12.9,10.4,2.0,145.2,1.0,high,False,IFCT2017 (matched via ingredient normalization)
454,332.7,24.4,42.8,6.4,9.9,1.0,398.7,0.88,high,False,IFCT2017 (matched via ingredient normalization)
456,11.2,1.1,0.0,0.8,0.0,0.0,204.0,1.0,low,True,IFCT2017 (matched via ingredient normalization)
457,297.6,10.1,56.6,14.0,6.0,1.6,321.0,1.0,high,False,IFCT2017 (matched via ingredient normalization)
458,332.8,23.9,15.8,22.6,1.7,14.6,320.4,1.0,high,False,IFCT2017 (matched via ingredient normalization)
459,295.8,13.3,18.5,18.8,22.2,2.5,407.8,1.0,high,False,IFCT2017 (matched via ingredient normalization)
461,228.3,15.1,26.7,9.7,21.5,1.0,417.2,1.0,high,False,IFCT2017 (matched via ingredient normalization)
462,205.6,13.6,9.8,11.7,27.8,2.4,338.3,1.0,high,False,IFCT2017 (matched via ingredient normalization)
465,199.5,13.1,25.1,14.8,13.4,2.1,354.5,1.0,high,False,IFCT2017 (matched via ingredient normalization)
469,210.0,11.3,30.7,14.1,9.9,1.1,324.6,1.0,high,False,IFCT2017 (matched via ingredient normalization)
470,204.3,6.2,31.3,19.8,7.7,5.7,4.3,0.86,high,False,IFCT2017 (matched via ingredient normalization)
472,104.3,4.9,14.2,13.3,6.3,0.6,312.7,0.9,high,False,IFCT2017 (matched via ingredient normalization)
474,496.3,22.5,44.6,32.1,24.6,3.9,85.6,0.91,high,False,IFCT2017 (matched via ingredient normalization)
475,597.7,22.2,38.9,82.3,20.0,5.7,321.8,0.94,high,False,IFCT2017 (matched via ingredient normalization)
476,176.8,3.7,34.2,0.6,1.7,0.2,292.0,1.0,high,False,IFCT2017 (matched via ingredient normalization)
481,767.2,15.8,108.6,28.2,26.0,3.1,403.1,1.0,high,False,IFCT2017 (matched via ingredient normalization)
482,198.4,4.4,5.0,19.3,8.3,2.6,309.6,0.94,high,False,IFCT2017 (matched via ingredient normalization)
484,161.3,7.8,12.3,9.2,22.3,3.5,525.0,0.96,high,False,IFCT2017 (matched via ingredient normalization)
485,46.3,2.7,3.3,16.5,4.7,0.8,346.6,1.0,high,False,IFCT2017 (matched via ingredient normalization)
487,328.6,13.1,33.7,19.5,34.5,3.5,448.8,0.89,high,False,IFCT2017 (matched via ingredient normalization)
492,211.5,4.9,5.6,19.5,9.0,3.5,309.1,1.0,high,False,IFCT2017 (matched via ingredient normalization)
493,295.7,8.8,50.4,15.1,11.7,39.0,322.2,0.94,high,False,IFCT2017 (matched via ingredient normalization)
494,226.9,11.7,33.6,34.5,11.5,1.8,656.1,1.0,high,False,IFCT2017 (matched via ingredient normalization)
495,85.3,5.2,4.3,28.1,11.3,1.3,635.2,1.0,high,False,IFCT2017 (matched via ingredient normalization)
496,817.7,32.1,108.6,40.3,52.3,4.5,791.5,0.89,high,False,IFCT2017 (matched via ingredient normalization)
497,46.6,1.7,6.6,13.1,3.9,4.0,254.5,1.0,high,False,IFCT2017 (matched via ingredient normalization)
499,288.2,22.9,26.6,7.6,20.7,1.8,350.6,1.0,high,False,IFCT2017 (matched via ingredient normalization)
500,132.7,18.4,1.4,18.2,2.8,0.2,315.6,1.0,high,False,IFCT2017 (matched via ingredient normalization)
502,321.4,23.6,34.8,9.5,47.8,2.0,633.5,1.0,high,False,IFCT2017 (matched via ingredient normalization)
504,1142.5,72.4,111.5,45.9,50.6,12.7,549.0,0.96,high,False,IFCT2017 (matched via ingredient normalization)
506,151.5,7.7,22.4,24.4,5.9,1.7,319.5,1.0,high,False,IFCT2017 (matched via ingredient normalization)
509,548.9,26.7,37.0,30.4,47.7,4.9,463.0,0.96,high,False,IFCT2017 (matched via ingredient normalization)
512,698.2,43.7,30.8,56.6,20.7,4.7,142.3,0.88,high,False,IFCT2017 (matched via ingredient normalization)
515,90.9,5.5,6.2,7.4,8.1,2.2,424.0,1.0,high,False,IFCT2017 (matched via ingredient normalization)
517,275.0,14.8,31.9,10.9,12.5,2.2,464.3,0.89,high,False,IFCT2017 (matched via ingredient normalization)
519,358.2,15.4,47.3,21.5,8.8,6.3,316.4,1.0,high,False,IFCT2017 (matched via ingredient normalization)
521,287.2,10.5,43.0,3.7,17.4,7.5,345.3,0.94,high,False,IFCT2017 (matched via ingredient normalization)
525,34.4,2.2,4.3,5.5,2.0,1.2,392.5,0.92,high,False,IFCT2017 (matched via ingredient normalization)
528,19.2,0.8,1.8,33.5,3.2,0.2,388.7,1.0,low,True,IFCT2017 (matched via ingredient normalization)
529,347.9,36.7,10.1,19.3,33.7,2.7,505.0,1.0,high,False,IFCT2017 (matched via ingredient normalization)
531,501.8,26.1,56.7,18.9,32.7,3.3,394.0,0.96,high,False,IFCT2017 (matched via ingredient normalization)
532,140.1,10.1,20.2,0.8,6.4,0.5,248.3,1.0,high,False,IFCT2017 (matched via ingredient normalization)
538,233.1,8.6,18.4,12.1,7.4,1.8,312.6,0.92,high,False,IFCT2017 (matched via ingredient normalization)
539,197.7,8.7,14.6,11.7,7.2,12.3,1174.5,1.0,high,False,IFCT2017 (matched via ingredient normalization)
540,99.0,3.9,16.0,13.2,3.8,0.9,300.9,0.94,high,False,IFCT2017 (matched via ingredient normalization)
541,877.8,28.9,153.9,29.3,30.8,3.2,635.3,1.0,high,False,IFCT2017 (matched via ingredient normalization)
542,78.6,3.2,13.5,12.8,5.8,1.3,304.8,1.0,high,False,IFCT2017 (matched via ingredient normalization)
544,61.1,2.1,11.1,0.4,2.8,0.3,297.8,0.9,high,False,IFCT2017 (matched via ingredient normalization)
545,33.6,2.7,3.3,4.4,4.1,0.2,300.5,1.0,high,False,IFCT2017 (matched via ingredient normalization)
546,661.4,26.2,93.8,25.3,39.1,5.2,170.6,0.95,high,False,IFCT2017 (matched via ingredient normalization)
547,275.5,9.3,19.2,21.1,21.7,2.7,619.6,1.0,high,False,IFCT2017 (matched via ingredient normalization)
549,75.5,2.5,2.6,6.6,5.2,1.4,299.9,1.0,high,False,IFCT2017 (matched via ingredient normalization)
550,80.8,3.3,12.9,7.9,3.5,0.6,71.0,1.0,high,False,IFCT2017 (matched via ingredient normalization)
551,187.6,8.3,9.3,15.3,2.4,1.0,86.1,1.0,high,False,IFCT2017 (matched via ingredient normalization)
552,173.8,14.9,14.5,10.2,15.4,1.2,620.3,1.0,high,False,IFCT2017 (matched via ingredient normalization)
553,108.9,2.6,5.9,20.1,4.7,4.3,300.9,1.0,high,False,IFCT2017 (matched via ingredient normalization)
554,135.0,8.4,12.9,15.1,4.9,0.7,296.4,0.9,high,False,IFCT2017 (matched via ingredient normalization)
555,155.2,7.7,23.6,13.9,10.0,1.1,608.1,1.0,high,False,IFCT2017 (matched via ingredient normalization)
556,305.8,22.2,18.9,23.7,48.3,9.2,351.5,1.0,high,False,IFCT2017 (matched via ingredient normalization)
557,993.9,41.8,51.5,114.6,24.3,14.9,649.3,0.96,high,False,IFCT2017 (matched via ingredient normalization)
558,239.6,31.3,3.2,14.8,0.8,0.4,628.8,0.95,high,False,IFCT2017 (matched via ingredient normalization)
559,384.0,9.5,70.9,9.4,5.8,0.8,321.0,1.0,high,False,IFCT2017 (matched via ingredient normalization)
564,108.7,6.6,11.4,2.6,10.7,0.8,301.3,1.0,high,False,IFCT2017 (matched via ingredient normalization)
567,64.1,3.6,4.6,14.0,7.7,2.6,323.4,1.0,high,False,IFCT2017 (matched via ingredient normalization)
568,73.1,4.2,5.1,3.5,5.2,3.8,312.0,1.0,high,False,IFCT2017 (matched via ingredient normalization)
570,53.7,2.9,3.2,21.3,5.9,0.7,297.9,1.0,high,False,IFCT2017 (matched via ingredient normalization)
572,214.3,11.4,33.7,2.1,7.4,1.2,345.2,1.0,high,False,IFCT2017 (matched via ingredient normalization)
573,4028.8,156.2,234.2,258.8,145.1,38.8,373.1,0.92,low,True,IFCT2017 (matched via ingredient normalization)
574,226.4,10.9,25.7,8.9,3.3,7.5,338.4,1.0,high,False,IFCT2017 (matched via ingredient normalization)
576,178.9,6.5,28.0,4.7,4.2,3.4,610.9,0.94,high,False,IFCT2017 (matched via ingredient normalization)
577,183.8,5.6,36.8,13.0,2.0,0.9,292.9,1.0,high,False,IFCT2017 (matched via ingredient normalization)
578,127.0,5.8,13.9,4.6,18.8,9.1,629.0,1.0,high,False,IFCT2017 (matched via ingredient normalization)
582,1365.4,67.4,204.4,15.4,31.5,4.2,677.2,0.94,low,True,IFCT2017 (matched via ingredient normalization)
583,323.8,20.9,41.9,2.0,20.5,2.8,311.3,1.0,high,False,IFCT2017 (matched via ingredient normalization)
585,135.5,4.6,19.1,1.3,7.5,0.9,304.3,1.0,high,False,IFCT2017 (matched via ingredient normalization)
587,365.3,8.3,9.4,70.1,6.0,5.4,294.5,1.0,high,False,IFCT2017 (matched via ingredient normalization)
588,500.7,15.3,17.6,44.0,16.1,4.0,614.8,1.0,high,False,IFCT2017 (matched via ingredient normalization)
590,279.0,11.6,43.3,19.3,12.7,3.1,414.8,1.0,high,False,IFCT2017 (matched via ingredient normalization)
591,222.8,7.8,5.7,68.3,11.9,2.6,505.0,1.0,high,False,IFCT2017 (matched via ingredient normalization)
593,221.1,8.5,25.0,16.1,23.2,3.8,335.0,0.83,high,False,IFCT2017 (matched via ingredient normalization)
594,111.3,6.5,15.5,4.6,12.8,10.0,308.6,1.0,high,False,IFCT2017 (matched via ingredient normalization)
595,123.9,5.7,13.8,14.2,6.8,3.1,330.2,1.0,high,False,IFCT2017 (matched via ingredient normalization)
596,247.9,11.1,7.8,18.0,10.7,5.6,334.5,1.0,high,False,IFCT2017 (matched via ingredient normalization)
597,134.0,4.4,8.3,7.3,3.9,5.0,11.5,0.88,high,False,IFCT2017 (matched via ingredient normalization)
599,817.2,37.1,66.8,38.1,39.6,6.4,322.1,1.0,high,False,IFCT2017 (matched via ingredient normalization)
600,929.4,38.9,54.3,64.7,51.2,7.0,373.6,0.88,high,False,IFCT2017 (matched via ingredient normalization)
602,277.3,8.9,52.3,3.7,8.3,2.8,300.6,1.0,high,False,IFCT2017 (matched via ingredient normalization)
603,105.8,12.2,10.6,4.7,2.2,0.4,35.7,1.0,high,False,IFCT2017 (matched via ingredient normalization)
606,68.3,1.8,3.1,25.0,4.8,2.4,303.1,0.93,high,False,IFCT2017 (matched via ingredient normalization)
607,82.4,6.5,5.3,1.6,12.9,1.3,329.4,0.91,high,False,IFCT2017 (matched via ingredient normalization)
608,88.8,6.3,6.0,20.7,13.9,1.5,342.4,0.88,high,False,IFCT2017 (matched via ingredient normalization)
610,24.6,1.6,3.0,12.7,1.2,0.2,295.8,0.88,high,False,IFCT2017 (matched via ingredient normalization)
612,173.1,11.3,10.6,5.4,19.2,2.6,2793.5,0.88,high,False,IFCT2017 (matched via ingredient normalization)
615,235.9,26.6,16.2,11.3,6.5,1.8,624.4,1.0,high,False,IFCT2017 (matched via ingredient normalization)
616,131.6,4.6,19.2,13.6,8.6,2.0,63.7,0.78,high,False,IFCT2017 (matched via ingredient normalization)
620,213.3,6.1,40.4,15.1,4.8,0.8,244.4,1.0,high,False,IFCT2017 (matched via ingredient normalization)
621,690.9,26.8,23.7,60.1,63.8,14.2,462.6,1.0,high,False,IFCT2017 (matched via ingredient normalization)
622,571.2,29.3,53.4,28.2,66.7,5.4,500.9,0.91,high,False,IFCT2017 (matched via ingredient normalization)
623,367.2,26.7,26.3,27.8,7.9,12.0,471.1,0.94,high,False,IFCT2017 (matched via ingredient normalization)
625,207.8,31.5,7.9,11.7,12.3,3.9,381.5,0.93,high,False,IFCT2017 (matched via ingredient normalization)
626,49.0,3.8,3.6,18.8,6.8,0.7,15.1,1.0,high,False,IFCT2017 (matched via ingredient normalization)
631,232.2,14.9,19.1,14.2,21.1,2.7,698.9,0.84,high,False,IFCT2017 (matched via ingredient normalization)
633,148.8,7.6,15.4,18.6,14.2,1.6,432.1,0.93,high,False,IFCT2017 (matched via ingredient normalization)
634,146.2,6.4,10.1,6.7,4.2,7.5,440.8,1.0,high,False,IFCT2017 (matched via ingredient normalization)
636,5.1,0.5,0.2,0.1,0.7,0.1,2.7,1.0,low,True,IFCT2017 (matched via ingredient normalization)
637,164.4,11.1,9.9,7.3,13.9,1.2,365.6,1.0,high,False,IFCT2017 (matched via ingredient normalization)
638,132.5,7.5,13.7,9.1,17.9,2.5,635.9,1.0,high,False,IFCT2017 (matched via ingredient normalization)
639,242.9,8.4,14.0,90.0,13.5,1.2,537.3,1.0,high,False,IFCT2017 (matched via ingredient normalization)
641,117.3,3.5,23.9,1.9,0.9,0.6,388.1,1.0,high,False,IFCT2017 (matched via ingredient normalization)
642,415.5,21.2,63.7,7.1,10.5,1.0,403.6,0.89,high,False,IFCT2017 (matched via ingredient normalization)
643,62.0,7.8,2.7,7.4,5.6,0.9,331.2,0.88,high,False,IFCT2017 (matched via ingredient normalization)
644,156.2,3.9,4.6,12.9,4.7,2.9,590.2,0.81,high,False,IFCT2017 (matched via ingredient normalization)
645,447.0,32.7,35.5,18.1,11.6,12.0,333.0,1.0,high,False,IFCT2017 (matched via ingredient normalization)
646,859.6,22.5,145.4,17.3,9.5,5.3,297.9,0.8,high,False,IFCT2017 (matched via ingredient normalization)
647,288.4,12.8,52.0,63.9,5.6,1.0,310.7,0.86,high,False,IFCT2017 (matched via ingredient normalization)
651,217.1,13.0,18.7,9.2,20.8,1.8,378.3,0.94,high,False,IFCT2017 (matched via ingredient normalization)
653,123.6,4.0,5.3,9.9,5.5,2.9,481.8,1.0,high,False,IFCT2017 (matched via ingredient normalization)
654,844.2,27.6,45.3,66.7,14.0,17.9,278.7,0.94,high,False,IFCT2017 (matched via ingredient normalization)
655,229.7,15.6,24.6,14.1,7.2,3.3,254.8,1.0,high,False,IFCT2017 (matched via ingredient normalization)
656,290.3,11.0,50.1,19.5,7.1,3.9,855.5,1.0,high,False,IFCT2017 (matched via ingredient normalization)
657,820.9,40.4,83.6,50.6,44.4,11.1,385.6,0.97,high,False,IFCT2017 (matched via ingredient normalization)
658,71.4,5.3,5.3,4.8,10.7,1.2,313.8,1.0,high,False,IFCT2017 (matched via ingredient normalization)
659,281.5,8.9,53.9,20.2,5.2,1.9,371.7,0.95,high,False,IFCT2017 (matched via ingredient normalization)
662,53.4,2.6,6.1,2.1,5.4,4.1,313.7,0.93,high,False,IFCT2017 (matched via ingredient normalization)
663,132.6,3.3,6.7,20.6,7.4,3.4,317.4,0.92,high,False,IFCT2017 (matched via ingredient normalization)
664,227.7,15.0,24.4,10.6,14.0,1.7,322.2,1.0,high,False,IFCT2017 (matched via ingredient normalization)
666,168.9,4.9,9.3,23.9,10.4,4.9,304.6,1.0,high,False,IFCT2017 (matched via ingredient normalization)
667,219.6,37.6,5.7,11.1,10.3,0.6,383.8,1.0,high,False,IFCT2017 (matched via ingredient normalization)
669,96.5,3.2,15.8,2.8,5.9,9.9,412.3,0.93,high,False,IFCT2017 (matched via ingredient normalization)
671,253.3,14.3,15.0,15.2,12.0,3.4,448.4,0.92,high,False,IFCT2017 (matched via ingredient normalization)
672,360.5,18.9,58.4,6.4,9.5,1.6,597.4,1.0,high,False,IFCT2017 (matched via ingredient normalization)
673,208.2,14.3,28.3,5.3,9.4,1.6,29.0,1.0,high,False,IFCT2017 (matched via ingredient normalization)
674,475.2,25.8,68.3,18.1,12.6,4.8,660.7,0.91,high,False,IFCT2017 (matched via ingredient normalization)
676,383.0,12.5,74.2,17.6,7.7,2.1,309.5,0.92,high,False,IFCT2017 (matched via ingredient normalization)
677,238.3,15.6,9.7,16.0,34.9,2.6,344.3,1.0,high,False,IFCT2017 (matched via ingredient normalization)
681,174.8,7.7,8.1,19.3,20.2,1.9,1094.2,1.0,high,False,IFCT2017 (matched via ingredient normalization)
683,187.9,18.7,14.0,17.5,20.3,10.6,461.4,1.0,high,False,IFCT2017 (matched via ingredient normalization)
685,269.3,18.0,39.0,27.9,4.7,2.0,620.9,0.94,high,False,IFCT2017 (matched via ingredient normalization)
687,356.6,19.4,20.9,30.3,21.6,8.9,680.7,1.0,high,False,IFCT2017 (matched via ingredient normalization)
688,107.2,11.2,3.9,8.5,3.8,0.7,23.2,1.0,high,False,IFCT2017 (matched via ingredient normalization)
691,40.9,4.7,2.2,1.0,3.5,1.8,8.8,1.0,high,False,IFCT2017 (matched via ingredient normalization)
692,46.4,3.1,3.2,38.5,7.1,0.8,314.8,0.93,high,False,IFCT2017 (matched via ingredient normalization)
698,260.2,15.7,8.2,16.2,24.0,1.8,1202.5,1.0,high,False,IFCT2017 (matched via ingredient normalization)
702,545.6,14.1,100.8,36.5,20.4,1.0,308.6,1.0,high,False,IFCT2017 (matched via ingredient normalization)
703,279.9,10.5,20.5,45.0,30.8,8.7,905.2,0.9,high,False,IFCT2017 (matched via ingredient normalization)
704,338.4,23.7,31.0,20.6,31.5,2.0,518.3,1.0,high,False,IFCT2017 (matched via ingredient normalization)
705,297.4,23.0,39.6,27.1,21.5,1.2,622.8,0.88,high,False,IFCT2017 (matched via ingredient normalization)
708,612.5,30.0,62.1,34.0,42.6,4.5,572.3,0.93,high,False,IFCT2017 (matched via ingredient normalization)
710,84.1,6.0,5.1,7.2,8.8,2.3,447.3,1.0,high,False,IFCT2017 (matched via ingredient normalization)
712,211.9,11.4,24.9,2.5,11.7,6.1,625.5,1.0,high,False,IFCT2017 (matched via ingredient normalization)
714,309.8,12.7,48.9,11.8,12.4,8.1,332.6,0.95,high,False,IFCT2017 (matched via ingredient normalization)
715,148.6,3.2,28.8,13.1,3.0,0.1,292.2,1.0,high,False,IFCT2017 (matched via ingredient normalization)
716,356.0,9.8,63.6,26.1,7.9,1.7,599.1,0.88,high,False,IFCT2017 (matched via ingredient normalization)
717,129.7,23.1,2.9,27.4,2.6,0.1,642.8,0.91,high,False,IFCT2017 (matched via ingredient normalization)
722,149.0,17.2,5.8,4.7,9.6,0.9,369.5,1.0,high,False,IFCT2017 (matched via ingredient normalization)
724,321.9,25.5,32.2,7.2,20.5,2.6,467.4,0.91,high,False,IFCT2017 (matched via ingredient normalization)
725,267.6,14.3,30.0,20.8,8.2,6.4,597.1,1.0,high,False,IFCT2017 (matched via ingredient normalization)
726,25.1,1.8,1.8,2.0,3.9,0.2,296.6,1.0,high,False,IFCT2017 (matched via ingredient normalization)
727,466.6,38.2,2.7,47.4,1.9,0.9,528.3,0.91,high,False,IFCT2017 (matched via ingredient normalization)
733,562.8,44.3,73.3,14.3,26.0,4.6,574.5,0.96,high,False,IFCT2017 (matched via ingredient normalization)
734,88.9,2.8,15.6,4.6,3.3,10.0,299.0,1.0,high,False,IFCT2017 (matched via ingredient normalization)
735,474.1,9.3,29.8,37.7,14.2,10.2,509.6,1.0,high,False,IFCT2017 (matched via ingredient normalization)
737,366.4,17.9,53.3,15.6,13.6,2.8,429.8,1.0,high,False,IFCT2017 (matched via ingredient normalization)
739,574.6,19.2,75.5,17.2,12.8,24.5,309.1,1.0,high,False,IFCT2017 (matched via ingredient normalization)
741,19.2,0.8,0.6,31.2,3.2,0.2,80.0,1.0,low,True,IFCT2017 (matched via ingredient normalization)
743,770.1,26.1,79.4,63.0,29.2,6.2,629.5,0.95,high,False,IFCT2017 (matched via ingredient normalization)
744,377.9,21.3,27.8,26.0,44.1,7.4,765.8,0.91,high,False,IFCT2017 (matched via ingredient normalization)
745,406.9,58.3,14.2,21.6,23.8,2.5,774.0,1.0,high,False,IFCT2017 (matched via ingredient normalization)
747,64.4,2.5,7.5,11.5,1.7,6.2,302.9,1.0,high,False,IFCT2017 (matched via ingredient normalization)
748,192.5,13.1,21.9,7.1,18.0,1.3,327.4,1.0,high,False,IFCT2017 (matched via ingredient normalization)
752,249.5,8.0,27.8,71.7,17.1,22.8,321.0,1.0,high,False,IFCT2017 (matched via ingredient normalization)
753,168.4,12.5,13.9,29.0,18.7,4.6,639.0,1.0,high,False,IFCT2017 (matched via ingredient normalization)
754,30.4,3.1,1.7,8.1,4.3,0.5,220.4,0.88,high,False,IFCT2017 (matched via ingredient normalization)
755,294.4,10.8,42.2,27.3,13.7,3.3,1031.0,0.93,high,False,IFCT2017 (matched via ingredient normalization)
764,420.2,13.4,42.6,14.8,49.5,30.7,443.5,0.95,high,False,IFCT2017 (matched via ingredient normalization)
776,113.6,3.3,18.7,13.1,6.7,3.3,330.5,1.0,high,False,IFCT2017 (matched via ingredient normalization)
777,533.1,22.7,56.0,31.0,26.9,23.0,311.6,1.0,high,False,IFCT2017 (matched via ingredient normalization)
779,195.4,7.1,31.3,13.6,7.2,1.6,304.2,1.0,high,False,IFCT2017 (matched via ingredient normalization)
780,141.1,7.6,15.3,14.9,9.4,1.2,191.5,1.0,high,False,IFCT2017 (matched via ingredient normalization)
782,524.5,7.0,77.9,29.2,7.2,40.5,422.7,1.0,high,False,IFCT2017 (matched via ingredient normalization)
783,207.9,4.6,20.6,12.6,7.0,2.8,310.4,1.0,high,False,IFCT2017 (matched via ingredient normalization)
784,521.6,16.9,23.4,41.3,13.0,3.9,314.4,0.89,high,False,IFCT2017 (matched via ingredient normalization)
785,497.3,17.2,61.9,11.7,26.2,2.7,303.8,0.92,high,False,IFCT2017 (matched via ingredient normalization)
789,342.4,28.4,14.8,64.5,36.7,4.6,1354.7,0.93,high,False,IFCT2017 (matched via ingredient normalization)
793,259.3,12.0,42.7,13.9,9.0,1.1,301.2,1.0,high,False,IFCT2017 (matched via ingredient normalization)
795,372.8,16.8,26.3,23.4,38.6,6.9,348.1,0.91,high,False,IFCT2017 (matched via ingredient normalization)
798,56.2,3.9,4.3,16.1,7.7,1.9,40.1,0.92,high,False,IFCT2017 (matched via ingredient normalization)
799,353.7,7.4,68.4,1.1,3.5,0.3,293.3,1.0,high,False,IFCT2017 (matched via ingredient normalization)
806,95.0,7.4,8.6,2.5,12.1,5.1,352.5,0.87,high,False,IFCT2017 (matched via ingredient normalization)
807,118.1,2.9,18.8,4.6,3.8,0.6,591.1,1.0,high,False,IFCT2017 (matched via ingredient normalization)
811,749.0,22.2,135.6,15.2,31.4,1.7,417.0,1.0,high,False,IFCT2017 (matched via ingredient normalization)
812,68.3,2.8,6.2,3.2,4.6,0.5,14.2,0.91,high,False,IFCT2017 (matched via ingredient normalization)
814,63.6,8.0,2.5,2.3,5.1,0.8,324.9,1.0,high,False,IFCT2017 (matched via ingredient normalization)
816,78.1,3.1,7.6,15.3,5.6,5.0,312.5,0.92,high,False,IFCT2017 (matched via ingredient normalization)
821,197.5,8.1,31.6,6.6,8.4,1.7,789.3,1.0,high,False,IFCT2017 (matched via ingredient normalization)
822,119.2,7.9,13.9,13.8,6.9,2.0,302.6,1.0,high,False,IFCT2017 (matched via ingredient normalization)
824,216.6,8.0,36.6,51.8,4.8,0.9,295.2,0.86,high,False,IFCT2017 (matched via ingredient normalization)
829,49.3,2.7,3.6,4.1,9.2,0.5,322.5,0.89,high,False,IFCT2017 (matched via ingredient normalization)
832,261.9,8.9,23.4,24.6,12.7,3.9,312.6,1.0,high,False,IFCT2017 (matched via ingredient normalization)
835,361.0,15.8,38.8,13.3,28.5,2.1,275.6,0.9,high,False,IFCT2017 (matched via ingredient normalization)
836,51.5,2.5,2.9,3.6,5.2,1.5,247.9,1.0,high,False,IFCT2017 (matched via ingredient normalization)
837,40.0,2.4,2.4,2.4,5.4,1.1,307.6,1.0,high,False,IFCT2017 (matched via ingredient normalization)
840,56.0,3.1,3.5,4.0,5.7,1.3,15.2,0.91,high,False,IFCT2017 (matched via ingredient normalization)
842,41.2,2.0,3.6,13.6,3.4,1.9,587.8,0.82,high,False,IFCT2017 (matched via ingredient normalization)
846,422.5,12.8,77.5,7.5,16.9,6.5,410.1,1.0,high,False,IFCT2017 (matched via ingredient normalization)
848,254.8,16.0,16.1,20.0,5.4,9.8,326.4,0.8,high,False,IFCT2017 (matched via ingredient normalization)
854,763.4,37.9,106.3,48.7,28.7,5.8,387.5,0.96,high,False,IFCT2017 (matched via ingredient normalization)
856,96.8,4.7,11.9,14.1,8.9,2.0,335.0,0.83,high,False,IFCT2017 (matched via ingredient normalization)
857,192.4,5.4,9.8,24.2,21.6,4.4,417.7,1.0,high,False,IFCT2017 (matched via ingredient normalization)
858,383.2,10.2,21.4,26.6,16.7,13.2,602.8,1.0,high,False,IFCT2017 (matched via ingredient normalization)
859,202.5,7.5,37.5,1.2,5.2,1.2,497.1,1.0,high,False,IFCT2017 (matched via ingredient normalization)
863,37.3,1.1,4.9,13.0,4.6,3.3,343.7,1.0,high,False,IFCT2017 (matched via ingredient normalization)
864,604.9,34.4,63.7,30.3,44.6,8.1,671.5,0.96,high,False,IFCT2017 (matched via ingredient normalization)
867,376.8,67.2,8.7,11.3,10.7,1.5,923.6,0.94,high,False,IFCT2017 (matched via ingredient normalization)
874,82.6,3.3,13.0,5.1,3.5,1.6,298.3,1.0,high,False,IFCT2017 (matched via ingredient normalization)
877,152.7,8.8,19.5,14.1,8.3,1.9,300.7,1.0,high,False,IFCT2017 (matched via ingredient normalization)
878,254.7,8.6,44.0,2.0,8.5,0.5,299.8,1.0,high,False,IFCT2017 (matched via ingredient normalization)
880,150.8,25.1,3.1,5.0,10.2,0.7,671.2,1.0,high,False,IFCT2017 (matched via ingredient normalization)
881,1295.3,45.4,196.3,54.7,55.1,5.5,810.8,0.89,low,True,IFCT2017 (matched via ingredient normalization)
882,313.6,9.4,29.7,16.4,40.5,11.6,425.2,0.9,high,False,IFCT2017 (matched via ingredient normalization)
883,160.3,5.9,24.7,1.3,8.1,2.9,610.9,1.0,high,False,IFCT2017 (matched via ingredient normalization)
884,535.7,23.5,65.0,20.0,37.9,3.0,425.1,0.86,high,False,IFCT2017 (matched via ingredient normalization)
887,127.0,7.7,7.9,10.2,18.4,3.6,297.3,1.0,high,False,IFCT2017 (matched via ingredient normalization)
888,220.5,6.8,35.5,7.6,8.2,2.8,308.7,1.0,high,False,IFCT2017 (matched via ingredient normalization)
890,86.9,4.7,9.1,5.2,11.2,6.4,326.1,1.0,high,False,IFCT2017 (matched via ingredient normalization)
893,780.8,29.6,80.8,36.9,62.5,4.2,257.0,0.79,high,False,IFCT2017 (matched via ingredient normalization)
894,79.8,3.3,10.8,4.9,5.8,3.9,296.6,1.0,high,False,IFCT2017 (matched via ingredient normalization)
895,22.7,1.8,1.2,0.4,3.9,0.3,303.5,1.0,high,False,IFCT2017 (matched via ingredient normalization)
896,34.1,1.4,3.7,3.2,2.6,1.0,205.1,1.0,high,False,IFCT2017 (matched via ingredient normalization)
897,136.7,8.2,18.7,6.5,12.8,7.9,20.0,1.0,high,False,IFCT2017 (matched via ingredient normalization)
899,207.4,6.1,40.9,16.8,2.4,1.1,294.7,1.0,high,False,IFCT2017 (matched via ingredient normalization)
902,168.2,7.5,6.3,18.0,15.5,1.7,625.8,1.0,high,False,IFCT2017 (matched via ingredient normalization)
903,202.5,24.8,6.1,38.3,1.9,5.1,662.8,1.0,high,False,IFCT2017 (matched via ingredient normalization)
904,405.3,28.6,60.2,27.1,11.1,1.8,616.8,1.0,high,False,IFCT2017 (matched via ingredient normalization)
906,87.4,3.7,6.8,6.3,7.2,1.2,7.4,1.0,high,False,IFCT2017 (matched via ingredient normalization)
909,116.8,7.4,8.0,7.0,10.8,1.3,317.6,1.0,high,False,IFCT2017 (matched via ingredient normalization)
911,214.5,14.4,9.0,50.2,5.0,6.4,320.7,0.92,high,False,IFCT2017 (matched via ingredient normalization)
916,244.2,10.3,37.7,3.6,7.6,8.9,313.9,0.94,high,False,IFCT2017 (matched via ingredient normalization)
917,479.7,8.8,95.1,14.5,4.2,21.6,9.4,1.0,high,False,IFCT2017 (matched via ingredient normalization)
919,175.4,9.3,10.6,37.6,16.2,1.8,619.8,1.0,high,False,IFCT2017 (matched via ingredient normalization)
920,455.6,24.6,40.1,14.3,39.5,3.1,347.4,0.91,high,False,IFCT2017 (matched via ingredient normalization)
921,154.1,8.9,8.0,13.3,13.8,1.7,333.3,1.0,high,False,IFCT2017 (matched via ingredient normalization)
922,97.5,7.9,7.7,8.7,13.3,1.7,625.2,0.94,high,False,IFCT2017 (matched via ingredient normalization)
923,329.0,18.2,23.6,18.4,36.3,3.4,444.0,1.0,high,False,IFCT2017 (matched via ingredient normalization)
924,151.7,5.3,5.5,13.7,7.6,3.6,317.5,1.0,high,False,IFCT2017 (matched via ingredient normalization)
926,155.0,22.1,5.0,3.5,8.2,1.9,370.0,1.0,high,False,IFCT2017 (matched via ingredient normalization)
927,188.5,7.7,28.8,11.9,11.3,1.2,413.5,0.93,high,False,IFCT2017 (matched via ingredient normalization)
928,488.7,8.1,39.0,31.1,12.5,38.5,6.8,1.0,high,False,IFCT2017 (matched via ingredient normalization)
929,179.2,12.9,22.0,15.2,3.4,3.3,429.0,1.0,high,False,IFCT2017 (matched via ingredient normalization)
934,178.0,12.2,22.2,14.4,12.0,1.7,560.8,1.0,high,False,IFCT2017 (matched via ingredient normalization)
935,877.6,24.4,156.8,4.9,15.6,3.9,346.4,0.94,high,False,IFCT2017 (matched via ingredient normalization)
938,90.3,4.5,7.3,4.3,4.6,5.9,322.9,1.0,high,False,IFCT2017 (matched via ingredient normalization)
944,444.8,11.3,72.6,3.3,14.7,2.3,323.0,1.0,high,False,IFCT2017 (matched via ingredient normalization)
945,195.3,5.6,29.2,13.8,6.9,1.8,319.7,1.0,high,False,IFCT2017 (matched via ingredient normalization)
948,402.0,12.7,7.0,33.7,21.1,4.2,359.0,1.0,high,False,IFCT2017 (matched via ingredient normalization)
950,149.7,8.6,10.6,10.8,14.9,3.2,292.6,1.0,high,False,IFCT2017 (matched via ingredient normalization)
951,129.5,8.9,9.8,6.7,22.4,2.6,64.6,0.94,high,False,IFCT2017 (matched via ingredient normalization)
952,24.6,1.6,2.4,6.8,2.4,1.6,8.4,0.93,high,False,IFCT2017 (matched via ingredient normalization)
953,204.2,17.7,12.5,32.2,8.6,0.9,340.8,0.93,high,False,IFCT2017 (matched via ingredient normalization)
955,519.4,10.2,18.1,60.2,25.6,13.5,412.4,1.0,high,False,IFCT2017 (matched via ingredient normalization)
957,229.5,22.3,22.8,15.3,11.9,2.7,355.2,1.0,high,False,IFCT2017 (matched via ingredient normalization)
960,252.3,18.7,30.0,3.3,10.1,1.3,420.9,0.91,high,False,IFCT2017 (matched via ingredient normalization)
961,43.4,3.3,3.4,0.7,3.7,1.6,298.9,1.0,high,False,IFCT2017 (matched via ingredient normalization)
962,173.3,13.3,22.0,5.1,11.8,0.5,303.8,1.0,high,False,IFCT2017 (matched via ingredient normalization)
964,288.0,6.8,17.3,45.8,11.3,12.0,620.5,0.94,high,False,IFCT2017 (matched via ingredient normalization)
966,382.3,12.7,61.4,2.5,14.6,3.5,1031.8,0.93,high,False,IFCT2017 (matched via ingredient normalization)
968,198.9,14.4,25.1,3.5,12.6,1.0,40.5,0.85,high,False,IFCT2017 (matched via ingredient normalization)
971,38.4,3.0,3.0,1.7,4.6,0.4,26.0,1.0,high,False,IFCT2017 (matched via ingredient normalization)
974,191.5,26.2,3.6,10.8,11.4,0.3,640.5,1.0,high,False,IFCT2017 (matched via ingredient normalization)
975,117.3,3.5,11.7,4.5,3.8,8.8,218.8,0.9,high,False,IFCT2017 (matched via ingredient normalization)
976,141.5,11.7,12.3,11.4,24.1,5.8,616.0,0.92,high,False,IFCT2017 (matched via ingredient normalization)
978,117.1,4.8,13.0,17.5,10.7,1.7,327.3,1.0,high,False,IFCT2017 (matched via ingredient normalization)
980,1149.4,38.1,42.5,85.0,54.7,10.3,469.6,1.0,high,False,IFCT2017 (matched via ingredient normalization)
981,291.7,11.4,29.3,10.9,14.2,4.3,264.8,0.92,high,False,IFCT2017 (matched via ingredient normalization)
984,81.4,8.3,3.8,14.2,10.3,0.7,335.6,0.94,high,False,IFCT2017 (matched via ingredient normalization)
987,93.1,3.3,7.3,2.9,12.5,4.3,185.7,0.83,high,False,IFCT2017 (matched via ingredient normalization)
989,102.6,3.6,19.1,12.9,2.1,0.6,296.4,1.0,high,False,IFCT2017 (matched via ingredient normalization)
993,266.9,5.1,8.4,24.7,8.7,4.9,222.1,1.0,high,False,IFCT2017 (matched via ingredient normalization)
995,159.8,5.1,24.1,8.7,6.4,0.9,21.5,0.89,high,False,IFCT2017 (matched via ingredient normalization)
1003,18.9,1.0,1.9,11.4,1.4,1.5,199.5,0.91,low,True,IFCT2017 (matched via ingredient normalization)
1004,1196.5,36.9,107.8,63.5,22.2,7.5,349.0,1.0,high,False,IFCT2017 (matched via ingredient normalization)
1005,102.7,5.1,14.3,1.3,6.5,1.0,315.9,1.0,high,False,IFCT2017 (matched via ingredient normalization)
1006,262.1,18.6,7.5,22.4,20.4,2.5,393.5,0.95,high,False,IFCT2017 (matched via ingredient normalization)
1007,1126.0,32.1,68.6,76.2,52.0,9.0,451.4,1.0,high,False,IFCT2017 (matched via ingredient normalization)
1008,57.4,2.5,7.6,8.1,5.2,4.4,301.2,0.92,high,False,IFCT2017 (matched via ingredient normalization)
1010,51.3,2.9,6.6,13.0,4.4,0.9,309.6,0.86,high,False,IFCT2017 (matched via ingredient normalization)
1013,839.7,130.8,33.2,13.5,15.5,7.3,1049.1,1.0,high,False,IFCT2017 (matched via ingredient normalization)
1019,408.5,21.0,63.9,54.3,14.4,4.9,315.9,0.92,high,False,IFCT2017 (matched via ingredient normalization)
1022,424.1,12.7,82.3,14.3,4.9,2.7,591.7,0.92,high,False,IFCT2017 (matched via ingredient normalization)
1023,211.7,14.8,10.8,10.3,9.9,7.0,344.1,1.0,high,False,IFCT2017 (matched via ingredient normalization)
1025,165.2,6.9,10.4,10.6,14.8,1.3,333.3,0.92,high,False,IFCT2017 (matched via ingredient normalization)
1028,265.7,11.2,19.0,13.3,22.0,2.3,404.1,1.0,high,False,IFCT2017 (matched via ingredient normalization)
1031,108.2,3.8,19.2,12.1,2.4,0.8,292.9,1.0,high,False,IFCT2017 (matched via ingredient normalization)
1033,56.4,4.9,3.4,1.3,7.9,0.7,344.0,1.0,high,False,IFCT2017 (matched via ingredient normalization)
1035,240.6,14.0,25.2,7.1,12.2,2.2,335.4,1.0,high,False,IFCT2017 (matched via ingredient normalization)
1038,10.2,0.4,1.6,0.4,0.4,0.0,0.5,1.0,low,True,IFCT2017 (matched via ingredient normalization)
1041,171.8,1.9,37.5,0.6,2.2,34.4,138.8,1.0,high,False,IFCT2017 (matched via ingredient normalization)
1043,139.0,23.8,2.5,2.7,4.2,0.8,343.4,1.0,high,False,IFCT2017 (matched via ingredient normalization)
1047,187.1,5.5,37.9,50.5,1.8,2.9,234.3,0.88,high,False,IFCT2017 (matched via ingredient normalization)
1050,117.6,2.9,22.0,2.6,4.5,0.2,390.0,0.9,high,False,IFCT2017 (matched via ingredient normalization)
1051,296.9,20.7,29.1,40.9,10.9,14.2,827.9,0.85,high,False,IFCT2017 (matched via ingredient normalization)
1054,532.7,21.5,98.3,1.7,9.3,2.4,303.4,1.0,high,False,IFCT2017 (matched via ingredient normalization)
1055,79.2,5.3,5.2,15.4,5.2,2.8,326.7,1.0,high,False,IFCT2017 (matched via ingredient normalization)
1056,88.6,4.5,6.0,4.9,1.5,5.0,324.4,1.0,high,False,IFCT2017 (matched via ingredient normalization)
1060,672.3,22.2,35.4,49.0,9.4,12.3,15.7,1.0,high,False,IFCT2017 (matched via ingredient normalization)
1063,529.9,29.4,39.2,27.2,63.4,3.4,517.2,0.94,high,False,IFCT2017 (matched via ingredient normalization)
1065,256.9,7.2,9.8,31.3,16.0,5.8,359.4,1.0,high,False,IFCT2017 (matched via ingredient normalization)
1067,278.9,16.9,46.6,1.5,2.6,1.7,329.0,1.0,high,False,IFCT2017 (matched via ingredient normalization)
1068,241.3,8.3,39.9,3.1,4.5,3.5,308.0,0.9,high,False,IFCT2017 (matched via ingredient normalization)
1069,37.3,5.4,0.4,26.5,0.3,0.2,8.8,1.0,high,False,IFCT2017 (matched via ingredient normalization)
1073,194.2,9.0,24.6,28.5,9.7,4.1,620.2,1.0,high,False,IFCT2017 (matched via ingredient normalization)
1076,36.6,1.8,2.2,1.1,4.7,0.7,110.9,0.92,high,False,IFCT2017 (matched via ingredient normalization)
1077,301.8,23.6,27.4,5.4,60.0,9.6,684.3,1.0,high,False,IFCT2017 (matched via ingredient normalization)
1078,50.1,3.0,4.2,8.6,7.4,1.0,311.9,1.0,high,False,IFCT2017 (matched via ingredient normalization)
1079,54.0,6.1,3.2,4.5,4.9,0.7,317.5,1.0,high,False,IFCT2017 (matched via ingredient normalization)
1081,487.1,18.7,5.1,55.3,13.7,4.0,428.7,1.0,high,False,IFCT2017 (matched via ingredient normalization)
1084,111.6,5.6,7.2,4.1,17.0,2.0,371.6,0.92,high,False,IFCT2017 (matched via ingredient normalization)
1088,465.4,14.8,68.0,13.1,18.8,7.6,302.5,1.0,high,False,IFCT2017 (matched via ingredient normalization)
1089,263.7,5.4,17.1,20.3,9.1,2.9,314.3,0.87,high,False,IFCT2017 (matched via ingredient normalization)
1090,174.4,16.7,6.0,8.0,31.5,1.4,343.4,1.0,high,False,IFCT2017 (matched via ingredient normalization)
1092,396.0,27.2,45.2,10.8,23.9,2.0,353.8,1.0,high,False,IFCT2017 (matched via ingredient normalization)
1094,202.8,8.5,30.2,1.3,9.7,1.4,336.0,0.92,high,False,IFCT2017 (matched via ingredient normalization)
1095,44.8,3.0,3.6,11.3,8.5,0.5,404.3,0.91,high,False,IFCT2017 (matched via ingredient normalization)
1097,169.1,7.7,10.8,10.3,11.1,1.6,12.2,1.0,high,False,IFCT2017 (matched via ingredient normalization)
1098,87.9,3.5,11.1,8.8,6.1,6.6,504.2,1.0,high,False,IFCT2017 (matched via ingredient normalization)
1101,256.0,6.8,16.5,17.0,10.7,9.1,305.4,1.0,high,False,IFCT2017 (matched via ingredient normalization)
1102,377.0,8.2,33.0,20.6,6.8,30.2,18.3,0.85,high,False,IFCT2017 (matched via ingredient normalization)
1103,313.3,20.3,28.3,11.4,24.1,1.8,396.4,0.88,high,False,IFCT2017 (matched via ingredient normalization)
1104,34.9,6.4,0.7,0.5,0.7,0.5,26.6,1.0,high,False,IFCT2017 (matched via ingredient normalization)
1106,122.4,4.9,20.7,13.4,4.8,0.7,332.8,1.0,high,False,IFCT2017 (matched via ingredient normalization)
1108,163.9,6.1,25.1,3.0,14.3,1.2,253.8,1.0,high,False,IFCT2017 (matched via ingredient normalization)
1109,78.7,5.0,9.3,13.7,10.3,4.1,321.2,1.0,high,False,IFCT2017 (matched via ingredient normalization)
1110,230.7,8.1,23.1,32.7,25.5,2.6,321.9,0.92,high,False,IFCT2017 (matched via ingredient normalization)
1112,15.3,0.6,1.5,0.1,2.3,1.3,293.7,1.0,low,True,IFCT2017 (matched via ingredient normalization)
1115,117.7,5.3,16.3,6.2,6.6,1.0,298.7,1.0,high,False,IFCT2017 (matched via ingredient normalization)
1118,45.3,2.1,2.6,15.2,2.6,0.9,297.7,1.0,high,False,IFCT2017 (matched via ingredient normalization)
1119,553.5,22.8,35.9,48.5,48.7,6.8,589.2,0.96,high,False,IFCT2017 (matched via ingredient normalization)
1121,136.2,20.3,9.6,2.4,2.2,1.4,646.5,0.89,high,False,IFCT2017 (matched via ingredient normalization)
1123,299.4,11.8,53.7,14.3,7.9,1.6,1090.0,1.0,high,False,IFCT2017 (matched via ingredient normalization)
1125,309.8,12.7,32.8,11.0,27.8,1.9,388.5,0.9,high,False,IFCT2017 (matched via ingredient normalization)
1126,107.9,3.7,16.3,1.3,8.1,1.2,326.7,0.86,high,False,IFCT2017 (matched via ingredient normalization)
1127,355.6,24.7,37.3,45.5,10.7,4.2,92.0,0.85,high,False,IFCT2017 (matched via ingredient normalization)
1128,222.8,12.1,28.1,1.7,12.7,2.7,352.9,0.94,high,False,IFCT2017 (matched via ingredient normalization)
1130,342.6,13.0,57.7,15.6,10.4,1.4,315.8,1.0,high,False,IFCT2017 (matched via ingredient normalization)
1132,89.8,7.1,6.3,26.8,12.1,4.4,608.4,0.78,high,False,IFCT2017 (matched via ingredient normalization)
1133,64.8,8.0,2.6,51.8,2.5,0.1,69.9,1.0,high,False,IFCT2017 (matched via ingredient normalization)
1134,93.9,3.7,15.5,4.2,6.6,0.7,297.1,0.8,high,False,IFCT2017 (matched via ingredient normalization)
1135,207.2,15.9,23.4,3.0,11.0,1.1,521.8,1.0,high,False,IFCT2017 (matched via ingredient normalization)
1139,309.5,39.8,5.6,7.8,9.0,1.3,1116.0,0.88,high,False,IFCT2017 (matched via ingredient normalization)
1142,551.0,20.1,22.0,38.4,30.3,4.9,51.0,1.0,high,False,IFCT2017 (matched via ingredient normalization)
1143,294.0,17.0,30.7,15.2,34.0,20.9,631.3,1.0,high,False,IFCT2017 (matched via ingredient normalization)
1144,110.7,7.0,9.8,10.3,13.4,3.0,610.9,0.94,high,False,IFCT2017 (matched via ingredient normalization)
1146,431.2,22.6,73.5,14.8,8.2,2.1,339.9,0.89,high,False,IFCT2017 (matched via ingredient normalization)
1147,110.4,7.1,12.4,14.2,13.8,0.9,317.4,0.93,high,False,IFCT2017 (matched via ingredient normalization)
1148,200.5,9.2,18.0,9.6,6.7,1.6,18.3,1.0,high,False,IFCT2017 (matched via ingredient normalization)
1149,137.9,11.2,8.7,6.5,27.3,1.7,349.4,1.0,high,False,IFCT2017 (matched via ingredient normalization)
1150,123.6,6.5,14.6,3.2,12.2,1.9,323.6,1.0,high,False,IFCT2017 (matched via ingredient normalization)
1151,107.8,8.8,10.0,6.1,14.1,1.5,321.6,1.0,high,False,IFCT2017 (matched via ingredient normalization)
1153,85.1,4.4,11.6,3.9,4.6,0.6,112.4,1.0,high,False,IFCT2017 (matched via ingredient normalization)
1154,70.3,4.9,6.5,4.5,8.0,1.2,306.0,1.0,high,False,IFCT2017 (matched via ingredient normalization)
1157,378.4,24.5,50.8,7.1,28.3,28.5,665.8,0.95,high,False,IFCT2017 (matched via ingredient normalization)
1158,107.7,5.9,12.3,7.3,12.6,8.9,605.6,1.0,high,False,IFCT2017 (matched via ingredient normalization)
1159,200.0,6.8,37.8,0.8,4.9,1.2,300.7,1.0,high,False,IFCT2017 (matched via ingredient normalization)
1160,47.2,1.6,9.2,12.6,1.0,0.3,292.8,0.8,high,False,IFCT2017 (matched via ingredient normalization)
1162,164.0,13.2,7.2,9.7,4.7,3.2,395.1,1.0,high,False,IFCT2017 (matched via ingredient normalization)
1167,251.0,18.4,16.2,22.7,7.7,8.4,322.1,0.94,high,False,IFCT2017 (matched via ingredient normalization)
1170,972.6,59.2,79.2,75.6,62.0,13.1,805.9,0.93,high,False,IFCT2017 (matched via ingredient normalization)
1173,284.3,8.8,14.8,31.0,22.1,5.1,353.3,1.0,high,False,IFCT2017 (matched via ingredient normalization)
1175,333.9,15.8,54.4,2.4,10.6,2.9,624.5,0.95,high,False,IFCT2017 (matched via ingredient normalization)
1178,282.8,15.6,41.5,1.3,9.7,1.6,315.3,1.0,high,False,IFCT2017 (matched via ingredient normalization)
1181,498.9,27.2,65.5,4.4,55.8,23.5,650.2,1.0,high,False,IFCT2017 (matched via ingredient normalization)
1182,124.9,9.4,12.7,1.7,11.9,1.0,332.7,1.0,high,False,IFCT2017 (matched via ingredient normalization)
1183,149.5,4.9,4.3,13.1,9.7,1.8,303.0,1.0,high,False,IFCT2017 (matched via ingredient normalization)
1184,46.8,3.4,3.8,0.6,7.1,1.9,308.2,1.0,high,False,IFCT2017 (matched via ingredient normalization)
1185,186.7,4.1,6.2,15.1,9.4,4.4,304.6,1.0,high,False,IFCT2017 (matched via ingredient normalization)
1186,36.1,1.8,2.5,9.2,1.8,2.1,7.2,0.75,high,False,IFCT2017 (matched via ingredient normalization)
1187,197.5,21.8,7.4,8.1,2.9,6.0,55.1,0.83,high,False,IFCT2017 (matched via ingredient normalization)
1188,213.4,18.5,14.6,45.7,5.0,6.3,321.0,1.0,high,False,IFCT2017 (matched via ingredient normalization)
1189,467.5,14.3,77.0,16.7,22.1,2.6,686.5,0.88,high,False,IFCT2017 (matched via ingredient normalization)
1190,318.8,20.1,22.0,13.5,15.9,9.4,626.7,0.93,high,False,IFCT2017 (matched via ingredient normalization)
1191,92.1,3.9,8.8,2.9,8.9,2.5,312.4,0.89,high,False,IFCT2017 (matched via ingredient normalization)
1194,811.3,24.4,143.9,29.2,27.8,2.6,644.8,1.0,high,False,IFCT2017 (matched via ingredient normalization)
1195,474.4,18.3,62.4,17.7,19.2,5.6,313.3,1.0,high,False,IFCT2017 (matched via ingredient normalization)
1197,253.5,17.3,12.6,12.5,15.0,7.3,851.7,0.95,high,False,IFCT2017 (matched via ingredient normalization)
1198,313.6,9.8,52.0,7.4,9.5,0.8,236.0,1.0,high,False,IFCT2017 (matched via ingredient normalization)
1201,185.6,10.1,17.4,6.6,9.2,1.8,309.4,1.0,high,False,IFCT2017 (matched via ingredient normalization)
1202,132.5,16.6,4.5,36.4,7.1,0.9,347.4,1.0,high,False,IFCT2017 (matched via ingredient normalization)
1203,104.3,4.7,13.9,1.1,8.6,2.5,324.4,1.0,high,False,IFCT2017 (matched via ingredient normalization)
1204,233.3,17.5,21.2,8.4,6.7,3.3,578.0,1.0,high,False,IFCT2017 (matched via ingredient normalization)
1206,1744.5,87.0,195.5,47.5,119.5,16.4,741.3,0.71,low,True,IFCT2017 (matched via ingredient normalization)
1207,236.7,17.8,8.6,25.4,6.9,1.5,339.5,1.0,high,False,IFCT2017 (matched via ingredient normalization)
1209,517.7,19.0,27.8,38.6,18.4,4.3,600.6,1.0,high,False,IFCT2017 (matched via ingredient normalization)
1211,167.7,3.9,9.1,17.2,7.2,6.8,407.5,1.0,high,False,IFCT2017 (matched via ingredient normalization)
1212,271.3,16.6,10.8,27.2,25.8,2.4,420.0,1.0,high,False,IFCT2017 (matched via ingredient normalization)
1213,128.1,10.6,13.2,8.8,10.7,1.1,325.9,0.93,high,False,IFCT2017 (matched via ingredient normalization)
1214,113.6,4.8,16.4,1.6,9.2,0.5,619.2,0.91,high,False,IFCT2017 (matched via ingredient normalization)
1217,115.3,2.9,20.8,8.2,5.6,4.5,578.9,0.79,high,False,IFCT2017 (matched via ingredient normalization)
1218,163.4,7.2,13.1,8.4,21.7,6.9,388.3,0.95,high,False,IFCT2017 (matched via ingredient normalization)
1224,69.7,3.5,8.6,17.7,5.8,0.6,399.5,1.0,high,False,IFCT2017 (matched via ingredient normalization)
1225,198.2,10.9,31.5,6.3,8.4,0.9,133.6,1.0,high,False,IFCT2017 (matched via ingredient normalization)
1227,238.9,10.3,38.4,21.6,9.7,4.6,339.4,0.88,high,False,IFCT2017 (matched via ingredient normalization)
1229,226.2,8.8,22.1,14.8,11.5,2.4,1122.5,0.96,high,False,IFCT2017 (matched via ingredient normalization)
1230,394.1,42.9,16.7,25.3,7.8,2.8,1248.7,0.95,high,False,IFCT2017 (matched via ingredient normalization)
1231,135.9,7.7,14.5,1.5,13.9,3.4,332.4,1.0,high,False,IFCT2017 (matched via ingredient normalization)
1234,289.8,18.5,38.9,2.5,9.5,2.2,319.7,1.0,high,False,IFCT2017 (matched via ingredient normalization)
1235,312.3,22.2,15.6,15.9,30.3,2.8,449.2,0.95,high,False,IFCT2017 (matched via ingredient normalization)
1237,30.3,1.6,1.9,4.7,2.4,0.9,295.1,1.0,high,False,IFCT2017 (matched via ingredient normalization)
1238,25.0,4.3,0.2,0.7,0.3,0.1,126.9,1.0,high,False,IFCT2017 (matched via ingredient normalization)
1239,246.7,8.9,12.9,18.6,13.7,11.1,40.6,1.0,high,False,IFCT2017 (matched via ingredient normalization)
1240,79.7,7.5,7.1,13.3,5.6,0.6,305.1,1.0,high,False,IFCT2017 (matched via ingredient normalization)
1242,552.7,18.8,49.3,34.0,57.0,20.5,972.1,0.86,high,False,IFCT2017 (matched via ingredient normalization)
1246,268.3,13.0,13.0,26.1,30.3,3.4,435.3,0.94,high,False,IFCT2017 (matched via ingredient normalization)
1247,369.5,21.5,23.3,32.9,16.1,4.5,381.0,0.93,high,False,IFCT2017 (matched via ingredient normalization)
1248,381.5,21.6,34.2,14.1,39.6,2.4,40.3,0.85,high,False,IFCT2017 (matched via ingredient normalization)
1249,206.4,24.2,7.3,11.4,20.7,2.2,462.8,0.94,high,False,IFCT2017 (matched via ingredient normalization)
1250,386.6,26.5,41.2,14.0,22.9,5.4,852.4,0.95,high,False,IFCT2017 (matched via ingredient normalization)
1251,388.0,12.9,74.2,19.0,7.8,2.3,798.8,0.94,high,False,IFCT2017 (matched via ingredient normalization)
1252,185.3,3.7,35.8,6.4,7.7,5.9,341.9,1.0,high,False,IFCT2017 (matched via ingredient normalization)
1253,198.2,11.1,12.9,19.0,26.3,1.6,373.2,0.88,high,False,IFCT2017 (matched via ingredient normalization)
1254,157.6,16.2,13.4,3.3,4.7,1.2,338.7,1.0,high,False,IFCT2017 (matched via ingredient normalization)
1258,102.6,2.4,13.8,3.8,2.5,10.5,303.4,1.0,high,False,IFCT2017 (matched via ingredient normalization)
1261,53.7,4.1,3.9,13.7,10.5,1.6,299.6,1.0,high,False,IFCT2017 (matched via ingredient normalization)
1264,404.7,7.1,17.4,45.2,13.7,11.0,313.9,1.0,high,False,IFCT2017 (matched via ingredient normalization)
1265,184.8,9.4,30.0,6.3,7.1,1.1,120.5,1.0,high,False,IFCT2017 (matched via ingredient normalization)
1268,41.0,1.9,4.4,0.6,5.9,3.5,312.4,1.0,high,False,IFCT2017 (matched via ingredient normalization)
1270,178.1,5.3,36.0,13.0,1.5,0.9,291.6,1.0,high,False,IFCT2017 (matched via ingredient normalization)
1271,107.3,6.8,10.8,15.6,12.7,5.1,359.7,1.0,high,False,IFCT2017 (matched via ingredient normalization)
1272,277.7,26.9,4.5,14.8,9.1,1.5,864.1,1.0,high,False,IFCT2017 (matched via ingredient normalization)
1275,287.1,10.7,13.8,22.7,19.2,2.8,313.3,1.0,high,False,IFCT2017 (matched via ingredient normalization)
1276,650.7,19.3,23.5,53.3,31.8,7.1,341.3,1.0,high,False,IFCT2017 (matched via ingredient normalization)
1279,111.4,5.1,11.8,27.6,8.5,4.1,655.4,1.0,high,False,IFCT2017 (matched via ingredient normalization)
1280,197.9,13.9,23.6,4.0,8.3,1.0,306.8,1.0,high,False,IFCT2017 (matched via ingredient normalization)
1282,107.4,3.8,20.1,0.6,2.1,0.6,308.1,0.9,high,False,IFCT2017 (matched via ingredient normalization)
1283,1204.7,71.6,180.8,8.3,56.6,7.6,680.2,0.9,low,True,IFCT2017 (matched via ingredient normalization)
1285,64.4,4.2,2.4,3.4,6.4,0.6,306.8,1.0,high,False,IFCT2017 (matched via ingredient normalization)
1287,306.0,29.2,3.2,19.2,8.7,1.9,355.2,1.0,high,False,IFCT2017 (matched via ingredient normalization)
1288,72.9,4.7,8.8,1.2,4.0,0.3,190.4,0.93,high,False,IFCT2017 (matched via ingredient normalization)
1292,33.7,1.4,5.3,7.7,2.0,0.1,294.4,1.0,high,False,IFCT2017 (matched via ingredient normalization)
1295,262.1,7.8,51.6,4.6,4.3,1.2,293.1,1.0,high,False,IFCT2017 (matched via ingredient normalization)
1299,90.9,4.9,11.2,8.5,10.7,7.5,319.1,0.93,high,False,IFCT2017 (matched via ingredient normalization)
1300,138.4,4.1,9.2,8.8,7.9,1.6,301.0,0.93,high,False,IFCT2017 (matched via ingredient normalization)
1301,195.0,12.4,26.6,2.4,9.6,2.3,313.0,0.94,high,False,IFCT2017 (matched via ingredient normalization)
1305,571.3,32.7,69.1,77.5,44.2,4.6,1228.3,1.0,high,False,IFCT2017 (matched via ingredient normalization)
1307,321.8,22.2,18.9,34.4,36.7,7.2,416.3,0.94,high,False,IFCT2017 (matched via ingredient normalization)
1311,69.2,5.2,6.0,1.2,12.2,1.8,223.5,1.0,high,False,IFCT2017 (matched via ingredient normalization)
1312,192.3,14.0,23.7,5.2,10.0,1.2,329.3,1.0,high,False,IFCT2017 (matched via ingredient normalization)
1313,1012.0,162.1,36.8,15.5,17.8,10.2,513.1,0.8,high,False,IFCT2017 (matched via ingredient normalization)
1316,364.2,35.2,27.8,9.2,5.5,7.2,669.0,1.0,high,False,IFCT2017 (matched via ingredient normalization)
1319,757.9,35.6,80.3,27.3,77.6,5.5,442.9,0.91,high,False,IFCT2017 (matched via ingredient normalization)
1320,227.6,13.5,25.1,6.4,19.5,2.2,630.1,0.82,high,False,IFCT2017 (matched via ingredient normalization)
1321,383.6,24.8,44.0,22.3,35.9,2.4,1256.1,1.0,high,False,IFCT2017 (matched via ingredient normalization)
1324,275.7,9.5,50.0,1.9,8.7,1.6,236.3,0.86,high,False,IFCT2017 (matched via ingredient normalization)
1327,76.8,2.8,12.9,12.7,2.8,2.5,4.3,1.0,high,False,IFCT2017 (matched via ingredient normalization)
1331,168.7,18.3,16.5,1.4,10.7,14.0,38864.9,1.0,high,False,IFCT2017 (matched via ingredient normalization)
1335,85.9,6.5,6.9,14.0,10.3,1.6,337.9,1.0,high,False,IFCT2017 (matched via ingredient normalization)
1340,27.0,1.2,1.7,9.2,2.9,0.6,209.7,1.0,high,False,IFCT2017 (matched via ingredient normalization)
1342,84.3,9.4,3.2,64.9,8.5,0.9,323.6,1.0,high,False,IFCT2017 (matched via ingredient normalization)
1344,202.9,10.2,15.3,10.5,18.1,8.0,665.7,0.95,high,False,IFCT2017 (matched via ingredient normalization)
1345,141.1,6.3,9.0,5.2,22.0,3.1,423.8,0.93,high,False,IFCT2017 (matched via ingredient normalization)
1346,378.2,10.1,7.8,45.0,16.2,4.1,615.6,1.0,high,False,IFCT2017 (matched via ingredient normalization)
1350,183.4,7.2,21.7,5.0,17.3,0.7,622.0,1.0,high,False,IFCT2017 (matched via ingredient normalization)
1354,216.8,17.1,22.6,16.5,6.0,3.5,354.8,0.94,high,False,IFCT2017 (matched via ingredient normalization)
1358,213.1,9.3,13.6,21.5,31.8,2.2,417.4,0.87,high,False,IFCT2017 (matched via ingredient normalization)
1363,95.2,7.0,6.6,6.0,14.0,2.2,545.7,1.0,high,False,IFCT2017 (matched via ingredient normalization)
1366,312.6,16.5,30.3,26.9,13.8,4.5,611.4,1.0,high,False,IFCT2017 (matched via ingredient normalization)
1367,111.5,13.6,5.5,6.1,8.8,1.4,48.1,0.93,high,False,IFCT2017 (matched via ingredient normalization)
1368,308.1,20.3,8.8,22.8,29.7,2.9,62.4,1.0,high,False,IFCT2017 (matched via ingredient normalization)
1370,179.6,12.0,8.7,10.4,8.3,6.6,334.0,1.0,high,False,IFCT2017 (matched via ingredient normalization)
1371,149.7,10.9,8.6,7.2,25.2,1.8,661.8,1.0,high,False,IFCT2017 (matched via ingredient normalization)
1372,406.1,6.9,17.4,35.4,14.2,11.7,322.7,1.0,high,False,IFCT2017 (matched via ingredient normalization)
1373,174.5,11.0,21.0,14.0,8.8,1.6,331.7,0.93,high,False,IFCT2017 (matched via ingredient normalization)
1374,155.8,9.0,18.8,14.1,20.2,4.1,322.9,0.92,high,False,IFCT2017 (matched via ingredient normalization)
1375,183.2,19.2,12.6,3.9,7.2,2.3,441.0,1.0,high,False,IFCT2017 (matched via ingredient normalization)
1376,49.4,11.0,0.3,12.9,0.1,0.0,322.7,1.0,high,False,IFCT2017 (matched via ingredient normalization)
1377,212.1,13.9,21.0,5.8,13.4,3.3,323.5,1.0,high,False,IFCT2017 (matched via ingredient normalization)
1379,3.6,0.1,0.4,0.1,0.2,0.3,0.3,0.8,low,True,IFCT2017 (matched via ingredient normalization)
1389,92.2,4.0,10.1,7.1,2.7,7.7,307.3,0.92,high,False,IFCT2017 (matched via ingredient normalization)
1394,141.4,4.0,21.7,4.8,5.7,2.7,309.1,0.93,high,False,IFCT2017 (matched via ingredient normalization)
1395,302.6,11.5,52.5,14.2,7.6,2.0,483.9,0.91,high,False,IFCT2017 (matched via ingredient normalization)
1397,206.2,6.2,35.9,3.9,5.3,0.4,301.0,1.0,high,False,IFCT2017 (matched via ingredient normalization)
1399,214.2,7.9,25.7,6.4,19.7,3.7,333.0,0.89,high,False,IFCT2017 (matched via ingredient normalization)
1402,234.8,29.9,3.9,9.3,9.0,1.0,728.6,1.0,high,False,IFCT2017 (matched via ingredient normalization)
1404,145.4,4.5,21.0,3.8,7.7,1.7,312.9,1.0,high,False,IFCT2017 (matched via ingredient normalization)
1406,163.2,12.0,8.5,20.5,4.1,6.3,320.7,0.92,high,False,IFCT2017 (matched via ingredient normalization)
1408,127.8,15.3,6.4,6.1,9.6,1.3,368.1,1.0,high,False,IFCT2017 (matched via ingredient normalization)
1409,379.2,18.3,40.8,15.9,27.5,6.4,397.4,0.94,high,False,IFCT2017 (matched via ingredient normalization)
1410,340.2,21.7,44.0,6.1,23.2,2.8,324.0,0.93,high,False,IFCT2017 (matched via ingredient normalization)
1418,0.2,0.0,0.0,0.2,0.0,0.0,7.8,0.83,low,True,IFCT2017 (matched via ingredient normalization)
1419,167.3,7.0,24.7,13.3,3.0,3.3,249.1,0.92,high,False,IFCT2017 (matched via ingredient normalization)
1425,1287.3,71.5,72.3,88.8,99.0,38.0,1090.7,0.88,low,True,IFCT2017 (matched via ingredient normalization)
1426,1287.8,48.5,65.3,107.5,24.1,16.6,627.3,0.96,low,True,IFCT2017 (matched via ingredient normalization)
1427,397.4,33.7,20.8,27.2,1.0,19.6,752.9,1.0,high,False,IFCT2017 (matched via ingredient normalization)
1428,190.1,9.6,23.9,9.2,13.6,2.5,347.2,1.0,high,False,IFCT2017 (matched via ingredient normalization)
1429,568.8,28.0,96.7,2.6,7.6,2.7,617.6,1.0,high,False,IFCT2017 (matched via ingredient normalization)
1431,757.3,31.4,134.5,16.2,16.0,5.2,826.7,1.0,high,False,IFCT2017 (matched via ingredient normalization)
1432,273.5,45.9,11.4,10.5,10.2,0.8,378.0,1.0,high,False,IFCT2017 (matched via ingredient normalization)
1433,59.4,6.2,3.8,1.0,0.8,1.9,1176.5,1.0,high,False,IFCT2017 (matched via ingredient normalization)
1437,916.0,26.5,149.6,43.2,17.1,7.1,633.0,1.0,high,False,IFCT2017 (matched via ingredient normalization)
1444,721.8,29.4,85.9,24.3,46.7,6.9,461.2,0.94,high,False,IFCT2017 (matched via ingredient normalization)
1445,380.1,11.8,68.7,15.4,11.2,2.5,517.0,0.89,high,False,IFCT2017 (matched via ingredient normalization)
1446,420.1,15.1,37.6,25.1,39.9,8.6,462.6,0.86,high,False,IFCT2017 (matched via ingredient normalization)
1448,145.7,10.4,15.2,7.4,5.8,3.2,613.5,1.0,high,False,IFCT2017 (matched via ingredient normalization)
1453,342.7,15.7,26.3,15.4,34.7,13.3,527.4,0.93,high,False,IFCT2017 (matched via ingredient normalization)
1454,177.1,5.8,27.1,3.2,2.7,3.0,176.0,0.67,medium,False,IFCT2017 (matched via ingredient normalization)
1458,153.8,5.1,7.9,10.6,12.0,5.6,310.7,1.0,high,False,IFCT2017 (matched via ingredient normalization)
1459,235.9,21.5,18.8,12.8,14.5,4.9,965.6,0.93,high,False,IFCT2017 (matched via ingredient normalization)
1463,70.9,3.8,3.0,9.6,8.4,1.3,296.6,1.0,high,False,IFCT2017 (matched via ingredient normalization)
1464,10.9,1.0,0.5,0.2,2.0,0.2,6.3,0.22,low,True,IFCT2017 (matched via ingredient normalization)
1468,164.7,2.4,2.5,15.9,6.3,2.3,296.0,1.0,high,False,IFCT2017 (matched via ingredient normalization)
1470,127.9,7.1,19.6,15.9,6.8,1.0,630.4,1.0,high,False,IFCT2017 (matched via ingredient normalization)
1474,246.0,5.4,46.1,11.3,3.3,0.3,393.5,1.0,high,False,IFCT2017 (matched via ingredient normalization)
1479,481.5,35.8,61.3,6.3,27.1,1.3,312.1,1.0,high,False,IFCT2017 (matched via ingredient normalization)
1484,128.1,5.7,8.4,10.9,14.1,3.8,221.2,0.96,high,False,IFCT2017 (matched via ingredient normalization)
1485,633.2,27.1,88.5,32.9,28.1,2.9,675.3,0.93,high,False,IFCT2017 (matched via ingredient normalization)
1486,473.1,7.1,30.4,44.9,13.9,8.3,308.2,0.91,high,False,IFCT2017 (matched via ingredient normalization)
1487,356.6,17.1,21.3,26.4,48.8,4.6,518.2,0.94,high,False,IFCT2017 (matched via ingredient normalization)
1489,105.4,12.5,5.2,6.1,7.0,1.8,628.9,0.95,high,False,IFCT2017 (matched via ingredient normalization)
1490,737.0,24.1,58.2,47.1,8.1,4.2,303.2,1.0,high,False,IFCT2017 (matched via ingredient normalization)
1491,43.5,3.7,3.4,3.3,5.2,0.4,315.9,1.0,high,False,IFCT2017 (matched via ingredient normalization)
1492,194.2,6.0,37.0,25.0,3.7,1.0,294.6,1.0,high,False,IFCT2017 (matched via ingredient normalization)
1495,99.0,7.5,9.3,6.0,14.5,3.1,333.4,0.92,high,False,IFCT2017 (matched via ingredient normalization)
1496,353.5,17.1,27.5,30.6,36.8,7.2,545.1,0.88,high,False,IFCT2017 (matched via ingredient normalization)
1497,265.6,56.3,2.0,30.5,1.3,0.1,677.9,0.91,high,False,IFCT2017 (matched via ingredient normalization)
1500,287.8,19.6,27.2,20.6,11.8,6.0,332.0,1.0,high,False,IFCT2017 (matched via ingredient normalization)
1504,253.8,15.7,15.7,14.4,27.6,6.9,346.2,1.0,high,False,IFCT2017 (matched via ingredient normalization)
1505,219.4,8.8,20.9,21.1,10.0,1.9,323.1,0.88,high,False,IFCT2017 (matched via ingredient normalization)
1508,528.8,16.6,85.4,8.2,17.6,2.6,297.1,1.0,high,False,IFCT2017 (matched via ingredient normalization)
1511,256.1,7.0,51.5,14.6,4.2,1.0,292.6,1.0,high,False,IFCT2017 (matched via ingredient normalization)
1513,75.4,4.1,7.7,1.7,10.0,4.4,314.7,1.0,high,False,IFCT2017 (matched via ingredient normalization)
1515,612.4,14.7,76.5,25.1,9.3,2.4,300.8,1.0,high,False,IFCT2017 (matched via ingredient normalization)
1516,145.7,21.4,5.9,9.0,9.2,2.7,690.2,1.0,high,False,IFCT2017 (matched via ingredient normalization)
1517,112.1,8.5,12.1,2.4,6.6,0.8,324.3,1.0,high,False,IFCT2017 (matched via ingredient normalization)
1518,568.7,27.2,42.0,39.9,57.5,11.6,1011.3,0.96,high,False,IFCT2017 (matched via ingredient normalization)
1525,393.3,5.4,45.5,17.1,14.7,37.7,10.1,1.0,high,False,IFCT2017 (matched via ingredient normalization)
1526,177.5,10.4,25.6,19.4,5.7,0.6,781.5,1.0,high,False,IFCT2017 (matched via ingredient normalization)
1529,112.5,3.9,7.1,92.9,13.9,2.9,371.6,0.86,high,False,IFCT2017 (matched via ingredient normalization)
1530,177.2,7.2,25.9,15.0,7.3,0.5,301.2,1.0,high,False,IFCT2017 (matched via ingredient normalization)
1531,95.8,4.6,14.1,15.2,7.0,1.1,309.0,1.0,high,False,IFCT2017 (matched via ingredient normalization)
1532,360.2,7.2,7.3,57.6,18.9,5.9,599.0,1.0,high,False,IFCT2017 (matched via ingredient normalization)
1533,61.8,2.5,7.7,4.9,7.7,5.7,611.6,1.0,high,False,IFCT2017 (matched via ingredient normalization)
1535,293.9,20.6,13.1,19.7,16.1,8.8,419.3,0.85,high,False,IFCT2017 (matched via ingredient normalization)
1536,284.2,14.2,23.5,11.7,6.6,7.0,1211.4,0.94,high,False,IFCT2017 (matched via ingredient normalization)
1542,751.5,48.3,49.8,37.9,6.1,48.6,55.9,1.0,high,False,IFCT2017 (matched via ingredient normalization)
1544,264.2,12.9,40.5,21.9,6.1,2.8,310.8,1.0,high,False,IFCT2017 (matched via ingredient normalization)
1545,76.6,4.1,9.9,0.8,8.9,4.5,308.3,0.92,high,False,IFCT2017 (matched via ingredient normalization)
1548,85.9,3.7,13.5,13.5,4.8,1.8,315.1,0.9,high,False,IFCT2017 (matched via ingredient normalization)
1549,344.9,38.1,30.8,9.8,10.6,3.1,393.3,0.91,high,False,IFCT2017 (matched via ingredient normalization)
1551,405.7,12.2,28.4,19.4,41.4,8.6,464.1,0.94,high,False,IFCT2017 (matched via ingredient normalization)
1552,16.2,0.6,0.8,1.0,0.0,0.8,4.5,1.0,low,True,IFCT2017 (matched via ingredient normalization)
1553,212.3,7.9,33.2,14.1,13.8,3.9,347.1,1.0,high,False,IFCT2017 (matched via ingredient normalization)
1554,436.9,23.8,72.7,11.1,5.1,1.9,328.7,1.0,high,False,IFCT2017 (matched via ingredient normalization)
1555,165.9,5.4,5.8,15.3,5.8,3.7,326.6,1.0,high,False,IFCT2017 (matched via ingredient normalization)
1556,118.7,8.2,9.7,10.2,22.4,4.9,337.9,1.0,high,False,IFCT2017 (matched via ingredient normalization)
1557,181.3,12.5,17.6,8.4,4.2,4.4,301.4,0.81,high,False,IFCT2017 (matched via ingredient normalization)
1560,361.2,19.9,25.7,17.7,33.4,4.4,439.1,0.91,high,False,IFCT2017 (matched via ingredient normalization)
1561,170.4,17.2,7.3,5.9,12.7,1.0,387.0,1.0,high,False,IFCT2017 (matched via ingredient normalization)
1564,136.2,5.1,21.9,2.6,2.5,3.7,18.5,0.92,high,False,IFCT2017 (matched via ingredient normalization)
1565,5905.1,76.9,71.8,596.6,152.6,67.7,562.4,1.0,low,True,IFCT2017 (matched via ingredient normalization)
1567,375.4,11.1,71.5,1.4,5.3,1.4,306.5,1.0,high,False,IFCT2017 (matched via ingredient normalization)
1570,2351.5,86.4,111.6,173.7,34.3,13.1,486.2,1.0,low,True,IFCT2017 (matched via ingredient normalization)
1571,229.8,11.5,29.0,5.7,12.4,3.3,355.3,1.0,high,False,IFCT2017 (matched via ingredient normalization)
1574,239.9,10.5,6.7,30.0,23.6,2.6,321.4,1.0,high,False,IFCT2017 (matched via ingredient normalization)
1575,429.4,20.7,23.5,37.1,49.1,3.5,787.8,0.91,high,False,IFCT2017 (matched via ingredient normalization)
1576,141.5,22.6,2.0,6.5,3.8,1.3,336.1,1.0,high,False,IFCT2017 (matched via ingredient normalization)
1578,88.2,3.5,14.6,0.7,4.9,0.4,207.5,0.9,high,False,IFCT2017 (matched via ingredient normalization)
1579,82.2,3.6,6.4,65.5,9.7,3.0,322.8,0.88,high,False,IFCT2017 (matched via ingredient normalization)
1580,365.8,10.6,74.5,13.3,3.2,4.2,486.5,1.0,high,False,IFCT2017 (matched via ingredient normalization)
1581,394.0,19.0,57.0,4.2,19.8,7.6,431.7,0.94,high,False,IFCT2017 (matched via ingredient normalization)
1582,78.9,7.5,4.2,13.9,7.9,0.6,311.2,1.0,high,False,IFCT2017 (matched via ingredient normalization)
1585,499.9,16.9,81.9,18.9,15.7,1.8,311.9,1.0,high,False,IFCT2017 (matched via ingredient normalization)
1586,98.6,4.2,7.7,4.9,2.8,6.2,334.2,1.0,high,False,IFCT2017 (matched via ingredient normalization)
1589,145.1,8.1,20.0,113.1,5.6,0.6,302.6,0.83,high,False,IFCT2017 (matched via ingredient normalization)
1591,810.7,19.4,143.0,17.9,13.3,3.4,325.6,1.0,high,False,IFCT2017 (matched via ingredient normalization)
1594,495.5,20.6,64.8,71.5,23.9,1.9,67.4,0.88,high,False,IFCT2017 (matched via ingredient normalization)
1595,69.5,4.8,4.0,5.2,8.7,1.1,331.6,1.0,high,False,IFCT2017 (matched via ingredient normalization)
1600,165.5,7.3,21.5,1.9,13.2,2.0,310.0,1.0,high,False,IFCT2017 (matched via ingredient normalization)
1601,68.2,1.8,12.1,12.9,3.6,1.9,311.3,0.82,high,False,IFCT2017 (matched via ingredient normalization)
1602,69.0,4.5,5.4,14.4,8.3,0.8,305.1,1.0,high,False,IFCT2017 (matched via ingredient normalization)
1603,259.3,19.7,20.2,22.8,17.2,1.4,701.0,0.85,high,False,IFCT2017 (matched via ingredient normalization)
1604,1294.0,67.0,195.6,29.6,60.8,18.6,990.6,0.95,low,True,IFCT2017 (matched via ingredient normalization)
1608,241.3,8.0,46.5,13.6,3.9,1.4,298.9,1.0,high,False,IFCT2017 (matched via ingredient normalization)
1610,773.4,18.6,143.1,19.0,14.5,2.7,606.5,1.0,high,False,IFCT2017 (matched via ingredient normalization)
1611,55.7,3.6,1.0,6.4,3.2,0.5,68.3,1.0,high,False,IFCT2017 (matched via ingredient normalization)
1612,484.7,13.3,84.7,16.1,7.7,2.7,317.4,0.94,high,False,IFCT2017 (matched via ingredient normalization)
1617,455.9,28.2,33.8,18.7,63.0,5.6,574.0,0.9,high,False,IFCT2017 (matched via ingredient normalization)
1621,125.2,4.1,22.9,13.5,4.3,4.8,302.4,1.0,high,False,IFCT2017 (matched via ingredient normalization)
1622,411.9,18.8,59.1,24.0,18.1,8.1,651.4,0.96,high,False,IFCT2017 (matched via ingredient normalization)
1626,155.2,23.2,5.2,56.4,10.5,1.3,568.1,1.0,high,False,IFCT2017 (matched via ingredient normalization)
1627,964.9,36.4,80.6,54.9,17.6,3.9,326.1,1.0,high,False,IFCT2017 (matched via ingredient normalization)
1629,361.5,22.0,23.7,16.5,13.3,11.2,636.6,0.95,high,False,IFCT2017 (matched via ingredient normalization)
1630,195.1,14.2,23.4,12.5,8.6,1.0,603.0,1.0,high,False,IFCT2017 (matched via ingredient normalization)
1633,149.7,11.0,19.2,3.9,10.7,1.2,253.4,1.0,high,False,IFCT2017 (matched via ingredient normalization)
1635,193.7,10.3,9.2,17.7,15.1,1.1,332.2,1.0,high,False,IFCT2017 (matched via ingredient normalization)
1638,205.1,5.3,40.4,10.0,3.1,10.1,983.9,0.95,high,False,IFCT2017 (matched via ingredient normalization)
1639,248.0,14.0,17.9,20.9,11.8,7.0,522.8,0.88,high,False,IFCT2017 (matched via ingredient normalization)
1642,242.7,14.9,18.7,19.1,31.6,6.4,413.5,0.88,high,False,IFCT2017 (matched via ingredient normalization)
1643,820.9,31.1,70.0,52.8,20.7,3.7,316.1,1.0,high,False,IFCT2017 (matched via ingredient normalization)
1647,78.6,3.7,2.4,9.2,3.3,1.2,14.6,1.0,high,False,IFCT2017 (matched via ingredient normalization)
1648,151.9,12.6,14.1,2.1,19.4,2.5,327.6,1.0,high,False,IFCT2017 (matched via ingredient normalization)
1651,523.8,34.3,27.3,39.5,20.1,18.4,443.7,0.79,high,False,IFCT2017 (matched via ingredient normalization)
1654,187.7,6.9,28.5,31.0,5.9,2.5,201.4,1.0,high,False,IFCT2017 (matched via ingredient normalization)
1656,568.5,20.7,68.7,29.8,13.4,4.0,312.0,1.0,high,False,IFCT2017 (matched via ingredient normalization)
1657,282.4,13.4,20.7,18.6,24.2,7.7,363.3,0.94,high,False,IFCT2017 (matched via ingredient normalization)
1658,194.1,27.0,9.1,56.3,7.2,1.6,6079.2,0.93,high,False,IFCT2017 (matched via ingredient normalization)
1659,134.2,20.4,2.1,8.3,3.4,0.4,341.5,1.0,high,False,IFCT2017 (matched via ingredient normalization)
1660,62.1,4.4,6.2,6.1,7.6,0.8,127.1,1.0,high,False,IFCT2017 (matched via ingredient normalization)
1662,235.7,11.3,14.1,10.7,24.6,3.1,398.6,0.85,high,False,IFCT2017 (matched via ingredient normalization)
1666,163.4,2.1,2.0,28.4,4.8,1.8,1460.0,0.8,high,False,IFCT2017 (matched via ingredient normalization)
1670,248.0,7.9,46.0,13.6,4.3,1.3,542.5,0.93,high,False,IFCT2017 (matched via ingredient normalization)
1672,162.0,6.0,22.4,2.0,10.2,1.0,27.7,1.0,high,False,IFCT2017 (matched via ingredient normalization)
1673,185.0,12.7,23.6,1.4,7.6,1.8,747.2,0.91,high,False,IFCT2017 (matched via ingredient normalization)
1675,234.0,33.9,9.9,16.1,10.9,2.7,399.6,0.94,high,False,IFCT2017 (matched via ingredient normalization)
1678,113.4,10.0,8.9,4.5,13.2,1.0,358.2,0.94,high,False,IFCT2017 (matched via ingredient normalization)
1679,93.2,6.8,11.8,3.8,3.2,0.3,82.6,1.0,high,False,IFCT2017 (matched via ingredient normalization)
1684,296.7,19.0,29.2,16.0,19.5,1.5,313.4,1.0,high,False,IFCT2017 (matched via ingredient normalization)
1687,218.5,16.4,10.6,23.3,9.6,6.4,471.4,0.85,high,False,IFCT2017 (matched via ingredient normalization)
1689,214.9,9.6,37.8,13.7,5.0,1.3,444.5,1.0,high,False,IFCT2017 (matched via ingredient normalization)
1690,257.0,8.5,38.5,3.8,14.0,1.9,318.3,1.0,high,False,IFCT2017 (matched via ingredient normalization)
1692,134.2,6.9,10.8,5.8,17.6,6.5,307.9,1.0,high,False,IFCT2017 (matched via ingredient normalization)
1693,85.7,5.3,12.8,0.7,9.6,0.5,18.4,0.88,high,False,IFCT2017 (matched via ingredient normalization)
1696,1607.2,71.5,111.5,92.6,65.6,13.9,517.3,0.97,low,True,IFCT2017 (matched via ingredient normalization)
1697,181.6,34.7,3.3,3.4,5.4,0.7,402.5,1.0,high,False,IFCT2017 (matched via ingredient normalization)
1698,3657.8,147.0,160.3,268.8,88.2,23.5,181.4,0.97,low,True,IFCT2017 (matched via ingredient normalization)
1699,66.0,5.3,3.9,14.2,9.6,0.5,345.8,0.9,high,False,IFCT2017 (matched via ingredient normalization)
1701,54.4,3.4,5.1,5.0,7.8,3.2,16.2,1.0,high,False,IFCT2017 (matched via ingredient normalization)
1702,233.7,14.0,32.2,2.0,8.5,1.1,314.2,1.0,high,False,IFCT2017 (matched via ingredient normalization)
1704,149.7,5.6,17.2,10.9,7.4,12.4,1482.9,0.94,high,False,IFCT2017 (matched via ingredient normalization)
1705,371.3,11.2,28.6,28.3,20.6,19.5,317.8,1.0,high,False,IFCT2017 (matched via ingredient normalization)
1709,446.8,16.9,3.5,53.3,7.9,3.5,422.0,1.0,high,False,IFCT2017 (matched via ingredient normalization)
1710,113.7,3.8,7.2,5.4,15.4,3.3,350.5,0.92,high,False,IFCT2017 (matched via ingredient normalization)
1711,850.2,49.7,30.5,57.0,33.7,4.8,442.6,0.87,high,False,IFCT2017 (matched via ingredient normalization)
1712,250.2,13.7,15.4,24.8,28.9,6.8,338.3,1.0,high,False,IFCT2017 (matched via ingredient normalization)
1713,92.1,3.6,5.7,3.9,11.6,2.0,16.8,1.0,high,False,IFCT2017 (matched via ingredient normalization)
1714,85.8,4.7,8.8,111.4,12.8,1.2,420.2,1.0,high,False,IFCT2017 (matched via ingredient normalization)
1715,170.6,24.9,4.0,21.2,7.3,0.4,348.8,0.93,high,False,IFCT2017 (matched via ingredient normalization)
1716,303.0,29.1,3.1,18.9,8.6,1.9,355.3,1.0,high,False,IFCT2017 (matched via ingredient normalization)
1717,368.8,11.3,74.2,13.5,4.3,2.9,311.4,1.0,high,False,IFCT2017 (matched via ingredient normalization)
1719,365.7,12.9,29.1,21.1,23.6,18.1,318.0,0.93,high,False,IFCT2017 (matched via ingredient normalization)
1720,25.8,1.8,2.3,12.8,2.4,0.5,305.4,0.92,high,False,IFCT2017 (matched via ingredient normalization)
1725,76.5,3.2,11.8,8.0,5.4,1.4,309.5,1.0,high,False,IFCT2017 (matched via ingredient normalization)
1726,134.4,4.9,5.6,9.0,9.8,2.3,300.2,1.0,high,False,IFCT2017 (matched via ingredient normalization)
1730,464.5,15.0,91.5,21.7,5.6,2.5,593.9,0.94,high,False,IFCT2017 (matched via ingredient normalization)
1732,178.4,12.1,24.1,9.5,7.3,0.9,52.2,0.89,high,False,IFCT2017 (matched via ingredient normalization)
1733,40.7,1.9,5.0,0.4,2.9,0.5,244.8,0.9,high,False,IFCT2017 (matched via ingredient normalization)
1734,720.6,28.3,124.1,25.1,7.0,8.9,603.8,1.0,high,False,IFCT2017 (matched via ingredient normalization)
1736,93.1,4.8,6.7,7.9,11.8,1.6,527.2,1.0,high,False,IFCT2017 (matched via ingredient normalization)
1737,244.6,6.8,16.7,21.3,11.1,2.2,16.6,0.88,high,False,IFCT2017 (matched via ingredient normalization)
1739,214.6,13.2,23.3,17.0,15.1,1.2,34.8,1.0,high,False,IFCT2017 (matched via ingredient normalization)
1740,460.7,16.1,76.2,17.3,11.3,3.3,18.9,0.9,high,False,IFCT2017 (matched via ingredient normalization)
1741,259.4,12.6,22.5,20.7,12.2,17.1,358.1,0.94,high,False,IFCT2017 (matched via ingredient normalization)
1744,118.9,5.3,13.5,1.8,4.8,5.5,591.9,1.0,high,False,IFCT2017 (matched via ingredient normalization)
1745,144.1,5.4,11.1,17.9,16.5,1.8,359.4,0.79,high,False,IFCT2017 (matched via ingredient normalization)
1746,237.9,10.0,42.8,26.0,4.0,1.3,328.5,1.0,high,False,IFCT2017 (matched via ingredient normalization)
1747,150.7,5.6,13.9,17.5,20.0,7.6,370.8,0.93,high,False,IFCT2017 (matched via ingredient normalization)
1749,484.5,14.9,26.9,33.6,21.4,14.5,330.0,1.0,high,False,IFCT2017 (matched via ingredient normalization)
1751,355.6,6.9,7.1,45.1,12.0,4.1,317.7,1.0,high,False,IFCT2017 (matched via ingredient normalization)
1754,405.4,23.0,20.5,29.3,57.4,4.3,683.1,0.95,high,False,IFCT2017 (matched via ingredient normalization)
1756,396.6,36.1,29.4,11.2,8.5,7.0,60.2,1.0,high,False,IFCT2017 (matched via ingredient normalization)
1757,255.5,18.6,28.9,4.4,33.1,1.4,336.7,0.83,high,False,IFCT2017 (matched via ingredient normalization)
1758,470.5,19.0,74.7,20.3,9.7,3.9,295.4,1.0,high,False,IFCT2017 (matched via ingredient normalization)
1760,241.8,11.1,25.2,5.1,22.1,2.3,333.2,0.93,high,False,IFCT2017 (matched via ingredient normalization)
1762,362.4,6.1,10.7,32.1,12.7,3.8,306.8,1.0,high,False,IFCT2017 (matched via ingredient normalization)
1763,106.7,8.5,11.3,13.7,7.8,0.7,316.1,0.91,high,False,IFCT2017 (matched via ingredient normalization)
1767,237.3,8.1,38.4,9.0,8.8,2.1,532.7,0.87,high,False,IFCT2017 (matched via ingredient normalization)
1768,714.4,30.6,89.5,37.7,42.8,3.8,770.6,0.93,high,False,IFCT2017 (matched via ingredient normalization)
1769,123.4,4.0,18.8,1.1,8.6,17.1,311.7,1.0,high,False,IFCT2017 (matched via ingredient normalization)
1771,491.0,17.0,82.6,5.3,12.8,1.9,322.6,1.0,high,False,IFCT2017 (matched via ingredient normalization)
1772,58.0,2.7,8.1,0.5,5.5,7.2,310.0,1.0,high,False,IFCT2017 (matched via ingredient normalization)
1775,218.5,17.7,12.2,7.9,25.2,5.2,390.3,1.0,high,False,IFCT2017 (matched via ingredient normalization)
1776,341.5,28.3,30.1,13.8,61.6,15.6,659.5,1.0,high,False,IFCT2017 (matched via ingredient normalization)
1779,539.1,31.7,78.2,18.4,9.4,0.9,351.9,0.92,high,False,IFCT2017 (matched via ingredient normalization)
1781,529.2,16.8,102.4,16.6,8.5,2.7,304.3,1.0,high,False,IFCT2017 (matched via ingredient normalization)
1783,792.4,36.5,44.9,53.6,20.4,9.9,372.2,1.0,high,False,IFCT2017 (matched via ingredient normalization)
1784,160.2,9.0,21.2,0.9,6.5,1.1,310.0,0.93,high,False,IFCT2017 (matched via ingredient normalization)
1786,328.2,35.6,15.7,16.4,24.4,2.5,464.6,0.95,high,False,IFCT2017 (matched via ingredient normalization)
1789,99.1,5.2,7.3,17.7,3.8,5.6,319.4,1.0,high,False,IFCT2017 (matched via ingredient normalization)
1793,1220.9,49.6,159.5,90.2,72.5,11.1,1170.6,0.91,low,True,IFCT2017 (matched via ingredient normalization)
1794,158.7,7.3,16.2,18.6,13.6,1.7,642.4,0.92,high,False,IFCT2017 (matched via ingredient normalization)
1795,120.2,6.6,18.1,4.6,3.5,0.3,23.6,0.88,high,False,IFCT2017 (matched via ingredient normalization)
1796,37.2,1.4,2.2,2.7,5.3,0.4,314.3,1.0,high,False,IFCT2017 (matched via ingredient normalization)
1801,155.3,9.6,13.6,8.6,22.3,5.6,452.0,1.0,high,False,IFCT2017 (matched via ingredient normalization)
1804,170.5,11.0,5.4,14.8,6.9,2.4,31.1,1.0,high,False,IFCT2017 (matched via ingredient normalization)
1805,720.6,46.4,104.7,14.4,44.1,3.3,336.8,1.0,high,False,IFCT2017 (matched via ingredient normalization)
1806,350.1,32.1,34.7,16.9,54.9,2.9,317.2,0.94,high,False,IFCT2017 (matched via ingredient normalization)
1807,496.5,24.1,40.3,26.1,43.2,6.5,470.1,0.93,high,False,IFCT2017 (matched via ingredient normalization)
1808,107.1,7.3,12.3,14.0,11.0,0.7,333.5,1.0,high,False,IFCT2017 (matched via ingredient normalization)
1809,253.2,16.7,26.0,14.8,14.2,1.4,315.5,1.0,high,False,IFCT2017 (matched via ingredient normalization)
1810,186.4,9.5,8.9,13.3,18.7,5.5,320.5,1.0,high,False,IFCT2017 (matched via ingredient normalization)
1812,152.0,5.4,28.5,13.3,3.0,0.8,314.5,1.0,high,False,IFCT2017 (matched via ingredient normalization)
1815,251.3,14.4,35.1,13.6,7.7,1.1,596.3,1.0,high,False,IFCT2017 (matched via ingredient normalization)
1819,83.4,5.5,6.4,14.8,16.9,1.1,331.8,1.0,high,False,IFCT2017 (matched via ingredient normalization)
1820,204.0,11.6,20.8,11.8,22.0,1.9,380.8,1.0,high,False,IFCT2017 (matched via ingredient normalization)
1821,139.2,4.1,21.6,0.8,5.0,1.1,1180.9,1.0,high,False,IFCT2017 (matched via ingredient normalization)
1823,1723.6,40.7,23.0,172.3,52.1,18.9,490.1,1.0,low,True,IFCT2017 (matched via ingredient normalization)
1824,152.9,3.8,11.4,12.3,8.3,3.5,333.7,1.0,high,False,IFCT2017 (matched via ingredient normalization)
1825,845.3,37.1,67.6,71.0,63.9,57.2,685.9,1.0,high,False,IFCT2017 (matched via ingredient normalization)
1827,757.6,31.9,41.9,44.3,28.1,16.5,66.3,1.0,high,False,IFCT2017 (matched via ingredient normalization)
1828,145.5,10.9,10.9,25.5,18.0,1.5,662.8,1.0,high,False,IFCT2017 (matched via ingredient normalization)
1829,148.1,8.9,17.0,2.3,22.3,7.2,38.8,0.91,high,False,IFCT2017 (matched via ingredient normalization)
1832,445.3,12.8,30.2,58.4,30.3,2.1,641.5,1.0,high,False,IFCT2017 (matched via ingredient normalization)
1835,176.0,5.3,32.8,13.7,3.7,0.7,293.1,0.88,high,False,IFCT2017 (matched via ingredient normalization)
1836,691.6,29.1,91.1,20.3,52.2,10.2,347.1,1.0,high,False,IFCT2017 (matched via ingredient normalization)
1837,71.3,3.2,7.2,2.5,8.7,0.8,318.6,1.0,high,False,IFCT2017 (matched via ingredient normalization)
1838,400.3,13.0,78.1,14.2,8.9,2.1,318.5,1.0,high,False,IFCT2017 (matched via ingredient normalization)
1841,281.4,16.0,14.7,36.4,5.8,10.5,328.9,1.0,high,False,IFCT2017 (matched via ingredient normalization)
1843,682.2,49.2,67.6,12.2,69.2,2.6,706.2,1.0,high,False,IFCT2017 (matched via ingredient normalization)
1846,153.7,16.8,5.3,18.1,9.6,0.8,354.8,1.0,high,False,IFCT2017 (matched via ingredient normalization)
1847,50.5,2.8,2.4,5.3,6.2,1.3,5.0,1.0,high,False,IFCT2017 (matched via ingredient normalization)
1849,117.1,8.3,15.0,3.9,9.0,1.7,609.3,0.91,high,False,IFCT2017 (matched via ingredient normalization)
1852,110.1,4.1,13.1,2.7,7.8,2.3,310.4,1.0,high,False,IFCT2017 (matched via ingredient normalization)
1856,562.9,47.6,7.3,36.4,19.7,4.4,623.8,1.0,high,False,IFCT2017 (matched via ingredient normalization)
1857,158.8,5.3,6.5,17.5,9.1,2.0,308.7,1.0,high,False,IFCT2017 (matched via ingredient normalization)
1859,251.6,17.7,38.3,14.0,4.9,1.4,402.1,0.91,high,False,IFCT2017 (matched via ingredient normalization)
1861,134.7,6.2,16.3,1.2,10.1,5.3,317.0,1.0,high,False,IFCT2017 (matched via ingredient normalization)
1862,391.8,12.5,62.0,27.6,13.4,31.7,643.8,1.0,high,False,IFCT2017 (matched via ingredient normalization)
1863,331.0,24.4,26.5,8.0,59.6,11.3,94.9,1.0,high,False,IFCT2017 (matched via ingredient normalization)
1864,157.4,7.1,15.9,5.8,7.4,9.3,348.8,1.0,high,False,IFCT2017 (matched via ingredient normalization)
1865,459.9,30.1,34.6,19.8,29.8,32.6,377.6,1.0,high,False,IFCT2017 (matched via ingredient normalization)
1868,294.4,15.2,38.6,3.3,39.4,13.1,355.5,1.0,high,False,IFCT2017 (matched via ingredient normalization)
1869,54.3,5.2,3.1,1.0,8.1,1.6,320.6,1.0,high,False,IFCT2017 (matched via ingredient normalization)
1870,211.5,13.8,25.7,13.8,14.6,2.6,323.9,0.95,high,False,IFCT2017 (matched via ingredient normalization)
1871,47.7,5.0,2.0,1.0,7.4,0.3,315.9,1.0,high,False,IFCT2017 (matched via ingredient normalization)
1872,299.9,13.6,17.1,25.6,40.4,2.7,475.7,0.93,high,False,IFCT2017 (matched via ingredient normalization)
1873,287.7,8.8,55.2,12.4,7.2,4.0,619.2,1.0,high,False,IFCT2017 (matched via ingredient normalization)
1874,131.3,4.6,22.3,13.7,4.5,0.9,299.8,0.94,high,False,IFCT2017 (matched via ingredient normalization)
1878,320.1,8.4,54.9,13.6,10.8,1.3,329.4,1.0,high,False,IFCT2017 (matched via ingredient normalization)
1879,55.2,3.8,4.1,4.4,4.4,1.7,321.7,1.0,high,False,IFCT2017 (matched via ingredient normalization)
1881,66.9,2.7,7.7,9.2,5.2,4.8,591.0,0.9,high,False,IFCT2017 (matched via ingredient normalization)
1882,133.4,17.9,5.4,4.5,10.8,2.0,374.1,1.0,high,False,IFCT2017 (matched via ingredient normalization)
1883,581.2,14.3,49.3,40.2,46.1,2.2,1226.4,0.91,high,False,IFCT2017 (matched via ingredient normalization)
1885,264.4,12.7,20.7,26.0,9.1,6.3,626.2,0.89,high,False,IFCT2017 (matched via ingredient normalization)
1886,501.6,21.6,79.1,9.8,5.6,7.9,555.4,1.0,high,False,IFCT2017 (matched via ingredient normalization)
1887,170.4,7.9,22.7,3.0,9.7,4.5,27.3,1.0,high,False,IFCT2017 (matched via ingredient normalization)
1890,675.5,35.4,97.6,9.2,31.0,3.9,359.8,1.0,high,False,IFCT2017 (matched via ingredient normalization)
1891,259.3,13.8,27.2,8.3,5.0,7.0,315.9,1.0,high,False,IFCT2017 (matched via ingredient normalization)
1893,49.9,4.6,3.0,38.5,9.4,0.8,29.4,1.0,high,False,IFCT2017 (matched via ingredient normalization)
1897,80.9,5.2,9.1,1.6,6.6,2.9,308.5,1.0,high,False,IFCT2017 (matched via ingredient normalization)
1899,486.1,18.6,26.0,81.2,15.0,3.1,325.1,1.0,high,False,IFCT2017 (matched via ingredient normalization)
1900,388.3,19.4,56.4,5.7,19.9,4.8,327.7,1.0,high,False,IFCT2017 (matched via ingredient normalization)
1901,475.3,11.2,74.5,11.0,10.7,4.7,306.1,1.0,high,False,IFCT2017 (matched via ingredient normalization)
1903,23.2,0.7,3.1,0.3,2.9,2.3,36.6,1.0,high,False,IFCT2017 (matched via ingredient normalization)
1906,90.6,5.6,11.7,21.5,1.3,2.6,1045.9,0.92,high,False,IFCT2017 (matched via ingredient normalization)
1908,190.1,14.6,24.3,4.7,12.9,1.5,319.5,1.0,high,False,IFCT2017 (matched via ingredient normalization)
1910,290.0,14.0,39.4,6.7,3.5,6.9,491.3,1.0,high,False,IFCT2017 (matched via ingredient normalization)
1912,80.4,5.0,6.2,3.3,5.3,2.7,317.3,1.0,high,False,IFCT2017 (matched via ingredient normalization)
1913,540.9,12.4,97.3,10.5,8.8,2.4,1183.9,1.0,high,False,IFCT2017 (matched via ingredient normalization)
1915,305.4,19.3,44.2,1.6,13.2,1.6,410.9,1.0,high,False,IFCT2017 (matched via ingredient normalization)
1920,128.9,4.1,24.6,1.9,2.2,0.9,170.2,0.89,high,False,IFCT2017 (matched via ingredient normalization)
1922,66.4,4.2,5.2,18.3,9.0,0.6,426.5,0.85,high,False,IFCT2017 (matched via ingredient normalization)
1924,72.1,5.2,5.3,13.6,7.7,1.6,330.1,1.0,high,False,IFCT2017 (matched via ingredient normalization)
1925,641.4,11.8,68.8,32.7,11.9,25.7,309.8,0.89,high,False,IFCT2017 (matched via ingredient normalization)
1926,269.2,17.1,14.7,13.8,9.9,10.2,348.1,0.87,high,False,IFCT2017 (matched via ingredient normalization)
1929,75.0,5.7,5.8,103.8,10.8,0.9,331.5,1.0,high,False,IFCT2017 (matched via ingredient normalization)
1930,103.2,12.7,4.3,14.6,6.2,1.5,331.6,0.94,high,False,IFCT2017 (matched via ingredient normalization)
1934,318.4,11.5,24.6,28.1,14.7,19.3,389.3,1.0,high,False,IFCT2017 (matched via ingredient normalization)
1937,310.9,16.7,22.4,18.3,5.1,4.2,630.8,1.0,high,False,IFCT2017 (matched via ingredient normalization)
1939,14.9,1.0,2.2,20.9,0.6,0.1,646.9,0.88,low,True,IFCT2017 (matched via ingredient normalization)
1940,318.4,29.4,14.5,23.5,29.5,3.6,513.1,0.94,high,False,IFCT2017 (matched via ingredient normalization)
1941,4.9,0.1,0.4,0.1,0.2,0.2,0.5,0.75,low,True,IFCT2017 (matched via ingredient normalization)
1942,80.2,2.2,3.5,6.3,4.7,2.4,328.8,1.0,high,False,IFCT2017 (matched via ingredient normalization)
1943,104.1,8.9,6.3,7.3,18.6,1.6,223.5,1.0,high,False,IFCT2017 (matched via ingredient normalization)
1944,435.3,28.2,34.9,26.5,38.8,3.6,462.7,0.89,high,False,IFCT2017 (matched via ingredient normalization)
1946,1.9,0.1,0.1,0.1,0.0,0.1,116.8,1.0,low,True,IFCT2017 (matched via ingredient normalization)
1947,536.1,23.8,80.7,30.7,5.7,9.3,612.6,1.0,high,False,IFCT2017 (matched via ingredient normalization)
1952,122.3,8.3,10.8,5.0,19.1,5.0,348.0,1.0,high,False,IFCT2017 (matched via ingredient normalization)
1954,109.9,12.0,11.0,2.5,2.8,3.5,318.6,0.89,high,False,IFCT2017 (matched via ingredient normalization)
1956,82.2,5.2,8.8,11.8,9.2,0.5,257.3,1.0,high,False,IFCT2017 (matched via ingredient normalization)
1958,437.7,13.5,74.0,6.0,13.2,1.6,353.5,1.0,high,False,IFCT2017 (matched via ingredient normalization)
1963,91.4,3.5,14.6,13.5,6.0,0.6,21.3,1.0,high,False,IFCT2017 (matched via ingredient normalization)
1967,150.7,6.3,18.8,2.7,11.8,2.1,433.8,0.91,high,False,IFCT2017 (matched via ingredient normalization)
1968,182.3,10.0,4.8,13.8,16.0,2.0,333.2,1.0,high,False,IFCT2017 (matched via ingredient normalization)
1969,162.9,11.9,21.0,0.7,4.7,0.5,5.0,1.0,high,False,IFCT2017 (matched via ingredient normalization)
1972,249.3,17.7,32.1,6.9,14.7,1.2,31.5,0.89,high,False,IFCT2017 (matched via ingredient normalization)
1980,417.1,26.8,24.6,18.5,24.6,4.4,435.7,0.96,high,False,IFCT2017 (matched via ingredient normalization)
1985,349.5,8.6,60.0,8.0,21.3,21.8,326.2,1.0,high,False,IFCT2017 (matched via ingredient normalization)
1987,802.2,23.0,21.5,78.8,58.3,9.0,1340.7,0.94,high,False,IFCT2017 (matched via ingredient normalization)
1988,283.6,17.3,39.4,14.4,15.5,0.9,17.1,1.0,high,False,IFCT2017 (matched via ingredient normalization)
1989,130.8,5.5,21.2,12.4,6.7,0.8,316.2,1.0,high,False,IFCT2017 (matched via ingredient normalization)
1990,275.8,10.6,40.9,12.5,10.2,2.1,314.6,1.0,high,False,IFCT2017 (matched via ingredient normalization)
1991,361.9,11.0,72.6,4.8,3.6,1.9,293.4,1.0,high,False,IFCT2017 (matched via ingredient normalization)
1992,214.3,13.1,29.9,5.9,26.9,22.3,327.4,1.0,high,False,IFCT2017 (matched via ingredient normalization)
1997,93.0,3.1,5.3,6.8,7.9,3.4,333.1,1.0,high,False,IFCT2017 (matched via ingredient normalization)
1998,162.4,9.2,19.4,4.1,11.4,1.7,333.7,0.94,high,False,IFCT2017 (matched via ingredient normalization)
1999,113.8,6.0,9.1,5.4,4.2,6.4,346.4,1.0,high,False,IFCT2017 (matched via ingredient normalization)
2002,378.8,14.1,63.6,7.6,18.9,2.0,609.7,1.0,high,False,IFCT2017 (matched via ingredient normalization)
2003,99.9,5.3,3.0,7.5,9.6,1.0,316.5,1.0,high,False,IFCT2017 (matched via ingredient normalization)
2005,495.9,16.8,84.1,7.2,12.1,2.6,323.0,0.93,high,False,IFCT2017 (matched via ingredient normalization)
2008,175.5,7.6,21.4,6.1,7.2,3.7,563.9,0.93,high,False,IFCT2017 (matched via ingredient normalization)
2009,413.8,31.2,54.6,4.8,26.7,2.6,321.6,1.0,high,False,IFCT2017 (matched via ingredient normalization)
2016,550.1,26.0,67.7,16.4,31.4,3.0,684.1,0.88,high,False,IFCT2017 (matched via ingredient normalization)
2017,68.7,3.9,5.1,4.2,3.5,4.1,225.7,1.0,high,False,IFCT2017 (matched via ingredient normalization)
2018,71.4,3.3,4.4,14.9,4.8,2.4,10.2,1.0,high,False,IFCT2017 (matched via ingredient normalization)
2020,252.3,8.4,48.8,9.3,4.7,1.2,198.1,0.88,high,False,IFCT2017 (matched via ingredient normalization)
2021,219.9,14.5,35.9,26.0,1.4,0.9,269.8,1.0,high,False,IFCT2017 (matched via ingredient normalization)
2024,426.2,19.1,18.5,42.7,4.7,17.4,59.4,1.0,high,False,IFCT2017 (matched via ingredient normalization)
2026,492.2,16.5,86.7,12.0,18.2,10.2,702.3,1.0,high,False,IFCT2017 (matched via ingredient normalization)
2027,295.2,13.0,41.0,8.8,45.9,34.2,450.1,0.93,high,False,IFCT2017 (matched via ingredient normalization)
2030,83.0,7.0,7.9,6.4,9.4,0.4,526.3,0.83,high,False,IFCT2017 (matched via ingredient normalization)
2036,92.3,13.0,3.8,11.5,1.2,2.0,262.8,0.89,high,False,IFCT2017 (matched via ingredient normalization)
2039,316.5,12.7,49.0,16.9,5.5,4.6,527.4,1.0,high,False,IFCT2017 (matched via ingredient normalization)
2043,326.6,23.9,42.0,1.4,9.5,1.0,592.0,1.0,high,False,IFCT2017 (matched via ingredient normalization)
2049,55.0,2.7,7.1,5.9,6.1,0.4,16.1,0.88,high,False,IFCT2017 (matched via ingredient normalization)
2052,361.8,15.8,57.1,15.2,15.0,2.3,314.3,0.86,high,False,IFCT2017 (matched via ingredient normalization)
2054,96.2,3.4,5.2,7.0,7.9,3.0,336.4,1.0,high,False,IFCT2017 (matched via ingredient normalization)
2055,325.5,19.8,20.0,21.6,2.1,9.6,322.0,0.83,high,False,IFCT2017 (matched via ingredient normalization)
2056,2382.5,82.0,106.4,212.8,41.0,17.8,621.8,0.8,low,True,IFCT2017 (matched via ingredient normalization)
2058,77.2,4.4,11.3,8.9,3.9,0.5,165.5,0.94,high,False,IFCT2017 (matched via ingredient normalization)
2064,46.9,1.8,6.6,8.6,2.6,0.2,202.2,1.0,high,False,IFCT2017 (matched via ingredient normalization)
2065,409.1,61.0,17.3,32.9,21.6,2.5,802.7,1.0,high,False,IFCT2017 (matched via ingredient normalization)
2070,23.7,1.2,1.8,0.5,2.3,0.7,592.2,0.8,high,False,IFCT2017 (matched via ingredient normalization)
2073,76.9,4.3,9.9,0.9,7.5,1.5,304.5,0.91,high,False,IFCT2017 (matched via ingredient normalization)
2078,294.0,10.1,27.8,31.5,35.1,12.7,706.9,0.82,high,False,IFCT2017 (matched via ingredient normalization)
2080,496.6,13.8,74.7,26.7,15.3,2.5,321.6,1.0,high,False,IFCT2017 (matched via ingredient normalization)
2082,203.6,15.0,13.2,23.6,6.8,10.1,450.5,1.0,high,False,IFCT2017 (matched via ingredient normalization)
2094,77.0,2.1,9.5,0.6,4.6,7.6,104.1,0.86,high,False,IFCT2017 (matched via ingredient normalization)
2096,96.3,3.4,15.2,14.7,6.6,6.5,309.5,1.0,high,False,IFCT2017 (matched via ingredient normalization)
2099,261.9,27.4,18.8,12.1,12.3,1.5,366.4,0.95,high,False,IFCT2017 (matched via ingredient normalization)
2100,298.5,15.7,27.2,20.5,22.4,5.8,351.7,1.0,high,False,IFCT2017 (matched via ingredient normalization)
2104,126.2,4.6,21.1,0.8,8.0,16.9,311.7,1.0,high,False,IFCT2017 (matched via ingredient normalization)
2105,69.0,3.8,5.8,5.7,7.4,1.6,620.8,0.94,high,False,IFCT2017 (matched via ingredient normalization)
2106,1613.8,71.4,24.3,159.8,47.2,15.5,758.0,1.0,low,True,IFCT2017 (matched via ingredient normalization)
2107,2.3,0.2,0.2,0.0,0.2,0.1,1.3,0.75,low,True,IFCT2017 (matched via ingredient normalization)
2108,100.1,6.7,10.7,4.4,11.0,0.7,301.7,1.0,high,False,IFCT2017 (matched via ingredient normalization)
2110,364.8,14.0,15.6,27.9,12.9,3.3,172.2,0.8,high,False,IFCT2017 (matched via ingredient normalization)
2111,173.2,11.0,23.0,4.7,8.2,1.7,317.1,0.91,high,False,IFCT2017 (matched via ingredient normalization)
2117,284.8,9.6,20.7,23.3,17.8,13.4,38.5,1.0,high,False,IFCT2017 (matched via ingredient normalization)
2123,135.2,9.0,16.1,13.8,8.4,1.0,251.2,1.0,high,False,IFCT2017 (matched via ingredient normalization)
2127,150.2,8.9,17.5,13.9,10.7,1.2,332.5,1.0,high,False,IFCT2017 (matched via ingredient normalization)
2130,56.7,4.3,4.6,13.6,9.5,0.8,320.5,1.0,high,False,IFCT2017 (matched via ingredient normalization)
2133,223.7,13.4,30.4,6.0,7.4,0.7,27.2,1.0,high,False,IFCT2017 (matched via ingredient normalization)
2135,312.2,21.1,23.5,79.2,29.1,6.2,96.9,0.85,high,False,IFCT2017 (matched via ingredient normalization)
2136,227.0,12.3,12.8,24.7,27.1,3.6,707.6,0.88,high,False,IFCT2017 (matched via ingredient normalization)
2137,237.9,35.3,11.9,10.0,11.2,8.0,998.2,1.0,high,False,IFCT2017 (matched via ingredient normalization)
2138,1210.5,45.5,210.7,32.1,39.2,9.2,2342.6,0.94,low,True,IFCT2017 (matched via ingredient normalization)
2139,249.1,11.6,38.9,2.7,9.5,1.4,32312.0,0.93,high,False,IFCT2017 (matched via ingredient normalization)
2141,442.1,15.5,78.4,2.3,12.0,3.2,321.1,0.95,high,False,IFCT2017 (matched via ingredient normalization)
2142,215.2,20.1,15.8,20.6,15.0,1.2,361.9,0.94,high,False,IFCT2017 (matched via ingredient normalization)
2143,138.2,25.4,2.3,15.0,2.5,0.4,370.2,0.89,high,False,IFCT2017 (matched via ingredient normalization)
2145,646.5,25.0,34.1,40.0,28.2,5.8,696.3,0.96,high,False,IFCT2017 (matched via ingredient normalization)
2147,288.9,10.9,51.1,24.3,8.2,2.2,807.4,1.0,high,False,IFCT2017 (matched via ingredient normalization)
2150,311.3,20.3,29.9,6.2,28.0,2.1,379.2,0.94,high,False,IFCT2017 (matched via ingredient normalization)
2151,122.4,4.6,14.8,2.9,10.9,4.4,351.3,0.95,high,False,IFCT2017 (matched via ingredient normalization)
2152,100.1,13.0,4.3,14.4,8.5,1.8,357.8,1.0,high,False,IFCT2017 (matched via ingredient normalization)
2156,156.9,10.4,16.0,1.8,10.5,1.5,596.7,1.0,high,False,IFCT2017 (matched via ingredient normalization)
2157,142.3,17.9,4.8,11.8,5.4,1.2,383.8,1.0,high,False,IFCT2017 (matched via ingredient normalization)
2160,582.8,20.0,111.6,14.7,11.2,3.9,381.9,1.0,high,False,IFCT2017 (matched via ingredient normalization)
2162,323.9,14.0,42.9,11.3,16.6,4.6,333.9,1.0,high,False,IFCT2017 (matched via ingredient normalization)
2163,274.4,8.8,39.8,11.3,18.2,1.5,372.5,0.92,high,False,IFCT2017 (matched via ingredient normalization)
2165,134.4,13.0,7.9,18.6,16.5,1.4,659.3,0.89,high,False,IFCT2017 (matched via ingredient normalization)
2168,268.4,13.6,40.2,4.7,3.1,3.9,332.7,0.78,high,False,IFCT2017 (matched via ingredient normalization)
2170,595.4,19.8,5.8,54.5,12.6,3.8,29.6,0.88,high,False,IFCT2017 (matched via ingredient normalization)
2172,75.5,3.5,11.9,4.4,7.3,9.9,301.7,1.0,high,False,IFCT2017 (matched via ingredient normalization)
2175,112.9,9.9,13.7,8.1,0.9,0.3,163.1,1.0,high,False,IFCT2017 (matched via ingredient normalization)
2179,267.6,8.6,46.7,15.3,7.8,1.2,594.7,0.87,high,False,IFCT2017 (matched via ingredient normalization)
2182,464.7,15.8,35.1,39.2,7.4,5.6,331.1,1.0,high,False,IFCT2017 (matched via ingredient normalization)
2186,65.7,3.1,6.6,2.9,8.5,4.4,21.1,1.0,high,False,IFCT2017 (matched via ingredient normalization)
2187,203.5,7.8,33.0,10.7,3.9,2.0,206.9,1.0,high,False,IFCT2017 (matched via ingredient normalization)
2189,111.1,4.8,12.5,1.0,7.9,11.0,326.6,0.9,high,False,IFCT2017 (matched via ingredient normalization)
2191,270.7,15.6,31.2,15.3,30.3,2.1,432.4,1.0,high,False,IFCT2017 (matched via ingredient normalization)
2193,72.7,9.3,1.6,15.5,1.9,0.1,306.3,1.0,high,False,IFCT2017 (matched via ingredient normalization)
2195,1599.4,57.0,121.8,92.1,64.1,15.3,823.2,0.93,low,True,IFCT2017 (matched via ingredient normalization)
2196,48.0,2.3,6.7,1.0,2.5,0.9,296.5,1.0,high,False,IFCT2017 (matched via ingredient normalization)
2199,637.0,45.0,89.8,13.8,41.9,4.7,253.2,1.0,high,False,IFCT2017 (matched via ingredient normalization)
2202,187.3,5.9,27.9,5.3,4.7,1.3,406.8,0.92,high,False,IFCT2017 (matched via ingredient normalization)
2203,651.2,47.4,33.0,49.2,69.4,5.2,376.9,0.94,high,False,IFCT2017 (matched via ingredient normalization)
2204,583.4,21.5,75.1,27.6,30.5,5.8,76.3,0.95,high,False,IFCT2017 (matched via ingredient normalization)
2206,804.4,33.6,76.1,45.3,49.5,4.9,188.0,0.94,high,False,IFCT2017 (matched via ingredient normalization)
2207,141.8,6.0,8.0,10.4,17.8,1.4,329.1,0.83,high,False,IFCT2017 (matched via ingredient normalization)
2209,175.1,4.2,32.1,9.2,6.4,0.3,293.8,0.8,high,False,IFCT2017 (matched via ingredient normalization)
2210,175.8,5.7,33.6,13.5,2.6,1.0,297.0,0.91,high,False,IFCT2017 (matched via ingredient normalization)
2213,865.2,36.2,98.6,27.9,73.5,25.8,772.4,0.94,high,False,IFCT2017 (matched via ingredient normalization)
2222,306.0,10.9,27.3,25.4,19.1,2.8,368.9,0.92,high,False,IFCT2017 (matched via ingredient normalization)
2223,433.5,29.7,21.1,80.8,53.0,3.6,794.9,0.9,high,False,IFCT2017 (matched via ingredient normalization)
2226,96.4,6.7,7.5,4.6,12.3,2.9,348.2,1.0,high,False,IFCT2017 (matched via ingredient normalization)
2229,183.8,7.6,18.8,17.9,12.5,1.3,318.6,1.0,high,False,IFCT2017 (matched via ingredient normalization)
2235,166.7,13.4,16.0,22.2,28.6,1.7,332.8,0.92,high,False,IFCT2017 (matched via ingredient normalization)
2238,3749.4,131.0,284.9,193.1,151.2,36.5,203.4,1.0,low,True,IFCT2017 (matched via ingredient normalization)
2241,69.2,4.5,7.3,4.5,10.0,2.1,337.3,0.92,high,False,IFCT2017 (matched via ingredient normalization)
2243,267.0,18.6,27.9,11.7,16.1,1.8,645.5,1.0,high,False,IFCT2017 (matched via ingredient normalization)
2244,434.2,20.8,77.2,1.9,12.3,2.0,609.2,1.0,high,False,IFCT2017 (matched via ingredient normalization)
2247,92.4,4.7,9.9,2.2,12.0,1.1,30.0,1.0,high,False,IFCT2017 (matched via ingredient normalization)
2249,265.4,9.7,43.1,5.6,10.3,1.5,331.3,1.0,high,False,IFCT2017 (matched via ingredient normalization)
2250,457.9,31.2,53.9,10.2,28.2,2.3,323.0,1.0,high,False,IFCT2017 (matched via ingredient normalization)
2251,415.5,23.3,45.4,22.5,25.0,4.5,317.4,1.0,high,False,IFCT2017 (matched via ingredient normalization)
2253,180.6,11.1,13.8,9.2,20.5,2.2,479.5,0.9,high,False,IFCT2017 (matched via ingredient normalization)
2254,297.7,38.4,14.5,20.1,17.7,4.5,1395.6,1.0,high,False,IFCT2017 (matched via ingredient normalization)
2256,93.8,4.5,8.0,9.0,10.6,4.3,16.6,1.0,high,False,IFCT2017 (matched via ingredient normalization)
2258,55.7,3.8,3.7,13.7,7.3,1.0,335.1,0.93,high,False,IFCT2017 (matched via ingredient normalization)
2259,348.0,15.5,54.0,10.0,16.8,1.7,623.5,0.93,high,False,IFCT2017 (matched via ingredient normalization)
2260,188.8,11.7,25.3,9.1,7.1,0.4,311.4,1.0,high,False,IFCT2017 (matched via ingredient normalization)
2261,1856.2,148.3,69.7,94.8,8.2,60.7,655.1,1.0,low,True,IFCT2017 (matched via ingredient normalization)
2262,150.2,6.3,9.7,21.2,10.5,5.3,616.9,1.0,high,False,IFCT2017 (matched via ingredient normalization)
2267,207.0,10.3,23.2,17.9,10.4,4.1,328.5,0.88,high,False,IFCT2017 (matched via ingredient normalization)
2268,108.8,5.5,13.9,1.5,8.6,1.1,20.6,1.0,high,False,IFCT2017 (matched via ingredient normalization)
2269,244.0,23.2,10.8,6.9,30.5,2.0,451.5,0.95,high,False,IFCT2017 (matched via ingredient normalization)
2270,53.2,3.4,6.1,2.5,7.1,2.5,239.1,1.0,high,False,IFCT2017 (matched via ingredient normalization)
2271,264.2,14.5,15.6,15.7,31.3,5.0,161.1,0.91,high,False,IFCT2017 (matched via ingredient normalization)
2278,109.5,5.2,15.5,8.8,8.7,7.1,304.8,1.0,high,False,IFCT2017 (matched via ingredient normalization)
2279,318.1,10.4,57.0,1.5,8.6,1.2,315.6,0.94,high,False,IFCT2017 (matched via ingredient normalization)
2280,272.5,6.4,45.8,8.5,7.3,1.2,307.3,0.86,high,False,IFCT2017 (matched via ingredient normalization)
2281,207.6,22.6,12.6,35.8,25.5,3.4,640.6,1.0,high,False,IFCT2017 (matched via ingredient normalization)
2282,138.3,3.5,26.0,1.1,6.7,7.9,296.4,1.0,high,False,IFCT2017 (matched via ingredient normalization)
2286,168.1,7.3,26.5,17.8,7.7,5.5,608.7,0.96,high,False,IFCT2017 (matched via ingredient normalization)
2290,383.7,12.6,64.6,6.8,13.5,3.6,1283.2,0.92,high,False,IFCT2017 (matched via ingredient normalization)
2292,110.9,8.1,10.7,1.8,11.4,1.8,651.4,0.92,high,False,IFCT2017 (matched via ingredient normalization)
2298,1790.9,59.7,108.9,132.4,20.2,9.7,345.2,0.94,low,True,IFCT2017 (matched via ingredient normalization)
2300,359.0,14.1,21.2,31.8,36.0,8.2,398.4,0.95,high,False,IFCT2017 (matched via ingredient normalization)
2301,181.4,4.9,28.4,1.0,6.1,0.9,14.5,1.0,high,False,IFCT2017 (matched via ingredient normalization)
2302,217.7,7.9,10.0,26.1,10.0,4.2,314.5,0.87,high,False,IFCT2017 (matched via ingredient normalization)
2304,568.7,12.5,90.1,25.8,8.6,22.6,58.5,1.0,high,False,IFCT2017 (matched via ingredient normalization)
2305,164.9,30.1,4.3,14.7,3.9,0.5,352.9,1.0,high,False,IFCT2017 (matched via ingredient normalization)
2307,52.9,3.3,3.3,1.4,5.6,1.5,205.7,1.0,high,False,IFCT2017 (matched via ingredient normalization)
2308,365.2,20.0,29.4,13.8,27.6,3.9,342.9,1.0,high,False,IFCT2017 (matched via ingredient normalization)
2309,401.4,14.7,66.1,33.0,11.8,4.6,214.4,1.0,high,False,IFCT2017 (matched via ingredient normalization)
2311,858.8,67.3,110.2,4.8,68.1,4.0,572.8,1.0,high,False,IFCT2017 (matched via ingredient normalization)
2312,254.8,18.1,33.7,3.8,16.2,2.0,314.3,0.93,high,False,IFCT2017 (matched via ingredient normalization)
2314,77.6,5.5,11.3,7.9,6.3,0.4,296.4,1.0,high,False,IFCT2017 (matched via ingredient normalization)
2317,62.4,6.0,3.0,9.5,8.4,0.5,378.4,1.0,high,False,IFCT2017 (matched via ingredient normalization)
2321,268.5,20.0,30.9,7.1,12.1,1.4,428.4,1.0,high,False,IFCT2017 (matched via ingredient normalization)
2325,268.1,17.7,15.2,25.2,8.3,10.6,907.1,0.95,high,False,IFCT2017 (matched via ingredient normalization)
2326,196.9,21.0,2.5,11.0,4.4,1.2,352.3,1.0,high,False,IFCT2017 (matched via ingredient normalization)
2328,93.4,3.8,6.3,11.7,10.4,1.4,43198.5,0.89,high,False,IFCT2017 (matched via ingredient normalization)
2329,177.2,2.5,3.4,23.9,5.7,1.9,297.9,1.0,high,False,IFCT2017 (matched via ingredient normalization)
2330,168.4,9.4,22.1,4.1,8.1,1.3,314.5,1.0,high,False,IFCT2017 (matched via ingredient normalization)
2332,309.5,33.5,21.3,31.9,16.5,2.4,390.6,0.94,high,False,IFCT2017 (matched via ingredient normalization)
2333,389.0,19.0,32.0,20.5,29.9,5.6,422.7,0.92,high,False,IFCT2017 (matched via ingredient normalization)
2334,1084.9,49.3,106.3,45.3,70.2,10.2,610.8,0.96,high,False,IFCT2017 (matched via ingredient normalization)
2336,58.7,9.0,1.4,13.6,4.0,0.4,326.2,0.89,high,False,IFCT2017 (matched via ingredient normalization)
2337,582.0,17.4,90.0,15.7,16.8,4.4,319.1,1.0,high,False,IFCT2017 (matched via ingredient normalization)
2340,101.0,5.5,9.9,7.0,14.0,7.1,444.9,0.92,high,False,IFCT2017 (matched via ingredient normalization)
2341,76.3,2.8,10.9,0.6,4.5,1.5,326.2,1.0,high,False,IFCT2017 (matched via ingredient normalization)
2343,217.9,11.9,37.8,13.5,1.8,7.1,313.5,1.0,high,False,IFCT2017 (matched via ingredient normalization)
2347,99.8,12.6,6.4,2.4,3.6,1.3,350.7,0.92,high,False,IFCT2017 (matched via ingredient normalization)
2350,152.0,9.9,10.4,36.1,20.4,3.5,616.2,0.93,high,False,IFCT2017 (matched via ingredient normalization)
2351,214.9,8.0,38.5,25.9,6.8,1.7,608.1,0.89,high,False,IFCT2017 (matched via ingredient normalization)
2352,421.6,21.5,52.3,4.1,28.7,4.0,630.4,0.93,high,False,IFCT2017 (matched via ingredient normalization)
2353,419.1,27.1,25.1,27.5,12.8,15.7,1594.3,0.87,high,False,IFCT2017 (matched via ingredient normalization)
2356,176.3,12.4,23.1,8.4,6.0,1.6,6.5,0.89,high,False,IFCT2017 (matched via ingredient normalization)
2358,41.9,2.9,6.4,0.2,1.6,0.4,1455.8,0.8,high,False,IFCT2017 (matched via ingredient normalization)
2360,489.2,33.7,67.5,2.1,17.3,1.5,602.4,1.0,high,False,IFCT2017 (matched via ingredient normalization)
2363,318.8,23.4,38.1,7.3,15.1,1.6,430.8,1.0,high,False,IFCT2017 (matched via ingredient normalization)
2365,42.6,2.7,5.2,0.4,3.4,1.5,593.5,1.0,high,False,IFCT2017 (matched via ingredient normalization)
2367,414.6,21.8,32.2,23.4,42.9,4.8,401.6,0.91,high,False,IFCT2017 (matched via ingredient normalization)
2368,431.9,20.0,65.0,60.1,15.8,2.3,327.8,0.86,high,False,IFCT2017 (matched via ingredient normalization)
2369,281.8,8.2,53.9,1.2,7.0,45.8,33.2,0.83,high,False,IFCT2017 (matched via ingredient normalization)
2370,283.8,8.7,54.3,13.5,4.9,1.2,302.7,1.0,high,False,IFCT2017 (matched via ingredient normalization)
2371,224.1,5.5,46.7,16.9,1.4,11.6,295.7,1.0,high,False,IFCT2017 (matched via ingredient normalization)
2372,241.3,26.6,17.9,2.7,15.8,6.3,396.5,1.0,high,False,IFCT2017 (matched via ingredient normalization)
2373,271.2,17.4,34.3,31.1,14.6,1.3,1203.3,1.0,high,False,IFCT2017 (matched via ingredient normalization)
2374,52.9,3.8,4.6,8.2,14.6,3.9,588.2,1.0,high,False,IFCT2017 (matched via ingredient normalization)
2378,328.8,31.7,22.9,18.0,13.7,1.7,371.6,1.0,high,False,IFCT2017 (matched via ingredient normalization)
2382,597.6,24.1,9.6,53.8,29.3,6.1,845.8,1.0,high,False,IFCT2017 (matched via ingredient normalization)
2384,563.2,34.6,16.7,37.0,21.8,4.4,955.4,1.0,high,False,IFCT2017 (matched via ingredient normalization)
2388,87.6,4.2,11.3,8.8,8.0,1.6,332.4,1.0,high,False,IFCT2017 (matched via ingredient normalization)
2389,53.9,1.8,2.8,3.3,0.0,2.7,15.1,0.75,high,False,IFCT2017 (matched via ingredient normalization)
2390,1093.2,57.6,139.1,45.0,28.6,3.8,669.5,0.93,high,False,IFCT2017 (matched via ingredient normalization)
2392,822.2,36.8,60.6,66.3,73.2,32.9,104.4,1.0,high,False,IFCT2017 (matched via ingredient normalization)
2393,385.4,13.9,44.2,21.9,29.1,9.2,392.5,0.93,high,False,IFCT2017 (matched via ingredient normalization)
2394,56.6,2.9,3.9,2.6,2.2,2.6,312.3,1.0,high,False,IFCT2017 (matched via ingredient normalization)
2395,139.4,4.2,26.2,0.7,5.5,4.3,1573.2,1.0,high,False,IFCT2017 (matched via ingredient normalization)
2399,117.8,5.2,16.5,13.9,7.4,2.9,307.8,0.89,high,False,IFCT2017 (matched via ingredient normalization)
2400,72.6,1.7,9.8,0.6,6.4,9.1,302.1,1.0,high,False,IFCT2017 (matched via ingredient normalization)
2402,225.3,15.1,32.4,14.9,4.1,0.7,31.3,1.0,high,False,IFCT2017 (matched via ingredient normalization)
2403,217.7,7.7,38.7,1.2,6.4,1.4,302.6,1.0,high,False,IFCT2017 (matched via ingredient normalization)
2404,97.6,6.3,6.3,4.2,11.6,0.9,215.3,1.0,high,False,IFCT2017 (matched via ingredient normalization)
2406,254.9,7.3,10.9,20.0,14.2,4.2,26.1,0.92,high,False,IFCT2017 (matched via ingredient normalization)
2407,208.2,23.1,15.4,16.3,3.9,2.0,348.5,0.9,high,False,IFCT2017 (matched via ingredient normalization)
2410,415.0,10.4,76.6,14.8,8.5,4.1,304.3,1.0,high,False,IFCT2017 (matched via ingredient normalization)
2413,219.3,7.5,43.3,5.7,1.7,1.3,24.4,0.86,high,False,IFCT2017 (matched via ingredient normalization)
2414,578.9,24.1,38.9,48.2,66.2,6.5,317.8,0.93,high,False,IFCT2017 (matched via ingredient normalization)
2415,78.5,5.0,8.6,14.1,10.8,2.4,317.2,1.0,high,False,IFCT2017 (matched via ingredient normalization)
2417,238.9,14.7,9.9,14.3,11.8,4.0,287.6,1.0,high,False,IFCT2017 (matched via ingredient normalization)
2418,99.3,3.9,13.1,3.9,3.4,3.5,316.8,1.0,high,False,IFCT2017 (matched via ingredient normalization)
2419,63.7,3.4,6.4,1.2,6.9,1.0,333.2,1.0,high,False,IFCT2017 (matched via ingredient normalization)
2421,473.6,15.6,88.1,2.5,13.8,4.2,388.4,1.0,high,False,IFCT2017 (matched via ingredient normalization)
2423,118.9,4.1,15.3,4.9,15.7,13.0,318.5,1.0,high,False,IFCT2017 (matched via ingredient normalization)
2424,255.2,18.3,29.3,14.7,14.9,1.6,343.2,1.0,high,False,IFCT2017 (matched via ingredient normalization)
2431,96.7,3.3,16.7,3.1,4.1,7.2,300.2,0.91,high,False,IFCT2017 (matched via ingredient normalization)
2435,224.3,12.2,29.7,6.7,8.9,0.5,328.4,1.0,high,False,IFCT2017 (matched via ingredient normalization)
2438,346.1,5.3,7.7,33.3,11.7,4.5,314.2,1.0,high,False,IFCT2017 (matched via ingredient normalization)
2440,162.4,13.9,18.7,13.4,3.7,1.2,334.0,1.0,high,False,IFCT2017 (matched via ingredient normalization)
2443,136.8,7.7,9.1,7.4,14.0,2.6,353.9,0.88,high,False,IFCT2017 (matched via ingredient normalization)
2444,193.9,14.4,13.0,9.6,25.3,5.2,237.0,1.0,high,False,IFCT2017 (matched via ingredient normalization)
2445,87.0,3.0,12.7,4.6,3.5,0.6,303.7,1.0,high,False,IFCT2017 (matched via ingredient normalization)
2447,60.6,6.0,3.3,1.6,6.6,0.8,326.5,0.91,high,False,IFCT2017 (matched via ingredient normalization)
2450,660.3,22.4,20.6,50.0,14.5,16.6,109.0,1.0,high,False,IFCT2017 (matched via ingredient normalization)
2451,192.0,11.6,21.5,1.7,12.7,2.0,648.2,0.93,high,False,IFCT2017 (matched via ingredient normalization)
2452,164.0,6.8,21.7,4.0,11.5,1.8,327.1,1.0,high,False,IFCT2017 (matched via ingredient normalization)
2453,79.1,8.4,3.6,11.1,10.7,0.7,414.8,1.0,high,False,IFCT2017 (matched via ingredient normalization)
2456,104.9,5.8,9.1,10.6,16.8,1.1,338.9,1.0,high,False,IFCT2017 (matched via ingredient normalization)
2459,361.2,16.1,59.8,10.0,11.8,1.8,320.7,1.0,high,False,IFCT2017 (matched via ingredient normalization)
2462,93.9,3.2,11.1,15.1,4.2,0.5,296.9,0.9,high,False,IFCT2017 (matched via ingredient normalization)
2464,239.1,38.2,8.0,11.5,6.6,1.6,404.0,0.94,high,False,IFCT2017 (matched via ingredient normalization)
2466,57.3,2.3,7.5,0.6,2.8,2.6,208.6,0.86,high,False,IFCT2017 (matched via ingredient normalization)
2468,211.4,7.6,14.2,11.8,12.2,10.8,346.7,1.0,high,False,IFCT2017 (matched via ingredient normalization)
2469,124.2,4.5,22.7,5.6,3.9,1.0,126.7,0.92,high,False,IFCT2017 (matched via ingredient normalization)
2470,487.7,15.5,93.2,15.3,7.8,2.5,302.5,1.0,high,False,IFCT2017 (matched via ingredient normalization)
2473,204.8,18.1,20.0,5.2,15.6,1.0,340.7,0.93,high,False,IFCT2017 (matched via ingredient normalization)
2475,99.7,3.9,16.0,0.8,7.6,4.3,309.4,0.93,high,False,IFCT2017 (matched via ingredient normalization)
2477,242.8,13.6,30.5,13.9,18.0,1.6,619.7,1.0,high,False,IFCT2017 (matched via ingredient normalization)
2478,72.7,6.3,3.8,3.1,9.6,1.0,426.4,1.0,high,False,IFCT2017 (matched via ingredient normalization)
2479,87.7,3.6,10.4,0.9,10.1,2.2,306.6,0.71,medium,False,IFCT2017 (matched via ingredient normalization)
2480,402.1,15.4,64.6,6.3,13.8,4.6,1280.8,0.93,high,False,IFCT2017 (matched via ingredient normalization)
2481,40.0,3.0,3.5,3.8,2.6,1.2,244.3,0.92,high,False,IFCT2017 (matched via ingredient normalization)
2482,842.9,48.1,111.6,10.8,76.7,5.0,396.5,0.84,high,False,IFCT2017 (matched via ingredient normalization)
2483,219.2,8.6,39.1,13.7,6.7,1.5,320.4,1.0,high,False,IFCT2017 (matched via ingredient normalization)
2486,766.3,37.6,109.6,23.9,30.1,5.5,671.6,0.93,high,False,IFCT2017 (matched via ingredient normalization)
2492,696.8,25.5,74.3,41.7,16.7,11.8,29.4,1.0,high,False,IFCT2017 (matched via ingredient normalization)
2499,160.0,1.1,36.1,1.5,1.7,34.3,211.0,0.92,high,False,IFCT2017 (matched via ingredient normalization)
2501,251.4,12.5,21.9,24.2,26.7,1.8,319.3,1.0,high,False,IFCT2017 (matched via ingredient normalization)
2502,268.3,8.0,21.6,13.3,1.0,21.1,63.3,1.0,high,False,IFCT2017 (matched via ingredient normalization)
2503,868.7,37.5,134.1,16.7,32.8,15.9,1269.6,0.96,high,False,IFCT2017 (matched via ingredient normalization)
2504,147.3,5.6,20.6,4.3,5.8,2.0,602.7,0.92,high,False,IFCT2017 (matched via ingredient normalization)
2505,111.9,3.3,22.4,3.2,2.1,0.5,294.8,0.92,high,False,IFCT2017 (matched via ingredient normalization)
2508,33.0,2.3,2.6,3.7,1.0,1.0,123.4,0.94,high,False,IFCT2017 (matched via ingredient normalization)
2509,265.5,7.7,49.9,2.0,6.1,2.9,312.7,1.0,high,False,IFCT2017 (matched via ingredient normalization)
2510,467.7,8.4,62.0,16.8,7.1,2.4,248.9,0.86,high,False,IFCT2017 (matched via ingredient normalization)
2511,99.9,3.4,17.8,0.7,6.2,4.9,295.5,1.0,high,False,IFCT2017 (matched via ingredient normalization)
2515,147.7,16.6,5.8,11.5,11.9,1.3,377.0,0.89,high,False,IFCT2017 (matched via ingredient normalization)
2516,122.3,7.7,16.3,5.0,6.4,1.1,310.8,1.0,high,False,IFCT2017 (matched via ingredient normalization)
2518,235.5,17.5,22.7,6.7,6.7,3.3,578.1,1.0,high,False,IFCT2017 (matched via ingredient normalization)
2519,63.5,4.6,6.4,27.6,5.4,0.3,301.5,1.0,high,False,IFCT2017 (matched via ingredient normalization)
2523,32.6,1.8,2.5,0.8,2.5,1.8,589.7,0.89,high,False,IFCT2017 (matched via ingredient normalization)
2524,238.2,19.8,18.1,54.4,35.1,3.1,678.6,1.0,high,False,IFCT2017 (matched via ingredient normalization)
2526,367.0,16.4,31.1,31.5,13.8,7.8,626.7,0.96,high,False,IFCT2017 (matched via ingredient normalization)
2529,217.8,5.3,20.1,23.6,10.4,10.3,307.3,1.0,high,False,IFCT2017 (matched via ingredient normalization)
2531,283.7,17.2,19.1,23.0,42.9,9.9,395.9,0.96,high,False,IFCT2017 (matched via ingredient normalization)
2532,453.2,15.9,36.4,27.9,13.6,1.8,11.7,1.0,high,False,IFCT2017 (matched via ingredient normalization)
2533,216.2,8.9,34.3,1.2,10.7,1.2,324.4,1.0,high,False,IFCT2017 (matched via ingredient normalization)
2534,126.2,12.3,4.1,6.2,6.0,1.8,340.9,1.0,high,False,IFCT2017 (matched via ingredient normalization)
2535,118.8,4.6,15.2,20.6,1.5,3.7,796.3,1.0,high,False,IFCT2017 (matched via ingredient normalization)
2536,841.3,31.7,139.8,10.2,36.0,4.8,332.3,1.0,high,False,IFCT2017 (matched via ingredient normalization)
2537,715.1,38.4,59.5,46.5,76.6,6.5,897.2,0.96,high,False,IFCT2017 (matched via ingredient normalization)
2538,51.1,2.0,7.5,0.5,4.8,1.3,221.3,1.0,high,False,IFCT2017 (matched via ingredient normalization)
2539,179.7,14.1,17.2,16.3,4.1,3.8,626.6,1.0,high,False,IFCT2017 (matched via ingredient normalization)
2541,128.8,5.6,15.6,15.1,13.7,4.4,350.1,0.87,high,False,IFCT2017 (matched via ingredient normalization)
2542,182.4,11.6,22.7,3.1,16.3,1.0,321.2,1.0,high,False,IFCT2017 (matched via ingredient normalization)
2547,149.6,20.5,3.7,4.9,5.6,2.3,359.6,1.0,high,False,IFCT2017 (matched via ingredient normalization)
2548,458.6,20.8,70.9,13.0,32.2,2.6,328.8,0.95,high,False,IFCT2017 (matched via ingredient normalization)
2551,300.2,20.9,41.0,3.5,9.7,1.6,406.6,1.0,high,False,IFCT2017 (matched via ingredient normalization)
2552,143.8,8.9,13.9,6.4,7.3,1.0,307.4,1.0,high,False,IFCT2017 (matched via ingredient normalization)
2554,353.1,13.0,37.3,31.6,7.5,4.0,12.5,1.0,high,False,IFCT2017 (matched via ingredient normalization)
2557,255.1,16.7,32.6,1.7,13.5,1.4,316.2,1.0,high,False,IFCT2017 (matched via ingredient normalization)
2560,273.7,8.5,49.4,3.3,5.9,4.0,312.8,0.92,high,False,IFCT2017 (matched via ingredient normalization)
2561,258.9,24.0,17.3,13.4,48.7,3.2,1252.6,1.0,high,False,IFCT2017 (matched via ingredient normalization)
2563,744.4,34.4,77.5,42.0,39.9,10.7,459.7,0.95,high,False,IFCT2017 (matched via ingredient normalization)
2565,897.1,39.2,88.6,146.1,50.2,3.1,851.5,0.85,high,False,IFCT2017 (matched via ingredient normalization)
2566,280.7,13.6,19.1,17.0,21.2,4.8,73.3,0.84,high,False,IFCT2017 (matched via ingredient normalization)
2567,110.6,4.1,17.6,76.1,3.8,1.4,121.0,1.0,high,False,IFCT2017 (matched via ingredient normalization)
2569,374.8,12.6,34.5,28.6,35.9,27.0,400.4,0.94,high,False,IFCT2017 (matched via ingredient normalization)
2570,48.3,2.9,2.9,2.5,1.7,2.5,17.9,1.0,high,False,IFCT2017 (matched via ingredient normalization)
2572,404.8,20.2,36.5,31.9,20.8,12.1,44.7,0.88,high,False,IFCT2017 (matched via ingredient normalization)
2573,20.3,1.3,1.3,12.8,2.5,0.6,300.9,0.9,high,False,IFCT2017 (matched via ingredient normalization)
2574,32.2,1.2,4.3,0.4,2.7,2.3,296.3,1.0,high,False,IFCT2017 (matched via ingredient normalization)
2576,65.4,11.2,1.9,4.9,1.1,0.1,318.8,1.0,high,False,IFCT2017 (matched via ingredient normalization)
2579,84.3,7.0,5.8,4.6,17.0,2.0,325.2,1.0,high,False,IFCT2017 (matched via ingredient normalization)
2580,604.4,40.6,16.2,41.3,30.2,9.5,137.0,1.0,high,False,IFCT2017 (matched via ingredient normalization)
2582,275.2,14.3,19.5,33.6,31.5,6.3,406.2,0.9,high,False,IFCT2017 (matched via ingredient normalization)
2583,133.8,8.3,12.4,2.5,7.1,2.1,377.7,1.0,high,False,IFCT2017 (matched via ingredient normalization)
2584,363.0,7.2,9.1,35.2,12.2,4.8,306.8,1.0,high,False,IFCT2017 (matched via ingredient normalization)
2585,2374.1,87.2,120.6,162.3,29.6,13.9,457.6,0.94,low,True,IFCT2017 (matched via ingredient normalization)
2586,235.3,17.1,26.3,4.6,13.8,1.8,611.2,1.0,high,False,IFCT2017 (matched via ingredient normalization)
2587,256.0,18.2,30.3,18.7,12.2,1.1,421.0,1.0,high,False,IFCT2017 (matched via ingredient normalization)
2589,91.1,2.5,18.8,0.2,1.5,0.4,293.2,0.8,high,False,IFCT2017 (matched via ingredient normalization)
2590,140.9,20.6,7.4,6.8,2.0,1.2,381.0,0.88,high,False,IFCT2017 (matched via ingredient normalization)
2592,329.8,20.6,49.2,14.5,8.5,1.5,716.3,0.88,high,False,IFCT2017 (matched via ingredient normalization)
2595,301.9,7.9,14.9,20.3,25.5,8.5,13.6,1.0,high,False,IFCT2017 (matched via ingredient normalization)
2596,306.1,7.0,8.5,29.4,11.3,3.1,248.0,1.0,high,False,IFCT2017 (matched via ingredient normalization)
2597,178.8,8.6,26.7,1.3,15.5,0.9,20.1,1.0,high,False,IFCT2017 (matched via ingredient normalization)
2602,478.5,13.9,31.6,33.5,41.9,18.4,428.8,0.95,high,False,IFCT2017 (matched via ingredient normalization)
2603,278.6,15.0,22.2,8.4,31.7,3.8,418.0,0.93,high,False,IFCT2017 (matched via ingredient normalization)
2604,65.4,7.3,4.6,0.8,4.9,1.0,411.9,0.92,high,False,IFCT2017 (matched via ingredient normalization)
2606,577.9,21.9,32.4,35.6,16.3,5.6,623.6,0.89,high,False,IFCT2017 (matched via ingredient normalization)
2608,216.3,5.3,6.7,18.7,12.3,2.3,315.7,0.93,high,False,IFCT2017 (matched via ingredient normalization)
2613,31.2,2.1,2.7,52.1,3.7,0.9,13.1,0.9,high,False,IFCT2017 (matched via ingredient normalization)
2615,222.4,7.1,43.9,5.2,2.8,1.2,134.4,1.0,high,False,IFCT2017 (matched via ingredient normalization)
2618,479.6,21.5,50.3,20.2,38.3,3.2,572.5,0.89,high,False,IFCT2017 (matched via ingredient normalization)
2619,362.5,29.4,28.5,14.5,13.4,13.1,122.3,1.0,high,False,IFCT2017 (matched via ingredient normalization)
2620,10.4,0.5,0.7,1.4,1.5,0.1,238.3,1.0,low,True,IFCT2017 (matched via ingredient normalization)
2622,127.4,5.1,10.4,41.2,19.0,1.9,659.8,0.95,high,False,IFCT2017 (matched via ingredient normalization)
2623,118.9,23.1,2.9,26.3,1.9,0.2,620.5,0.89,high,False,IFCT2017 (matched via ingredient normalization)
2627,199.7,12.1,14.0,8.7,5.3,8.6,608.9,1.0,high,False,IFCT2017 (matched via ingredient normalization)
2628,104.9,5.3,10.5,7.3,7.8,3.2,320.5,1.0,high,False,IFCT2017 (matched via ingredient normalization)
2629,176.8,8.9,25.6,14.8,7.6,1.0,308.4,1.0,high,False,IFCT2017 (matched via ingredient normalization)
2630,158.7,8.4,20.1,27.0,15.1,6.8,635.5,1.0,high,False,IFCT2017 (matched via ingredient normalization)
2631,130.2,14.4,4.8,7.5,11.9,1.5,351.7,0.94,high,False,IFCT2017 (matched via ingredient normalization)
2632,160.6,18.6,7.0,8.4,3.5,5.5,359.5,1.0,high,False,IFCT2017 (matched via ingredient normalization)
2633,272.0,18.8,33.8,3.9,23.8,1.8,353.1,0.91,high,False,IFCT2017 (matched via ingredient normalization)
2634,483.1,15.2,84.9,6.2,10.7,6.3,300.8,1.0,high,False,IFCT2017 (matched via ingredient normalization)
2640,292.7,14.2,34.8,36.4,15.4,11.1,712.4,1.0,high,False,IFCT2017 (matched via ingredient normalization)
2642,791.7,31.7,86.4,38.2,47.7,4.7,462.5,0.91,high,False,IFCT2017 (matched via ingredient normalization)
2643,237.1,7.0,48.2,18.9,2.0,1.2,195.0,1.0,high,False,IFCT2017 (matched via ingredient normalization)
2646,76.0,9.0,2.1,2.5,3.8,1.1,328.3,0.91,high,False,IFCT2017 (matched via ingredient normalization)
2649,284.2,11.8,27.3,12.2,38.4,23.3,327.9,1.0,high,False,IFCT2017 (matched via ingredient normalization)
2651,70.0,2.6,8.9,4.6,4.1,5.6,309.4,0.91,high,False,IFCT2017 (matched via ingredient normalization)
2653,364.1,27.0,46.2,16.8,12.6,1.3,603.7,1.0,high,False,IFCT2017 (matched via ingredient normalization)
2654,387.3,16.4,63.1,28.4,20.4,9.3,704.6,0.94,high,False,IFCT2017 (matched via ingredient normalization)
2655,102.7,5.4,14.5,0.6,4.5,0.5,304.7,1.0,high,False,IFCT2017 (matched via ingredient normalization)
2660,299.0,20.1,37.7,16.4,16.7,2.0,617.8,1.0,high,False,IFCT2017 (matched via ingredient normalization)
2661,95.6,6.5,9.5,2.7,9.6,2.4,350.5,1.0,high,False,IFCT2017 (matched via ingredient normalization)
2662,266.2,15.0,16.1,25.0,17.6,10.0,385.3,0.88,high,False,IFCT2017 (matched via ingredient normalization)
2667,658.1,47.3,34.0,38.4,33.5,6.1,693.7,1.0,high,False,IFCT2017 (matched via ingredient normalization)
2671,378.7,14.2,6.2,32.4,12.6,3.8,327.4,1.0,high,False,IFCT2017 (matched via ingredient normalization)
2672,135.0,4.4,23.6,0.6,4.1,0.7,301.6,1.0,high,False,IFCT2017 (matched via ingredient normalization)
2673,164.4,8.9,24.3,2.3,7.7,2.3,307.0,0.88,high,False,IFCT2017 (matched via ingredient normalization)
2674,756.5,29.7,39.5,55.9,22.4,5.2,95.6,0.86,high,False,IFCT2017 (matched via ingredient normalization)
2676,90.7,6.9,8.8,5.3,8.6,1.0,320.8,1.0,high,False,IFCT2017 (matched via ingredient normalization)
2678,58.6,2.8,7.2,1.9,4.3,5.3,303.4,0.92,high,False,IFCT2017 (matched via ingredient normalization)
2681,98.1,7.1,9.6,22.8,9.5,2.4,815.5,0.96,high,False,IFCT2017 (matched via ingredient normalization)
2684,311.0,16.5,31.8,11.7,22.1,1.3,384.4,0.82,high,False,IFCT2017 (matched via ingredient normalization)
2686,124.2,4.4,22.4,1.0,7.5,0.4,301.0,1.0,high,False,IFCT2017 (matched via ingredient normalization)
2688,328.0,5.8,57.0,17.4,5.3,44.6,164.0,1.0,high,False,IFCT2017 (matched via ingredient normalization)
2689,132.9,3.9,19.6,1.1,5.9,1.0,12.0,0.92,high,False,IFCT2017 (matched via ingredient normalization)
2691,61.3,3.5,6.0,8.8,8.3,3.6,546.8,1.0,high,False,IFCT2017 (matched via ingredient normalization)
2693,195.2,36.6,5.1,5.9,8.8,1.4,396.0,1.0,high,False,IFCT2017 (matched via ingredient normalization)
2694,5.1,0.2,0.7,0.1,0.5,0.1,0.3,1.0,low,True,IFCT2017 (matched via ingredient normalization)
2700,314.9,8.7,42.6,9.6,32.9,30.5,335.4,1.0,high,False,IFCT2017 (matched via ingredient normalization)
2701,172.7,17.6,10.7,3.8,4.8,2.8,887.6,1.0,high,False,IFCT2017 (matched via ingredient normalization)
2704,505.2,19.8,44.0,89.1,19.1,14.3,835.4,0.96,high,False,IFCT2017 (matched via ingredient normalization)
2710,90.0,4.1,10.9,5.1,6.8,0.6,311.6,1.0,high,False,IFCT2017 (matched via ingredient normalization)
2713,274.3,6.0,36.4,10.0,5.4,1.8,305.1,1.0,high,False,IFCT2017 (matched via ingredient normalization)
2720,233.0,12.3,19.7,10.1,8.6,18.5,69.4,0.83,high,False,IFCT2017 (matched via ingredient normalization)
2722,196.1,7.4,35.3,2.2,5.5,1.1,498.9,1.0,high,False,IFCT2017 (matched via ingredient normalization)
2730,91.6,3.0,16.6,12.9,4.8,1.6,306.8,0.83,high,False,IFCT2017 (matched via ingredient normalization)
2732,75.4,9.6,2.5,5.1,4.1,0.6,429.0,1.0,high,False,IFCT2017 (matched via ingredient normalization)
2736,69.3,3.3,4.0,9.9,4.8,2.0,494.5,1.0,high,False,IFCT2017 (matched via ingredient normalization)
2739,148.1,3.7,20.0,72.7,5.8,18.0,64.0,0.92,high,False,IFCT2017 (matched via ingredient normalization)
2740,159.5,22.7,6.9,7.3,6.9,2.1,356.8,1.0,high,False,IFCT2017 (matched via ingredient normalization)
2742,173.4,6.6,8.7,21.3,19.2,2.9,374.5,0.95,high,False,IFCT2017 (matched via ingredient normalization)
2745,500.4,14.3,98.6,14.4,8.9,3.3,1269.7,1.0,high,False,IFCT2017 (matched via ingredient normalization)
2752,130.1,5.6,6.4,12.5,8.6,2.7,417.4,1.0,high,False,IFCT2017 (matched via ingredient normalization)
2753,48.7,3.0,2.9,0.9,4.3,1.8,1173.2,0.83,high,False,IFCT2017 (matched via ingredient normalization)
2754,191.6,7.8,10.5,10.8,7.8,5.7,303.8,0.83,high,False,IFCT2017 (matched via ingredient normalization)
2755,122.0,1.8,25.6,25.5,2.5,22.0,309.3,1.0,high,False,IFCT2017 (matched via ingredient normalization)
2757,299.5,13.6,21.3,16.4,37.1,9.3,429.4,1.0,high,False,IFCT2017 (matched via ingredient normalization)
2759,54.7,3.8,4.4,13.8,11.1,2.2,303.7,0.91,high,False,IFCT2017 (matched via ingredient normalization)
2760,841.2,25.4,147.1,30.2,28.3,2.9,49.7,1.0,high,False,IFCT2017 (matched via ingredient normalization)
2763,125.7,8.8,12.8,4.4,9.8,1.0,230.6,0.89,high,False,IFCT2017 (matched via ingredient normalization)
2764,88.4,3.8,9.1,3.2,6.0,6.7,21.0,1.0,high,False,IFCT2017 (matched via ingredient normalization)
2765,115.7,4.1,17.4,13.8,5.5,6.3,302.1,1.0,high,False,IFCT2017 (matched via ingredient normalization)
2767,548.0,19.2,98.0,7.6,15.4,3.3,876.2,1.0,high,False,IFCT2017 (matched via ingredient normalization)
2772,171.2,6.8,29.1,2.6,6.3,2.1,239.1,1.0,high,False,IFCT2017 (matched via ingredient normalization)
2774,287.5,30.2,24.4,10.1,11.3,1.3,833.4,1.0,high,False,IFCT2017 (matched via ingredient normalization)
2776,653.3,38.1,64.9,86.1,14.8,13.2,63.4,0.93,high,False,IFCT2017 (matched via ingredient normalization)
2781,624.4,18.0,17.5,64.9,14.1,14.2,519.7,0.82,high,False,IFCT2017 (matched via ingredient normalization)
2783,69.2,4.2,5.5,9.0,9.4,2.6,299.0,1.0,high,False,IFCT2017 (matched via ingredient normalization)
2784,506.5,31.9,81.6,19.8,5.2,2.5,471.3,1.0,high,False,IFCT2017 (matched via ingredient normalization)
2788,183.9,8.3,26.4,11.2,7.2,2.9,310.2,1.0,high,False,IFCT2017 (matched via ingredient normalization)
2791,497.0,23.0,84.3,9.1,15.8,2.1,302.6,1.0,high,False,IFCT2017 (matched via ingredient normalization)
2793,92.9,4.5,9.4,5.6,8.5,1.7,323.9,1.0,high,False,IFCT2017 (matched via ingredient normalization)
2799,345.0,22.2,39.9,12.1,8.4,6.6,363.3,1.0,high,False,IFCT2017 (matched via ingredient normalization)
2800,206.8,16.8,20.7,15.8,6.3,1.4,349.4,1.0,high,False,IFCT2017 (matched via ingredient normalization)
2801,360.9,10.8,72.4,13.8,2.8,2.4,295.4,1.0,high,False,IFCT2017 (matched via ingredient normalization)
2807,119.7,13.4,9.2,35.0,3.9,0.6,426.5,0.93,high,False,IFCT2017 (matched via ingredient normalization)
2810,0.2,0.0,0.0,0.0,0.0,0.0,0.1,1.0,low,True,IFCT2017 (matched via ingredient normalization)
2811,707.5,30.9,38.9,58.4,20.9,8.5,386.6,0.92,high,False,IFCT2017 (matched via ingredient normalization)
2813,376.4,21.6,57.3,6.1,22.3,2.8,36.1,1.0,high,False,IFCT2017 (matched via ingredient normalization)
2816,44.5,2.1,3.2,9.3,3.4,1.0,199.1,0.91,high,False,IFCT2017 (matched via ingredient normalization)
2828,124.4,13.3,5.4,5.4,0.9,4.9,639.2,1.0,high,False,IFCT2017 (matched via ingredient normalization)
2831,102.0,14.3,3.8,26.9,5.6,0.8,344.0,1.0,high,False,IFCT2017 (matched via ingredient normalization)
2838,472.5,17.4,84.5,14.7,14.2,3.2,520.3,0.91,high,False,IFCT2017 (matched via ingredient normalization)
2841,55.8,3.2,3.9,2.2,6.7,1.4,314.4,1.0,high,False,IFCT2017 (matched via ingredient normalization)
2843,79.3,3.7,7.9,9.3,6.4,6.4,989.4,0.92,high,False,IFCT2017 (matched via ingredient normalization)
2846,109.6,5.8,8.4,16.2,9.3,4.3,326.9,0.92,high,False,IFCT2017 (matched via ingredient normalization)
2847,93.4,2.9,13.1,1.3,4.8,0.6,208.7,1.0,high,False,IFCT2017 (matched via ingredient normalization)
2848,246.1,17.0,28.6,10.2,11.7,4.7,329.4,0.95,high,False,IFCT2017 (matched via ingredient normalization)
2849,62.8,3.8,7.6,1.5,2.8,1.1,300.5,0.92,high,False,IFCT2017 (matched via ingredient normalization)
2850,412.8,16.4,65.0,6.6,15.2,4.7,1286.7,0.93,high,False,IFCT2017 (matched via ingredient normalization)
2852,90.3,12.5,4.1,5.4,4.4,1.3,342.4,1.0,high,False,IFCT2017 (matched via ingredient normalization)
2856,134.0,24.4,3.5,91.4,4.0,0.4,2061.4,0.86,high,False,IFCT2017 (matched via ingredient normalization)
2863,132.7,6.5,16.0,14.4,6.8,5.0,310.8,0.91,high,False,IFCT2017 (matched via ingredient normalization)
2866,154.6,10.8,7.6,16.0,2.3,6.0,305.6,0.85,high,False,IFCT2017 (matched via ingredient normalization)
2872,266.3,44.3,6.6,4.1,13.4,1.9,733.9,0.88,high,False,IFCT2017 (matched via ingredient normalization)
2873,136.0,5.1,23.2,12.8,4.8,1.2,297.4,1.0,high,False,IFCT2017 (matched via ingredient normalization)
2874,690.6,34.8,115.3,39.9,13.1,3.2,420.8,0.94,high,False,IFCT2017 (matched via ingredient normalization)
2875,150.1,8.0,14.9,22.0,15.1,1.6,822.8,0.95,high,False,IFCT2017 (matched via ingredient normalization)
2879,67.0,3.9,5.8,3.0,8.1,1.0,322.3,0.95,high,False,IFCT2017 (matched via ingredient normalization)
2880,105.7,5.1,8.1,3.0,12.3,1.8,330.8,1.0,high,False,IFCT2017 (matched via ingredient normalization)
2883,1055.2,52.6,174.7,17.1,41.3,4.4,488.0,1.0,high,False,IFCT2017 (matched via ingredient normalization)
2884,354.9,14.4,51.0,9.1,13.6,1.3,332.0,0.88,high,False,IFCT2017 (matched via ingredient normalization)
2887,447.6,13.7,86.1,3.9,7.1,2.3,791.1,0.92,high,False,IFCT2017 (matched via ingredient normalization)
2888,213.6,13.1,11.6,14.4,32.2,2.7,912.9,0.92,high,False,IFCT2017 (matched via ingredient normalization)
2889,199.3,14.9,22.0,9.2,9.8,3.0,265.2,0.88,high,False,IFCT2017 (matched via ingredient normalization)
2893,202.0,8.5,10.6,14.8,11.2,6.8,390.9,1.0,high,False,IFCT2017 (matched via ingredient normalization)
2897,278.1,16.6,21.2,10.9,30.2,2.4,423.9,0.81,high,False,IFCT2017 (matched via ingredient normalization)
2899,638.4,10.7,63.6,33.4,20.6,47.8,34.9,1.0,high,False,IFCT2017 (matched via ingredient normalization)
2902,279.0,4.8,24.1,17.5,6.4,2.6,782.7,1.0,high,False,IFCT2017 (matched via ingredient normalization)
2904,569.2,9.2,102.5,8.9,5.0,33.1,17.5,0.83,high,False,IFCT2017 (matched via ingredient normalization)
2907,46.8,0.2,7.1,0.5,1.9,7.1,1.0,1.0,high,False,IFCT2017 (matched via ingredient normalization)
2912,336.2,17.6,16.7,21.3,35.8,8.0,64.5,1.0,high,False,IFCT2017 (matched via ingredient normalization)
2920,61.5,3.1,4.2,17.8,5.0,1.4,297.4,1.0,high,False,IFCT2017 (matched via ingredient normalization)
2928,181.3,4.9,28.4,1.1,6.1,0.9,16.9,1.0,high,False,IFCT2017 (matched via ingredient normalization)
2929,221.2,11.9,15.1,16.3,23.1,3.9,702.5,0.93,high,False,IFCT2017 (matched via ingredient normalization)
2934,123.2,9.3,7.5,15.6,18.4,2.1,331.4,1.0,high,False,IFCT2017 (matched via ingredient normalization)
2939,129.0,6.8,8.0,15.7,16.4,3.3,322.7,1.0,high,False,IFCT2017 (matched via ingredient normalization)
2943,143.5,10.5,13.7,78.9,18.3,1.4,771.8,0.94,high,False,IFCT2017 (matched via ingredient normalization)
2945,400.0,26.2,25.4,57.6,5.8,21.6,1780.0,0.93,high,False,IFCT2017 (matched via ingredient normalization)
2947,336.0,29.6,40.5,23.2,13.1,6.0,879.3,0.93,high,False,IFCT2017 (matched via ingredient normalization)
2948,162.0,6.6,21.1,14.1,10.3,1.4,337.9,1.0,high,False,IFCT2017 (matched via ingredient normalization)
2950,197.8,7.5,10.2,14.7,7.0,8.2,354.7,1.0,high,False,IFCT2017 (matched via ingredient normalization)
2952,186.1,17.3,7.2,12.9,3.6,6.1,331.6,1.0,high,False,IFCT2017 (matched via ingredient normalization)
2953,236.5,12.0,24.8,12.4,24.3,4.7,591.7,1.0,high,False,IFCT2017 (matched via ingredient normalization)
2955,251.6,16.0,12.9,24.6,11.0,3.6,366.6,1.0,high,False,IFCT2017 (matched via ingredient normalization)
2960,365.3,22.3,25.4,38.3,31.1,4.6,1036.6,0.96,high,False,IFCT2017 (matched via ingredient normalization)
2964,771.5,30.4,12.3,78.2,24.2,7.8,378.9,1.0,high,False,IFCT2017 (matched via ingredient normalization)
2965,101.7,4.4,6.3,18.6,10.9,1.0,20.7,0.92,high,False,IFCT2017 (matched via ingredient normalization)
2967,215.1,15.5,26.4,14.3,16.4,1.7,329.0,1.0,high,False,IFCT2017 (matched via ingredient normalization)
2980,192.6,7.9,25.1,8.1,10.5,1.3,322.8,1.0,high,False,IFCT2017 (matched via ingredient normalization)
2982,113.1,12.1,6.9,2.0,5.0,4.5,37.0,1.0,high,False,IFCT2017 (matched via ingredient normalization)
2983,116.2,8.7,12.8,4.9,9.0,1.6,308.2,0.92,high,False,IFCT2017 (matched via ingredient normalization)
2984,257.0,13.2,9.4,27.5,26.6,2.7,377.1,0.95,high,False,IFCT2017 (matched via ingredient normalization)
2988,582.7,32.6,26.2,46.7,39.1,13.0,434.1,0.95,high,False,IFCT2017 (matched via ingredient normalization)
2990,416.8,31.8,41.8,9.1,16.1,4.6,1118.9,0.9,high,False,IFCT2017 (matched via ingredient normalization)
2991,526.6,26.4,77.7,21.9,22.6,6.6,581.5,1.0,high,False,IFCT2017 (matched via ingredient normalization)
2993,195.8,10.2,10.3,25.5,25.9,1.4,503.8,0.92,high,False,IFCT2017 (matched via ingredient normalization)
2997,836.7,18.0,161.1,72.4,10.2,87.4,37.6,1.0,high,False,IFCT2017 (matched via ingredient normalization)
2998,775.7,19.1,111.2,37.6,11.7,5.5,300.1,1.0,high,False,IFCT2017 (matched via ingredient normalization)
3009,6.6,0.3,0.5,0.2,0.4,0.2,243.6,0.83,low,True,IFCT2017 (matched via ingredient normalization)
3010,59.3,3.7,3.9,6.1,7.2,1.5,330.6,1.0,high,False,IFCT2017 (matched via ingredient normalization)
3012,159.4,8.4,6.9,12.3,15.8,1.7,73030.5,0.95,high,False,IFCT2017 (matched via ingredient normalization)
3014,346.8,23.1,14.1,24.4,13.3,12.9,355.4,1.0,high,False,IFCT2017 (matched via ingredient normalization)
3015,767.6,39.7,120.8,18.2,35.1,4.5,353.3,0.88,high,False,IFCT2017 (matched via ingredient normalization)
3018,539.2,19.1,95.3,45.5,13.5,4.0,915.2,0.96,high,False,IFCT2017 (matched via ingredient normalization)
3022,189.3,5.6,36.6,15.0,1.4,1.6,246.8,1.0,high,False,IFCT2017 (matched via ingredient normalization)
3024,1506.8,34.9,44.7,145.5,25.8,17.1,616.9,0.77,low,True,IFCT2017 (matched via ingredient normalization)
3026,1476.1,49.4,61.4,115.1,46.6,9.5,764.5,0.89,low,True,IFCT2017 (matched via ingredient normalization)
3028,477.7,15.7,87.1,16.3,10.2,4.1,316.0,0.92,high,False,IFCT2017 (matched via ingredient normalization)
3029,470.6,10.6,49.5,25.5,14.3,3.1,154.2,0.9,high,False,IFCT2017 (matched via ingredient normalization)
3031,70.2,4.7,4.0,3.9,7.8,2.0,327.7,1.0,high,False,IFCT2017 (matched via ingredient normalization)
3033,198.8,6.7,8.4,13.5,14.0,5.8,30.0,1.0,high,False,IFCT2017 (matched via ingredient normalization)
3036,384.2,9.7,70.8,14.2,7.3,0.7,314.3,1.0,high,False,IFCT2017 (matched via ingredient normalization)
3037,366.8,19.7,35.5,12.3,30.6,7.0,331.7,1.0,high,False,IFCT2017 (matched via ingredient normalization)
3042,267.5,9.9,14.2,18.1,10.7,2.4,301.3,0.92,high,False,IFCT2017 (matched via ingredient normalization)
3045,102.4,7.5,5.1,5.4,10.9,2.5,335.6,1.0,high,False,IFCT2017 (matched via ingredient normalization)
3048,385.2,29.1,51.8,26.8,22.8,0.8,600.4,1.0,high,False,IFCT2017 (matched via ingredient normalization)
3050,67.5,5.0,5.3,2.0,12.4,0.6,343.5,1.0,high,False,IFCT2017 (matched via ingredient normalization)
3051,223.3,8.0,5.1,18.8,16.7,2.4,314.6,1.0,high,False,IFCT2017 (matched via ingredient normalization)
3053,205.7,11.7,17.0,3.5,21.5,3.7,323.4,0.89,high,False,IFCT2017 (matched via ingredient normalization)
3056,164.1,2.1,2.2,15.9,4.8,2.0,297.3,0.8,high,False,IFCT2017 (matched via ingredient normalization)
3057,168.1,12.8,13.5,22.6,10.8,3.6,619.8,0.91,high,False,IFCT2017 (matched via ingredient normalization)
3058,356.0,19.4,21.1,27.1,43.2,4.8,494.7,1.0,high,False,IFCT2017 (matched via ingredient normalization)
3060,158.1,8.8,17.6,3.5,22.2,1.5,345.0,0.94,high,False,IFCT2017 (matched via ingredient normalization)
3061,246.9,6.2,13.1,16.7,12.1,3.0,31.1,1.0,high,False,IFCT2017 (matched via ingredient normalization)
3062,278.9,6.6,17.2,21.9,15.6,13.2,316.1,1.0,high,False,IFCT2017 (matched via ingredient normalization)
3065,286.0,8.0,29.2,19.8,28.4,12.7,663.1,0.93,high,False,IFCT2017 (matched via ingredient normalization)
3073,278.6,19.0,33.6,2.8,37.5,2.0,339.8,1.0,high,False,IFCT2017 (matched via ingredient normalization)
3074,201.1,5.3,35.7,5.2,4.9,0.4,372.5,1.0,high,False,IFCT2017 (matched via ingredient normalization)
3075,234.6,15.9,28.4,6.7,15.2,1.3,332.8,1.0,high,False,IFCT2017 (matched via ingredient normalization)
3076,472.0,16.8,78.7,16.3,13.1,6.2,618.7,1.0,high,False,IFCT2017 (matched via ingredient normalization)
3077,1486.5,57.6,148.3,43.3,81.5,44.0,200.6,1.0,low,True,IFCT2017 (matched via ingredient normalization)
3078,297.0,10.3,36.8,20.9,11.5,26.1,627.2,1.0,high,False,IFCT2017 (matched via ingredient normalization)
3081,129.4,7.3,16.8,13.5,5.5,1.4,368.0,1.0,high,False,IFCT2017 (matched via ingredient normalization)
3083,99.4,5.4,5.9,4.7,7.4,3.1,531.7,0.83,high,False,IFCT2017 (matched via ingredient normalization)
3084,233.6,18.3,23.2,25.5,15.1,21.7,340.7,1.0,high,False,IFCT2017 (matched via ingredient normalization)
3086,218.3,8.2,30.0,18.0,5.1,0.8,297.4,1.0,high,False,IFCT2017 (matched via ingredient normalization)
3089,305.7,9.8,47.0,26.9,12.0,1.4,623.4,0.9,high,False,IFCT2017 (matched via ingredient normalization)
3090,94.2,4.0,4.4,11.3,12.7,1.4,328.8,1.0,high,False,IFCT2017 (matched via ingredient normalization)
3091,427.7,5.8,26.6,32.0,10.9,14.1,315.6,1.0,high,False,IFCT2017 (matched via ingredient normalization)
3092,499.7,20.2,83.8,66.3,13.7,2.6,307.4,1.0,high,False,IFCT2017 (matched via ingredient normalization)
3094,90.6,4.2,9.8,13.1,5.2,0.7,296.4,1.0,high,False,IFCT2017 (matched via ingredient normalization)
3095,313.2,12.2,42.4,9.5,15.7,4.4,385.3,0.92,high,False,IFCT2017 (matched via ingredient normalization)
3097,215.6,10.1,37.2,5.4,7.7,0.5,653.9,0.83,high,False,IFCT2017 (matched via ingredient normalization)
3099,36.0,1.5,5.8,4.3,2.6,0.6,194.9,1.0,high,False,IFCT2017 (matched via ingredient normalization)
3103,22.5,2.0,1.3,0.9,1.9,0.5,89.9,0.85,high,False,IFCT2017 (matched via ingredient normalization)
3104,329.7,52.3,1.5,13.6,1.0,0.4,164.3,0.88,high,False,IFCT2017 (matched via ingredient normalization)
3105,202.7,6.3,37.0,16.8,6.0,0.7,785.8,0.92,high,False,IFCT2017 (matched via ingredient normalization)
3106,37.6,2.3,2.4,1.8,3.5,0.8,302.2,0.91,high,False,IFCT2017 (matched via ingredient normalization)
3107,457.1,44.0,12.6,38.1,14.9,2.1,397.5,0.93,high,False,IFCT2017 (matched via ingredient normalization)
3111,222.9,5.1,24.1,10.8,20.6,22.0,307.4,1.0,high,False,IFCT2017 (matched via ingredient normalization)
3112,275.0,10.5,19.2,14.1,2.6,11.1,81.2,0.33,low,False,IFCT2017 (matched via ingredient normalization)
3114,374.5,31.7,28.2,23.3,10.5,2.4,360.1,1.0,high,False,IFCT2017 (matched via ingredient normalization)
3115,1342.8,31.3,253.6,51.2,47.1,4.0,622.7,1.0,low,True,IFCT2017 (matched via ingredient normalization)
3118,62.3,3.6,6.8,2.2,6.2,2.7,339.6,0.85,high,False,IFCT2017 (matched via ingredient normalization)
3120,98.7,6.0,6.5,3.0,11.8,2.8,152.0,0.9,high,False,IFCT2017 (matched via ingredient normalization)
3121,124.7,3.7,6.8,8.5,7.7,3.3,306.7,1.0,high,False,IFCT2017 (matched via ingredient normalization)
3132,331.3,16.8,22.4,21.4,12.1,2.9,728.6,1.0,high,False,IFCT2017 (matched via ingredient normalization)
3133,296.3,16.2,17.2,20.5,28.4,8.4,372.5,0.94,high,False,IFCT2017 (matched via ingredient normalization)
3134,351.2,21.8,47.4,2.5,22.5,7.2,320.2,0.95,high,False,IFCT2017 (matched via ingredient normalization)
3135,950.1,28.5,157.8,13.5,20.0,11.1,464.1,1.0,high,False,IFCT2017 (matched via ingredient normalization)
3138,87.5,6.4,5.6,6.3,7.2,3.0,240.2,1.0,high,False,IFCT2017 (matched via ingredient normalization)
3140,77.4,5.6,7.0,2.7,6.6,0.9,348.5,1.0,high,False,IFCT2017 (matched via ingredient normalization)
3143,247.9,7.8,37.7,1.4,14.6,22.9,305.1,1.0,high,False,IFCT2017 (matched via ingredient normalization)
3146,156.2,5.8,15.4,31.0,7.8,2.6,313.6,0.93,high,False,IFCT2017 (matched via ingredient normalization)
3147,122.8,13.7,5.2,13.0,11.3,1.4,445.8,1.0,high,False,IFCT2017 (matched via ingredient normalization)
3149,101.8,16.0,2.7,5.7,6.3,0.6,339.6,1.0,high,False,IFCT2017 (matched via ingredient normalization)
3150,263.8,6.0,16.4,17.7,10.3,13.9,23.3,1.0,high,False,IFCT2017 (matched via ingredient normalization)
3151,82.1,4.3,10.8,1.3,5.6,2.7,319.7,1.0,high,False,IFCT2017 (matched via ingredient normalization)
3153,86.7,11.5,3.3,1.2,3.9,2.2,344.2,1.0,high,False,IFCT2017 (matched via ingredient normalization)
3155,668.1,23.6,54.8,36.7,14.9,12.1,30.0,1.0,high,False,IFCT2017 (matched via ingredient normalization)
3156,361.6,10.9,73.0,2.2,3.7,2.4,301.9,1.0,high,False,IFCT2017 (matched via ingredient normalization)
3163,188.3,11.9,16.5,6.3,26.2,10.1,332.6,1.0,high,False,IFCT2017 (matched via ingredient normalization)
3165,463.4,37.2,59.5,5.9,29.9,0.9,490.7,1.0,high,False,IFCT2017 (matched via ingredient normalization)
3166,24.1,1.3,1.4,13.7,2.3,0.3,234.1,1.0,high,False,IFCT2017 (matched via ingredient normalization)
3173,246.1,10.8,33.0,8.3,16.9,5.5,327.5,1.0,high,False,IFCT2017 (matched via ingredient normalization)
3174,104.5,7.3,9.8,6.0,15.3,2.3,339.2,1.0,high,False,IFCT2017 (matched via ingredient normalization)
3177,1109.7,65.9,103.8,44.0,7.2,31.7,175.5,1.0,high,False,IFCT2017 (matched via ingredient normalization)
3179,665.3,21.0,97.9,12.7,20.1,1.9,327.1,1.0,high,False,IFCT2017 (matched via ingredient normalization)
3183,142.7,6.4,22.3,25.7,7.4,1.3,299.8,0.92,high,False,IFCT2017 (matched via ingredient normalization)
3186,787.8,59.9,103.3,6.6,49.9,2.9,653.6,0.92,high,False,IFCT2017 (matched via ingredient normalization)
3191,309.1,11.0,55.4,14.6,9.0,2.7,329.9,1.0,high,False,IFCT2017 (matched via ingredient normalization)
3193,174.8,5.9,11.1,13.3,12.3,6.9,396.0,1.0,high,False,IFCT2017 (matched via ingredient normalization)
3194,349.8,23.4,49.0,14.3,18.3,1.2,322.9,0.86,high,False,IFCT2017 (matched via ingredient normalization)
3202,469.1,13.8,95.8,17.7,3.7,2.4,648.0,1.0,high,False,IFCT2017 (matched via ingredient normalization)
3203,429.5,13.6,67.9,21.7,14.8,13.2,309.0,1.0,high,False,IFCT2017 (matched via ingredient normalization)
3204,1163.9,35.2,21.0,123.5,44.4,12.6,991.7,0.88,high,False,IFCT2017 (matched via ingredient normalization)
3210,71.7,4.1,6.5,2.8,4.9,1.3,303.2,1.0,high,False,IFCT2017 (matched via ingredient normalization)
3214,260.2,10.3,41.4,2.0,18.0,12.4,413.1,1.0,high,False,IFCT2017 (matched via ingredient normalization)
3215,160.4,3.6,31.2,8.5,5.6,0.2,293.1,1.0,high,False,IFCT2017 (matched via ingredient normalization)
3216,395.5,16.5,35.8,22.7,28.1,3.4,369.1,0.93,high,False,IFCT2017 (matched via ingredient normalization)
3221,82.7,3.7,12.2,12.9,3.9,1.0,301.6,1.0,high,False,IFCT2017 (matched via ingredient normalization)
3225,518.7,30.4,33.5,26.9,7.1,18.0,340.5,0.79,high,False,IFCT2017 (matched via ingredient normalization)
3227,1860.3,56.3,133.4,114.4,18.0,10.5,623.1,1.0,low,True,IFCT2017 (matched via ingredient normalization)
3230,184.1,8.0,26.2,14.3,14.8,3.8,318.2,1.0,high,False,IFCT2017 (matched via ingredient normalization)
3234,1522.0,79.4,112.5,94.1,208.0,19.7,2018.9,0.79,low,True,IFCT2017 (matched via ingredient normalization)
3237,330.1,44.4,19.9,5.5,5.6,3.4,1272.8,1.0,high,False,IFCT2017 (matched via ingredient normalization)
3238,92.0,3.5,7.0,53.9,3.3,4.9,17.9,1.0,high,False,IFCT2017 (matched via ingredient normalization)
3239,59.3,1.2,2.1,71.2,2.6,1.5,294.8,1.0,high,False,IFCT2017 (matched via ingredient normalization)
3240,244.4,3.7,18.8,16.1,4.8,1.8,295.5,0.8,high,False,IFCT2017 (matched via ingredient normalization)
3241,828.9,37.2,72.6,39.0,44.4,16.3,369.1,1.0,high,False,IFCT2017 (matched via ingredient normalization)
3243,252.9,9.7,38.3,14.8,10.7,3.2,354.9,0.94,high,False,IFCT2017 (matched via ingredient normalization)
3245,388.8,11.5,62.1,4.3,11.6,1.1,7.4,1.0,high,False,IFCT2017 (matched via ingredient normalization)
3247,440.8,8.3,24.8,44.2,15.2,19.7,310.1,1.0,high,False,IFCT2017 (matched via ingredient normalization)
3250,85.8,8.2,5.9,4.1,2.1,2.7,331.8,0.91,high,False,IFCT2017 (matched via ingredient normalization)
3252,460.2,16.0,78.5,11.7,18.7,4.0,372.9,0.94,high,False,IFCT2017 (matched via ingredient normalization)
3254,32.9,1.9,2.6,19.5,5.3,0.8,326.3,0.92,high,False,IFCT2017 (matched via ingredient normalization)
3255,242.9,6.9,37.7,27.5,9.3,1.5,314.5,1.0,high,False,IFCT2017 (matched via ingredient normalization)
3260,227.6,29.1,13.7,9.9,17.9,2.5,699.5,1.0,high,False,IFCT2017 (matched via ingredient normalization)
3262,115.9,2.7,20.0,13.0,3.5,5.5,296.9,0.88,high,False,IFCT2017 (matched via ingredient normalization)
3266,123.1,21.2,2.5,1.7,3.2,1.2,344.5,1.0,high,False,IFCT2017 (matched via ingredient normalization)
3268,542.1,23.0,83.6,2.7,25.9,5.3,619.4,1.0,high,False,IFCT2017 (matched via ingredient normalization)
3270,132.7,7.2,17.4,2.0,7.2,1.7,323.8,1.0,high,False,IFCT2017 (matched via ingredient normalization)
3273,222.7,8.5,41.1,1.1,7.6,1.6,300.8,1.0,high,False,IFCT2017 (matched via ingredient normalization)
3275,89.0,7.1,4.5,16.3,7.9,2.7,334.4,1.0,high,False,IFCT2017 (matched via ingredient normalization)
3276,79.1,3.6,5.5,15.8,6.3,1.8,301.0,0.94,high,False,IFCT2017 (matched via ingredient normalization)
3278,239.5,14.2,24.4,10.1,8.4,1.2,304.0,0.82,high,False,IFCT2017 (matched via ingredient normalization)
3280,275.9,7.6,18.4,28.9,19.2,1.6,231.9,1.0,high,False,IFCT2017 (matched via ingredient normalization)
3282,58.9,2.9,8.2,22.1,4.1,0.7,756.6,0.92,high,False,IFCT2017 (matched via ingredient normalization)
3283,85.9,3.3,11.2,5.0,8.0,8.0,509.7,1.0,high,False,IFCT2017 (matched via ingredient normalization)
3285,94.9,6.2,7.4,6.0,10.0,3.4,613.7,1.0,high,False,IFCT2017 (matched via ingredient normalization)
3286,672.3,36.4,48.0,55.0,52.9,5.0,683.1,1.0,high,False,IFCT2017 (matched via ingredient normalization)
3288,345.9,17.8,20.9,30.0,39.3,3.0,346.4,0.91,high,False,IFCT2017 (matched via ingredient normalization)
3289,99.7,3.4,19.2,0.3,3.3,1.1,292.4,1.0,high,False,IFCT2017 (matched via ingredient normalization)
3290,349.1,17.7,43.6,12.6,20.7,1.9,500.3,0.89,high,False,IFCT2017 (matched via ingredient normalization)
3296,214.0,7.8,38.7,13.6,5.9,1.6,312.5,1.0,high,False,IFCT2017 (matched via ingredient normalization)
3297,489.4,23.0,51.6,28.9,21.8,10.7,689.5,0.86,high,False,IFCT2017 (matched via ingredient normalization)
3299,149.6,5.9,17.8,4.5,9.8,1.9,605.7,0.87,high,False,IFCT2017 (matched via ingredient normalization)
3305,146.9,14.8,5.8,17.6,10.0,1.1,351.7,0.88,high,False,IFCT2017 (matched via ingredient normalization)
3308,373.1,25.4,23.9,27.6,42.6,3.9,1249.9,0.86,high,False,IFCT2017 (matched via ingredient normalization)
3310,408.7,21.5,31.6,12.7,44.1,4.5,771.8,0.96,high,False,IFCT2017 (matched via ingredient normalization)
3311,167.7,11.7,21.5,2.6,7.0,0.9,316.3,1.0,high,False,IFCT2017 (matched via ingredient normalization)
3313,83.2,5.0,7.9,5.7,12.5,4.4,333.5,1.0,high,False,IFCT2017 (matched via ingredient normalization)
3314,168.2,12.2,24.2,4.2,9.7,1.2,302.1,0.89,high,False,IFCT2017 (matched via ingredient normalization)
3316,72.4,5.3,8.3,10.5,6.4,0.6,402.1,1.0,high,False,IFCT2017 (matched via ingredient normalization)
3317,73.0,1.2,9.7,7.9,1.4,6.1,118.9,1.0,high,False,IFCT2017 (matched via ingredient normalization)
3319,37.8,2.8,2.5,3.3,4.3,0.7,317.7,1.0,high,False,IFCT2017 (matched via ingredient normalization)
3320,1401.1,55.8,238.1,74.6,16.2,16.9,1850.0,0.96,low,True,IFCT2017 (matched via ingredient normalization)
3321,307.1,17.2,39.0,7.1,37.9,22.5,330.5,1.0,high,False,IFCT2017 (matched via ingredient normalization)
3322,391.3,13.0,29.7,22.8,26.9,4.5,378.8,0.89,high,False,IFCT2017 (matched via ingredient normalization)
3323,321.5,21.6,39.2,13.4,30.9,1.3,617.0,0.92,high,False,IFCT2017 (matched via ingredient normalization)
3326,43.0,1.8,4.4,0.5,2.8,3.7,132.7,0.83,high,False,IFCT2017 (matched via ingredient normalization)
3327,403.9,11.8,80.1,2.6,6.9,4.4,574.2,1.0,high,False,IFCT2017 (matched via ingredient normalization)
3329,83.4,4.3,8.2,18.9,9.8,4.8,303.0,1.0,high,False,IFCT2017 (matched via ingredient normalization)
3331,200.6,13.8,10.3,11.5,3.8,7.9,306.4,0.85,high,False,IFCT2017 (matched via ingredient normalization)
3334,572.5,32.6,75.1,15.2,32.8,3.0,1232.3,1.0,high,False,IFCT2017 (matched via ingredient normalization)
3337,205.1,29.9,7.8,12.5,9.2,1.5,355.1,1.0,high,False,IFCT2017 (matched via ingredient normalization)
3338,222.1,10.9,16.3,19.0,12.3,9.7,512.6,1.0,high,False,IFCT2017 (matched via ingredient normalization)
3339,314.4,13.3,45.2,5.1,39.2,2.9,527.9,0.8,high,False,IFCT2017 (matched via ingredient normalization)
3341,421.3,20.4,19.1,30.0,8.1,8.6,269.0,0.94,high,False,IFCT2017 (matched via ingredient normalization)
3343,41.8,2.6,5.2,13.2,7.1,0.2,301.4,1.0,high,False,IFCT2017 (matched via ingredient normalization)
3347,383.2,18.9,63.9,29.1,8.6,1.9,423.2,0.89,high,False,IFCT2017 (matched via ingredient normalization)
3353,145.7,5.5,21.1,5.9,10.8,7.5,298.0,1.0,high,False,IFCT2017 (matched via ingredient normalization)
3354,84.5,6.7,5.9,9.1,10.3,2.0,46.7,1.0,high,False,IFCT2017 (matched via ingredient normalization)
3356,910.2,47.6,132.0,20.3,59.4,27.3,96.6,0.95,high,False,IFCT2017 (matched via ingredient normalization)
3359,136.7,8.9,10.1,3.0,12.7,2.9,249.5,1.0,high,False,IFCT2017 (matched via ingredient normalization)
3361,103.4,6.7,14.7,3.2,7.5,3.4,303.7,1.0,high,False,IFCT2017 (matched via ingredient normalization)
3362,120.7,6.3,16.9,1.3,9.5,3.2,348.2,0.94,high,False,IFCT2017 (matched via ingredient normalization)
3364,132.1,5.8,3.1,10.4,5.5,1.2,326.8,1.0,high,False,IFCT2017 (matched via ingredient normalization)
3365,207.9,4.7,5.1,18.5,6.6,4.4,310.7,1.0,high,False,IFCT2017 (matched via ingredient normalization)
3366,480.4,39.0,15.1,36.9,36.0,4.2,483.2,0.87,high,False,IFCT2017 (matched via ingredient normalization)
3367,277.1,7.0,27.2,13.9,13.0,20.8,306.5,1.0,high,False,IFCT2017 (matched via ingredient normalization)
3368,246.9,20.0,18.6,5.4,15.3,1.4,329.0,1.0,high,False,IFCT2017 (matched via ingredient normalization)
3371,100.4,5.6,11.7,5.6,6.3,1.3,602.8,0.94,high,False,IFCT2017 (matched via ingredient normalization)
3372,327.9,19.7,46.3,16.0,15.3,1.0,310.5,1.0,high,False,IFCT2017 (matched via ingredient normalization)
3374,195.5,8.0,26.4,3.4,7.2,3.4,314.3,0.93,high,False,IFCT2017 (matched via ingredient normalization)
3376,747.6,10.4,26.2,67.7,21.3,21.5,32.1,1.0,high,False,IFCT2017 (matched via ingredient normalization)
3381,170.3,8.1,19.9,15.6,7.3,1.6,322.7,1.0,high,False,IFCT2017 (matched via ingredient normalization)
3383,1053.1,46.8,66.0,66.7,43.9,6.8,562.0,0.91,high,False,IFCT2017 (matched via ingredient normalization)
3384,422.2,22.4,29.5,24.0,24.7,3.1,656.7,1.0,high,False,IFCT2017 (matched via ingredient normalization)
3385,626.9,33.5,66.6,39.1,36.2,11.0,639.8,1.0,high,False,IFCT2017 (matched via ingredient normalization)
3387,61.5,3.2,5.4,0.9,5.1,2.6,311.4,1.0,high,False,IFCT2017 (matched via ingredient normalization)
3388,265.9,5.8,13.6,38.5,9.6,10.6,300.5,1.0,high,False,IFCT2017 (matched via ingredient normalization)
3390,79.9,3.2,11.2,8.2,6.8,9.0,307.2,0.73,medium,False,IFCT2017 (matched via ingredient normalization)
3391,373.0,11.1,73.9,33.6,5.1,3.0,973.2,1.0,high,False,IFCT2017 (matched via ingredient normalization)
3394,205.3,6.7,37.7,21.2,4.4,1.3,294.6,1.0,high,False,IFCT2017 (matched via ingredient normalization)
3395,826.0,36.3,121.8,11.8,26.1,7.5,343.9,1.0,high,False,IFCT2017 (matched via ingredient normalization)
3396,123.6,5.5,19.1,13.0,5.8,1.2,310.2,1.0,high,False,IFCT2017 (matched via ingredient normalization)
3399,1357.5,56.1,215.2,46.9,28.1,3.5,592.8,1.0,low,True,IFCT2017 (matched via ingredient normalization)
3401,44.8,2.4,4.9,0.7,4.2,4.1,299.5,1.0,high,False,IFCT2017 (matched via ingredient normalization)
3402,51.9,7.9,1.9,13.3,3.0,0.3,313.0,1.0,high,False,IFCT2017 (matched via ingredient normalization)
3404,291.6,28.2,26.6,7.4,21.0,2.5,701.2,1.0,high,False,IFCT2017 (matched via ingredient normalization)
3405,382.8,12.4,73.6,16.2,6.6,2.1,327.7,1.0,high,False,IFCT2017 (matched via ingredient normalization)
3406,1448.3,32.9,26.9,192.4,14.5,11.9,585.3,0.8,low,True,IFCT2017 (matched via ingredient normalization)
3407,272.0,16.8,29.9,17.7,10.9,1.1,311.2,0.88,high,False,IFCT2017 (matched via ingredient normalization)
3413,200.6,7.5,18.2,8.6,16.2,10.2,183.9,0.78,high,False,IFCT2017 (matched via ingredient normalization)
3415,354.0,10.5,71.9,13.4,2.9,1.8,292.4,1.0,high,False,IFCT2017 (matched via ingredient normalization)
3416,151.4,7.2,19.8,21.5,9.2,3.0,335.9,0.93,high,False,IFCT2017 (matched via ingredient normalization)
3418,124.4,4.8,13.9,16.6,5.7,2.2,301.8,1.0,high,False,IFCT2017 (matched via ingredient normalization)
3420,49.1,2.2,5.5,0.8,5.9,3.1,206.7,1.0,high,False,IFCT2017 (matched via ingredient normalization)
3422,49.3,3.2,3.4,5.5,6.0,0.6,205.2,1.0,high,False,IFCT2017 (matched via ingredient normalization)
3423,299.4,12.7,37.2,13.1,7.6,1.5,669.2,1.0,high,False,IFCT2017 (matched via ingredient normalization)
3425,145.4,4.7,24.3,0.9,6.2,0.6,303.9,1.0,high,False,IFCT2017 (matched via ingredient normalization)
3427,271.7,10.7,48.3,1.9,6.2,2.7,827.1,1.0,high,False,IFCT2017 (matched via ingredient normalization)
3428,90.2,2.7,14.0,15.8,7.4,12.6,299.9,0.9,high,False,IFCT2017 (matched via ingredient normalization)
3429,759.1,28.3,46.8,65.7,63.1,10.1,828.4,1.0,high,False,IFCT2017 (matched via ingredient normalization)
3430,115.6,5.7,9.8,12.5,12.2,3.9,315.2,1.0,high,False,IFCT2017 (matched via ingredient normalization)
3431,142.3,5.5,23.1,26.2,8.9,5.0,673.5,1.0,high,False,IFCT2017 (matched via ingredient normalization)
3433,184.2,8.9,15.6,11.2,17.9,9.4,84.2,1.0,high,False,IFCT2017 (matched via ingredient normalization)
3435,43.4,3.0,4.5,0.9,5.2,0.6,301.5,1.0,high,False,IFCT2017 (matched via ingredient normalization)
3440,1079.9,47.5,189.2,52.0,19.3,5.0,1187.9,1.0,high,False,IFCT2017 (matched via ingredient normalization)
3448,122.0,11.6,7.8,5.1,11.4,5.0,349.9,1.0,high,False,IFCT2017 (matched via ingredient normalization)
3452,353.9,38.6,32.5,3.6,8.6,9.0,378.2,0.89,high,False,IFCT2017 (matched via ingredient normalization)
3453,877.2,29.3,97.0,20.6,65.4,19.5,115.4,1.0,high,False,IFCT2017 (matched via ingredient normalization)
3454,410.8,23.4,34.8,14.5,36.9,2.8,419.1,0.91,high,False,IFCT2017 (matched via ingredient normalization)
3457,257.6,16.7,12.2,18.6,23.0,1.5,319.2,1.0,high,False,IFCT2017 (matched via ingredient normalization)
3459,348.2,18.3,26.3,37.9,6.9,18.3,55.5,1.0,high,False,IFCT2017 (matched via ingredient normalization)
3460,361.8,17.4,14.4,31.8,31.2,8.1,390.0,1.0,high,False,IFCT2017 (matched via ingredient normalization)
3464,110.8,11.7,9.6,1.8,4.4,0.4,313.4,1.0,high,False,IFCT2017 (matched via ingredient normalization)
3466,414.0,12.7,77.0,10.6,7.3,3.8,208.0,1.0,high,False,IFCT2017 (matched via ingredient normalization)
3467,314.7,8.8,17.5,23.0,21.0,3.7,376.5,0.89,high,False,IFCT2017 (matched via ingredient normalization)
3471,431.6,11.1,17.1,33.3,17.6,5.1,308.5,1.0,high,False,IFCT2017 (matched via ingredient normalization)
3474,291.3,11.8,14.3,19.1,21.5,4.9,341.7,1.0,high,False,IFCT2017 (matched via ingredient normalization)
3475,158.7,10.4,17.4,25.5,13.9,1.0,15.1,0.91,high,False,IFCT2017 (matched via ingredient normalization)
3478,198.8,12.6,29.4,14.1,8.2,4.8,305.9,0.88,high,False,IFCT2017 (matched via ingredient normalization)
3487,912.0,38.3,105.8,30.2,45.5,4.2,535.2,0.92,high,False,IFCT2017 (matched via ingredient normalization)
3494,72.1,4.7,5.9,1.6,8.8,2.3,25.6,0.92,high,False,IFCT2017 (matched via ingredient normalization)
3495,693.8,34.6,71.9,22.3,30.3,7.0,623.7,1.0,high,False,IFCT2017 (matched via ingredient normalization)
3497,209.7,7.5,38.5,0.8,6.1,2.4,307.0,1.0,high,False,IFCT2017 (matched via ingredient normalization)
3498,225.1,6.9,11.3,17.6,7.5,6.5,430.8,1.0,high,False,IFCT2017 (matched via ingredient normalization)
3501,83.7,4.5,8.9,14.5,8.4,1.7,322.4,1.0,high,False,IFCT2017 (matched via ingredient normalization)
3503,361.3,17.2,51.5,7.9,13.9,2.1,272.1,1.0,high,False,IFCT2017 (matched via ingredient normalization)
3507,56.7,2.3,8.1,0.7,3.8,0.6,212.8,1.0,high,False,IFCT2017 (matched via ingredient normalization)
3515,304.9,21.3,2.9,34.0,8.0,1.1,633.0,1.0,high,False,IFCT2017 (matched via ingredient normalization)
3516,206.9,6.8,38.5,16.6,4.7,1.0,235.0,1.0,high,False,IFCT2017 (matched via ingredient normalization)
3519,675.5,17.7,46.2,42.7,22.0,38.6,172.8,1.0,high,False,IFCT2017 (matched via ingredient normalization)
3520,131.9,9.1,16.0,13.8,8.0,0.6,305.6,1.0,high,False,IFCT2017 (matched via ingredient normalization)
3523,207.2,14.8,24.0,9.3,10.6,1.1,39.2,1.0,high,False,IFCT2017 (matched via ingredient normalization)
3526,144.0,6.5,11.8,18.1,8.5,0.7,308.8,0.9,high,False,IFCT2017 (matched via ingredient normalization)
3527,226.2,26.0,14.9,11.0,12.1,3.9,2425.5,0.94,high,False,IFCT2017 (matched via ingredient normalization)
3528,401.7,26.3,53.3,3.1,14.8,7.8,306.6,0.89,high,False,IFCT2017 (matched via ingredient normalization)
3529,135.1,19.2,3.0,11.1,6.1,0.8,441.0,1.0,high,False,IFCT2017 (matched via ingredient normalization)
3534,180.1,10.7,26.0,12.1,7.0,1.2,344.9,1.0,high,False,IFCT2017 (matched via ingredient normalization)
3537,239.9,22.5,14.0,20.3,11.3,1.0,497.0,1.0,high,False,IFCT2017 (matched via ingredient normalization)
3538,253.4,29.8,8.8,22.3,9.0,1.5,481.2,1.0,high,False,IFCT2017 (matched via ingredient normalization)
3540,95.1,5.5,5.8,4.9,3.2,5.0,327.5,1.0,high,False,IFCT2017 (matched via ingredient normalization)
3542,204.6,16.2,23.5,26.2,8.9,1.2,318.7,1.0,high,False,IFCT2017 (matched via ingredient normalization)
3545,56.1,2.1,5.0,3.6,1.9,0.8,46.8,0.94,high,False,IFCT2017 (matched via ingredient normalization)
3546,510.2,21.6,34.2,34.7,52.8,8.8,510.8,0.91,high,False,IFCT2017 (matched via ingredient normalization)
3548,255.1,4.7,17.1,21.0,14.1,16.2,302.0,1.0,high,False,IFCT2017 (matched via ingredient normalization)
3552,60.3,4.5,4.5,2.3,8.3,0.9,323.5,1.0,high,False,IFCT2017 (matched via ingredient normalization)
3555,490.3,14.5,97.3,10.5,3.8,3.9,7.3,1.0,high,False,IFCT2017 (matched via ingredient normalization)
3556,117.4,6.1,13.0,17.6,10.6,1.4,333.9,0.95,high,False,IFCT2017 (matched via ingredient normalization)
3557,195.2,7.2,35.7,3.5,7.0,1.7,784.7,1.0,high,False,IFCT2017 (matched via ingredient normalization)
3559,245.9,11.4,36.7,7.6,10.2,0.8,406.4,0.92,high,False,IFCT2017 (matched via ingredient normalization)
3561,114.7,5.0,7.5,15.7,17.2,3.1,357.0,1.0,high,False,IFCT2017 (matched via ingredient normalization)
3565,95.4,2.3,7.7,9.1,7.0,5.5,300.8,1.0,high,False,IFCT2017 (matched via ingredient normalization)
3569,66.7,5.8,4.2,8.8,8.7,1.0,335.1,0.73,medium,False,IFCT2017 (matched via ingredient normalization)
3571,721.3,33.5,117.4,78.2,43.7,35.7,1245.5,1.0,high,False,IFCT2017 (matched via ingredient normalization)
3573,291.3,6.7,25.8,16.5,8.1,5.1,298.4,1.0,high,False,IFCT2017 (matched via ingredient normalization)
3574,128.1,16.5,7.5,1.7,4.4,0.9,377.5,1.0,high,False,IFCT2017 (matched via ingredient normalization)
3582,90.6,8.3,6.2,3.0,5.9,1.7,627.3,0.92,high,False,IFCT2017 (matched via ingredient normalization)
3583,306.1,18.3,34.0,10.4,15.3,3.3,210.8,0.93,high,False,IFCT2017 (matched via ingredient normalization)
3584,150.0,5.4,24.0,5.4,12.9,6.0,32.6,1.0,high,False,IFCT2017 (matched via ingredient normalization)
3585,197.0,8.0,30.8,3.2,5.3,0.2,518.5,0.75,high,False,IFCT2017 (matched via ingredient normalization)
3587,195.7,8.6,12.0,24.0,19.6,2.1,380.7,0.94,high,False,IFCT2017 (matched via ingredient normalization)
3588,365.5,17.8,53.9,14.7,8.8,5.4,438.6,1.0,high,False,IFCT2017 (matched via ingredient normalization)
3591,352.8,13.0,48.8,14.1,17.5,2.4,162.2,1.0,high,False,IFCT2017 (matched via ingredient normalization)
3596,382.4,22.2,14.4,36.8,18.0,11.0,348.3,1.0,high,False,IFCT2017 (matched via ingredient normalization)
3598,200.9,5.5,34.5,12.9,6.0,7.0,330.6,0.88,high,False,IFCT2017 (matched via ingredient normalization)
3600,46.2,2.0,5.8,15.4,3.1,0.5,1.4,1.0,high,False,IFCT2017 (matched via ingredient normalization)
3601,74.6,5.0,5.2,9.3,10.5,2.8,315.5,1.0,high,False,IFCT2017 (matched via ingredient normalization)
3605,109.4,13.5,6.6,1.6,7.1,4.6,342.2,0.92,high,False,IFCT2017 (matched via ingredient normalization)
3607,109.9,7.0,9.4,13.5,10.4,2.9,322.9,0.94,high,False,IFCT2017 (matched via ingredient normalization)
3608,136.2,3.5,24.7,13.1,2.7,0.4,295.1,0.91,high,False,IFCT2017 (matched via ingredient normalization)
3611,148.6,10.1,16.8,5.3,8.3,0.7,431.0,1.0,high,False,IFCT2017 (matched via ingredient normalization)
3612,1643.5,39.0,180.5,89.3,53.1,140.2,421.8,0.78,low,True,IFCT2017 (matched via ingredient normalization)
3614,182.3,12.7,24.2,3.3,5.7,0.7,297.8,1.0,high,False,IFCT2017 (matched via ingredient normalization)
3621,86.5,4.9,10.9,14.9,6.8,0.5,321.8,0.92,high,False,IFCT2017 (matched via ingredient normalization)
3625,70.2,4.1,5.0,6.0,6.6,3.3,326.8,1.0,high,False,IFCT2017 (matched via ingredient normalization)
3627,241.3,6.2,33.3,7.1,5.0,1.2,24.4,1.0,high,False,IFCT2017 (matched via ingredient normalization)
3630,294.9,17.9,8.2,69.3,16.2,3.1,183.9,0.93,high,False,IFCT2017 (matched via ingredient normalization)
3631,20.7,2.3,0.8,0.5,3.1,0.1,24.7,0.09,low,False,IFCT2017 (matched via ingredient normalization)
3632,102.6,8.9,5.3,39.2,11.4,1.5,401.6,1.0,high,False,IFCT2017 (matched via ingredient normalization)
3637,185.2,4.8,14.4,25.5,8.4,2.9,317.8,1.0,high,False,IFCT2017 (matched via ingredient normalization)
3639,280.1,17.3,22.1,13.6,38.5,12.3,713.7,1.0,high,False,IFCT2017 (matched via ingredient normalization)
3640,691.1,21.1,94.0,29.5,26.5,4.5,91.0,0.95,high,False,IFCT2017 (matched via ingredient normalization)
3646,132.6,8.9,14.2,7.3,12.3,3.7,874.7,0.88,high,False,IFCT2017 (matched via ingredient normalization)
3649,258.7,19.3,28.5,12.7,9.4,2.3,314.6,0.93,high,False,IFCT2017 (matched via ingredient normalization)
3650,84.5,5.2,8.4,2.3,4.7,4.3,418.7,1.0,high,False,IFCT2017 (matched via ingredient normalization)
3653,200.9,13.3,22.8,6.8,23.3,3.2,338.9,0.89,high,False,IFCT2017 (matched via ingredient normalization)
3654,79.6,6.9,5.4,2.6,10.7,2.1,347.1,1.0,high,False,IFCT2017 (matched via ingredient normalization)
3656,771.5,28.7,27.3,59.2,21.6,10.5,301.1,1.0,high,False,IFCT2017 (matched via ingredient normalization)
3659,208.1,20.2,16.7,20.0,5.7,0.7,440.2,0.95,high,False,IFCT2017 (matched via ingredient normalization)
3661,241.6,6.8,36.1,17.7,5.7,0.5,5.6,1.0,high,False,IFCT2017 (matched via ingredient normalization)
3665,243.0,13.6,22.0,10.2,13.9,6.9,837.3,1.0,high,False,IFCT2017 (matched via ingredient normalization)
3666,254.2,6.9,19.9,13.2,15.2,3.9,39.6,0.88,high,False,IFCT2017 (matched via ingredient normalization)
3667,121.5,2.3,19.9,15.6,1.7,10.8,4.4,1.0,high,False,IFCT2017 (matched via ingredient normalization)
3668,222.2,9.2,30.4,27.7,14.0,2.9,630.7,0.9,high,False,IFCT2017 (matched via ingredient normalization)
3670,437.4,17.8,39.8,22.1,17.3,3.5,658.0,0.93,high,False,IFCT2017 (matched via ingredient normalization)
3671,277.8,11.7,15.2,17.2,17.2,2.3,311.7,0.92,high,False,IFCT2017 (matched via ingredient normalization)
3672,259.5,18.0,5.3,21.3,16.9,2.2,342.3,1.0,high,False,IFCT2017 (matched via ingredient normalization)
3677,201.4,7.0,19.2,19.8,9.8,2.5,300.9,1.0,high,False,IFCT2017 (matched via ingredient normalization)
3679,633.9,32.1,48.8,34.8,30.6,7.4,430.2,1.0,high,False,IFCT2017 (matched via ingredient normalization)
3682,186.0,10.4,10.6,17.9,22.8,2.9,498.1,0.92,high,False,IFCT2017 (matched via ingredient normalization)
3684,792.9,41.0,67.3,37.2,61.7,4.4,630.0,0.93,high,False,IFCT2017 (matched via ingredient normalization)
3691,211.2,15.6,24.7,2.8,11.3,2.2,351.3,0.89,high,False,IFCT2017 (matched via ingredient normalization)
3692,237.5,30.9,15.0,28.2,6.6,3.1,105.9,0.89,high,False,IFCT2017 (matched via ingredient normalization)
3694,357.0,17.0,48.4,10.3,16.2,3.1,642.1,1.0,high,False,IFCT2017 (matched via ingredient normalization)
3695,46.6,6.6,1.8,6.0,2.1,0.6,406.0,1.0,high,False,IFCT2017 (matched via ingredient normalization)
3697,164.9,16.1,14.3,30.2,12.3,1.9,809.2,0.88,high,False,IFCT2017 (matched via ingredient normalization)
3703,979.2,43.5,90.7,45.5,85.5,6.5,712.9,0.9,high,False,IFCT2017 (matched via ingredient normalization)
3707,112.8,5.8,12.5,4.9,7.2,1.7,570.6,1.0,high,False,IFCT2017 (matched via ingredient normalization)
3708,188.7,7.1,31.7,17.4,8.2,0.9,309.9,1.0,high,False,IFCT2017 (matched via ingredient normalization)
3712,648.4,17.8,102.7,14.9,21.3,5.6,71.9,1.0,high,False,IFCT2017 (matched via ingredient normalization)
3714,219.1,16.5,12.2,33.9,11.4,8.3,646.6,1.0,high,False,IFCT2017 (matched via ingredient normalization)
3717,47.7,1.9,6.3,13.0,3.6,0.3,300.3,1.0,high,False,IFCT2017 (matched via ingredient normalization)
3723,181.4,27.4,8.1,17.7,7.7,6.6,371.8,1.0,high,False,IFCT2017 (matched via ingredient normalization)
3727,169.9,12.2,21.8,3.3,5.3,0.5,587.6,1.0,high,False,IFCT2017 (matched via ingredient normalization)
3731,144.0,8.8,16.0,6.4,12.4,1.3,327.7,1.0,high,False,IFCT2017 (matched via ingredient normalization)
3732,230.8,8.7,35.8,14.3,13.1,1.7,326.1,1.0,high,False,IFCT2017 (matched via ingredient normalization)
3733,275.0,14.2,28.7,18.3,8.2,2.7,381.8,0.93,high,False,IFCT2017 (matched via ingredient normalization)
3737,132.7,4.1,4.8,109.4,5.8,3.1,306.9,0.88,high,False,IFCT2017 (matched via ingredient normalization)
3740,194.1,10.3,17.6,20.2,13.8,1.3,307.2,1.0,high,False,IFCT2017 (matched via ingredient normalization)
3742,844.1,14.8,106.3,33.4,13.2,4.2,303.1,0.83,high,False,IFCT2017 (matched via ingredient normalization)
3746,120.6,5.2,15.8,5.0,10.6,12.0,332.1,1.0,high,False,IFCT2017 (matched via ingredient normalization)
3747,239.4,12.1,12.4,17.1,22.0,6.7,2978.6,1.0,high,False,IFCT2017 (matched via ingredient normalization)
3751,472.3,14.9,16.1,138.1,25.5,11.2,637.0,1.0,high,False,IFCT2017 (matched via ingredient normalization)
3752,348.9,34.1,13.7,38.0,23.6,2.2,939.4,1.0,high,False,IFCT2017 (matched via ingredient normalization)
3753,121.9,5.0,17.0,9.0,6.2,1.2,303.1,1.0,high,False,IFCT2017 (matched via ingredient normalization)
3754,96.3,4.4,4.6,5.9,10.6,1.8,299.6,1.0,high,False,IFCT2017 (matched via ingredient normalization)
3755,61.2,2.0,8.8,13.6,6.7,7.7,302.7,1.0,high,False,IFCT2017 (matched via ingredient normalization)
3761,177.7,7.4,8.0,10.5,16.6,3.5,616.5,1.0,high,False,IFCT2017 (matched via ingredient normalization)
3763,374.2,17.9,58.9,14.3,10.3,0.9,303.6,1.0,high,False,IFCT2017 (matched via ingredient normalization)
3765,113.1,5.2,8.2,27.5,10.8,2.4,1062.7,0.94,high,False,IFCT2017 (matched via ingredient normalization)
3766,103.6,9.9,6.7,2.4,16.3,1.1,609.5,1.0,high,False,IFCT2017 (matched via ingredient normalization)
3767,390.9,9.4,9.6,48.7,20.2,6.1,20.3,0.9,high,False,IFCT2017 (matched via ingredient normalization)
3773,372.6,11.8,72.9,17.8,4.9,1.9,35.8,1.0,high,False,IFCT2017 (matched via ingredient normalization)
3774,136.6,5.7,13.7,5.7,10.4,10.0,44.6,0.93,high,False,IFCT2017 (matched via ingredient normalization)
3775,126.0,9.2,13.8,2.5,11.5,2.0,299.8,1.0,high,False,IFCT2017 (matched via ingredient normalization)
3776,119.9,3.1,5.4,9.3,7.9,3.5,304.8,1.0,high,False,IFCT2017 (matched via ingredient normalization)
3783,469.2,19.6,26.9,25.6,16.8,16.7,134.7,1.0,high,False,IFCT2017 (matched via ingredient normalization)
3791,712.6,23.0,130.8,9.0,13.5,4.7,1468.2,1.0,high,False,IFCT2017 (matched via ingredient normalization)
3794,272.6,18.8,33.9,3.9,23.9,2.0,353.1,0.92,high,False,IFCT2017 (matched via ingredient normalization)
3795,202.7,13.1,23.5,16.1,12.4,1.1,321.9,0.93,high,False,IFCT2017 (matched via ingredient normalization)
3802,130.9,17.0,3.7,14.8,6.3,0.6,594.9,1.0,high,False,IFCT2017 (matched via ingredient normalization)
3803,384.7,19.4,33.7,23.6,45.3,7.9,758.8,0.9,high,False,IFCT2017 (matched via ingredient normalization)
3805,11.2,0.6,0.8,8.3,1.1,0.5,234.4,0.85,low,True,IFCT2017 (matched via ingredient normalization)
3806,162.1,1.9,31.4,13.7,19.1,30.6,298.8,0.89,high,False,IFCT2017 (matched via ingredient normalization)
3807,327.4,21.6,14.6,19.3,12.7,2.4,327.5,1.0,high,False,IFCT2017 (matched via ingredient normalization)
3813,187.8,27.2,9.4,15.7,9.5,6.8,380.7,1.0,high,False,IFCT2017 (matched via ingredient normalization)
3819,91.3,4.4,11.4,13.1,7.9,0.6,315.1,1.0,high,False,IFCT2017 (matched via ingredient normalization)
3822,220.9,7.4,35.8,14.9,5.5,5.7,12.0,1.0,high,False,IFCT2017 (matched via ingredient normalization)
3825,107.0,4.2,8.7,3.1,15.6,4.5,379.6,0.73,medium,False,IFCT2017 (matched via ingredient normalization)
3828,150.1,29.3,2.0,4.6,3.1,0.2,376.4,0.91,high,False,IFCT2017 (matched via ingredient normalization)
3830,229.5,8.3,39.5,27.2,8.1,1.8,312.1,1.0,high,False,IFCT2017 (matched via ingredient normalization)
3831,70.6,11.6,1.8,13.6,3.3,0.4,325.9,1.0,high,False,IFCT2017 (matched via ingredient normalization)
3833,200.3,4.9,6.1,16.5,9.0,3.3,322.0,1.0,high,False,IFCT2017 (matched via ingredient normalization)
3834,82.5,7.6,5.7,11.3,9.4,1.1,605.8,0.89,high,False,IFCT2017 (matched via ingredient normalization)
3835,202.8,14.6,23.3,14.6,9.7,0.9,324.3,1.0,high,False,IFCT2017 (matched via ingredient normalization)
3836,933.9,31.4,59.2,61.8,14.7,4.5,313.5,1.0,high,False,IFCT2017 (matched via ingredient normalization)
3840,79.2,4.9,5.4,152.7,7.0,1.3,609.1,1.0,high,False,IFCT2017 (matched via ingredient normalization)
3846,219.6,15.2,25.0,7.6,13.5,1.9,615.7,0.94,high,False,IFCT2017 (matched via ingredient normalization)
3851,73.8,3.6,6.4,4.1,2.8,3.8,310.0,1.0,high,False,IFCT2017 (matched via ingredient normalization)
3853,128.8,4.3,16.3,8.9,9.4,1.3,306.4,0.81,high,False,IFCT2017 (matched via ingredient normalization)
3855,27.8,1.2,3.5,2.6,1.6,0.4,83.3,1.0,high,False,IFCT2017 (matched via ingredient normalization)
3857,424.5,30.0,48.4,8.5,23.3,2.8,656.0,1.0,high,False,IFCT2017 (matched via ingredient normalization)
3861,5283.6,155.9,237.1,403.2,83.7,35.5,1310.0,1.0,low,True,IFCT2017 (matched via ingredient normalization)
3862,137.4,3.6,21.6,8.6,6.0,7.6,305.9,1.0,high,False,IFCT2017 (matched via ingredient normalization)
3863,145.6,5.4,13.7,32.4,12.4,4.8,344.8,0.88,high,False,IFCT2017 (matched via ingredient normalization)
3866,311.0,31.4,22.2,29.7,62.7,4.1,694.5,1.0,high,False,IFCT2017 (matched via ingredient normalization)
3869,84.2,4.6,9.6,14.9,10.4,7.1,324.4,0.85,high,False,IFCT2017 (matched via ingredient normalization)
3873,81.1,2.8,11.3,5.8,5.5,1.2,212.8,0.92,high,False,IFCT2017 (matched via ingredient normalization)
3875,139.2,2.3,25.4,2.6,16.8,24.0,331.5,0.91,high,False,IFCT2017 (matched via ingredient normalization)
3878,279.7,8.9,41.7,12.4,8.8,5.9,26.5,1.0,high,False,IFCT2017 (matched via ingredient normalization)
3880,464.3,25.2,70.1,14.0,20.8,1.8,327.4,1.0,high,False,IFCT2017 (matched via ingredient normalization)
3881,163.0,7.2,16.2,5.5,20.3,1.7,319.6,1.0,high,False,IFCT2017 (matched via ingredient normalization)
3882,197.0,6.3,37.2,42.6,3.3,1.5,787.6,0.89,high,False,IFCT2017 (matched via ingredient normalization)
3887,80.1,10.5,3.8,2.2,2.1,0.2,319.1,1.0,high,False,IFCT2017 (matched via ingredient normalization)
3889,94.9,4.7,7.9,12.9,9.9,1.6,598.9,0.92,high,False,IFCT2017 (matched via ingredient normalization)
3890,157.5,7.2,11.4,8.0,25.2,1.6,425.5,0.85,high,False,IFCT2017 (matched via ingredient normalization)
3891,135.0,17.7,4.4,14.6,10.3,1.0,352.4,1.0,high,False,IFCT2017 (matched via ingredient normalization)
3892,359.8,25.6,27.9,21.6,46.3,1.9,419.7,1.0,high,False,IFCT2017 (matched via ingredient normalization)
3893,73.4,4.9,7.8,9.5,6.8,0.7,217.1,0.88,high,False,IFCT2017 (matched via ingredient normalization)
3899,72.4,7.1,3.5,6.5,8.7,0.9,442.0,0.93,high,False,IFCT2017 (matched via ingredient normalization)
3905,869.9,16.2,35.6,76.8,41.6,16.7,400.5,0.96,high,False,IFCT2017 (matched via ingredient normalization)
3908,366.9,15.6,55.4,20.5,11.8,2.2,657.6,1.0,high,False,IFCT2017 (matched via ingredient normalization)
3909,178.7,12.6,9.8,10.7,5.2,7.9,320.5,1.0,high,False,IFCT2017 (matched via ingredient normalization)
3915,17.7,1.1,1.5,13.0,1.7,0.1,298.5,0.82,low,True,IFCT2017 (matched via ingredient normalization)
3916,174.0,5.6,26.1,26.2,6.4,3.9,1276.0,1.0,high,False,IFCT2017 (matched via ingredient normalization)
3918,170.3,6.3,26.7,1.6,8.4,2.1,329.6,1.0,high,False,IFCT2017 (matched via ingredient normalization)
3920,175.0,7.0,27.9,1.1,10.2,0.9,310.7,1.0,high,False,IFCT2017 (matched via ingredient normalization)
3921,171.3,16.6,9.2,25.8,26.6,1.8,1237.4,1.0,high,False,IFCT2017 (matched via ingredient normalization)
3926,267.0,14.1,40.3,64.7,8.2,3.0,672.3,0.96,high,False,IFCT2017 (matched via ingredient normalization)
3929,203.2,25.6,11.9,28.6,3.2,1.4,657.2,1.0,high,False,IFCT2017 (matched via ingredient normalization)
3933,243.9,14.9,32.2,4.7,24.9,5.9,611.8,1.0,high,False,IFCT2017 (matched via ingredient normalization)
3934,750.7,25.5,145.9,2.4,13.1,3.9,608.4,0.85,high,False,IFCT2017 (matched via ingredient normalization)
3935,394.5,12.5,74.7,19.4,3.4,4.3,267.1,0.78,high,False,IFCT2017 (matched via ingredient normalization)
3936,730.7,32.7,83.8,46.0,35.0,7.3,703.0,0.9,high,False,IFCT2017 (matched via ingredient normalization)
3942,250.1,11.7,40.9,19.2,10.6,3.2,311.2,1.0,high,False,IFCT2017 (matched via ingredient normalization)
3952,443.8,8.0,82.0,18.3,5.0,45.9,315.2,1.0,high,False,IFCT2017 (matched via ingredient normalization)
3955,348.3,22.9,43.7,3.1,22.6,3.0,324.1,1.0,high,False,IFCT2017 (matched via ingredient normalization)
3957,212.2,7.5,21.5,6.5,20.7,2.2,212.3,1.0,high,False,IFCT2017 (matched via ingredient normalization)
3958,440.4,13.7,77.6,16.6,12.6,1.6,298.6,0.91,high,False,IFCT2017 (matched via ingredient normalization)
3960,492.6,27.3,40.1,32.6,19.0,12.4,339.3,0.81,high,False,IFCT2017 (matched via ingredient normalization)
3964,767.4,24.9,147.8,11.4,10.6,5.1,990.6,0.77,high,False,IFCT2017 (matched via ingredient normalization)
3966,1052.0,37.8,45.9,79.4,29.7,28.1,302.8,0.86,high,False,IFCT2017 (matched via ingredient normalization)
3967,263.1,13.4,22.0,5.8,31.8,4.1,332.5,0.95,high,False,IFCT2017 (matched via ingredient normalization)
3975,147.1,25.0,2.9,4.5,2.5,0.3,370.1,0.92,high,False,IFCT2017 (matched via ingredient normalization)
3977,438.8,18.9,14.0,32.8,13.1,4.3,329.8,1.0,high,False,IFCT2017 (matched via ingredient normalization)
3981,245.8,17.5,29.3,15.0,9.0,2.1,319.3,1.0,high,False,IFCT2017 (matched via ingredient normalization)
3982,256.3,8.5,41.5,23.2,11.0,0.8,302.3,1.0,high,False,IFCT2017 (matched via ingredient normalization)
3983,139.4,2.9,26.8,8.1,7.1,4.2,326.8,1.0,high,False,IFCT2017 (matched via ingredient normalization)
3985,222.1,14.7,24.2,4.2,7.1,2.1,18.2,1.0,high,False,IFCT2017 (matched via ingredient normalization)
3986,367.1,8.1,24.0,23.7,9.2,3.5,19.7,0.92,high,False,IFCT2017 (matched via ingredient normalization)
3987,199.8,21.1,14.2,17.0,4.0,0.5,342.5,0.9,high,False,IFCT2017 (matched via ingredient normalization)
3988,230.3,15.3,30.0,29.5,7.4,1.0,303.8,0.93,high,False,IFCT2017 (matched via ingredient normalization)
3989,109.9,1.0,18.5,0.7,3.1,15.3,1.5,0.67,medium,False,IFCT2017 (matched via ingredient normalization)
3991,63.4,3.5,3.9,21.1,7.2,1.0,246.0,1.0,high,False,IFCT2017 (matched via ingredient normalization)
3993,354.4,19.2,27.5,35.4,39.5,4.0,369.2,0.82,high,False,IFCT2017 (matched via ingredient normalization)
3994,358.6,13.7,27.4,30.8,16.7,3.6,348.1,0.94,high,False,IFCT2017 (matched via ingredient normalization)
3995,109.6,9.1,14.2,0.9,3.8,0.8,419.0,0.88,high,False,IFCT2017 (matched via ingredient normalization)
3997,557.4,21.8,99.5,13.9,14.7,1.8,248.2,1.0,high,False,IFCT2017 (matched via ingredient normalization)
3998,301.7,20.5,25.0,23.0,15.1,10.8,714.3,0.88,high,False,IFCT2017 (matched via ingredient normalization)
3999,221.5,8.2,42.5,20.7,3.1,1.0,294.7,1.0,high,False,IFCT2017 (matched via ingredient normalization)
4000,69.5,4.7,3.9,14.3,7.4,1.2,315.6,1.0,high,False,IFCT2017 (matched via ingredient normalization)
4002,259.4,13.3,16.6,26.1,27.2,4.5,399.2,0.86,high,False,IFCT2017 (matched via ingredient normalization)
4003,424.8,13.0,84.9,1.3,5.5,2.0,301.0,1.0,high,False,IFCT2017 (matched via ingredient normalization)
4005,286.5,21.7,34.9,53.0,45.9,3.0,641.4,0.91,high,False,IFCT2017 (matched via ingredient normalization)
4006,373.1,15.6,62.3,1.5,19.1,2.5,601.9,1.0,high,False,IFCT2017 (matched via ingredient normalization)
4010,297.3,12.9,49.3,15.4,1.5,42.5,39.5,0.86,high,False,IFCT2017 (matched via ingredient normalization)
4013,137.1,11.4,13.5,34.2,24.0,5.8,616.0,0.92,high,False,IFCT2017 (matched via ingredient normalization)
4014,505.2,11.2,15.1,53.2,19.5,5.6,611.8,0.94,high,False,IFCT2017 (matched via ingredient normalization)
4017,380.8,12.2,71.9,14.8,5.8,3.9,306.0,1.0,high,False,IFCT2017 (matched via ingredient normalization)
4021,133.3,10.1,14.6,13.7,8.4,2.7,337.2,0.81,high,False,IFCT2017 (matched via ingredient normalization)
4023,219.1,6.8,33.7,6.5,10.9,4.3,311.8,1.0,high,False,IFCT2017 (matched via ingredient normalization)
4025,250.2,8.2,30.8,5.6,20.5,2.6,318.9,1.0,high,False,IFCT2017 (matched via ingredient normalization)
4027,21.3,1.2,1.6,0.9,1.4,0.9,104.1,1.0,high,False,IFCT2017 (matched via ingredient normalization)
4028,190.7,14.8,11.6,31.6,25.9,6.5,649.8,1.0,high,False,IFCT2017 (matched via ingredient normalization)
4030,311.4,13.6,16.6,18.1,20.5,2.3,74.8,0.86,high,False,IFCT2017 (matched via ingredient normalization)
4031,259.7,9.5,13.1,25.6,31.7,3.8,414.0,0.94,high,False,IFCT2017 (matched via ingredient normalization)
4032,416.7,15.1,23.6,26.5,23.6,16.4,355.8,0.94,high,False,IFCT2017 (matched via ingredient normalization)
4033,239.5,10.2,12.9,12.7,25.7,2.3,5119.3,0.86,high,False,IFCT2017 (matched via ingredient normalization)
4035,347.5,11.4,63.7,51.3,5.6,0.7,297.4,0.88,high,False,IFCT2017 (matched via ingredient normalization)
4036,107.3,3.9,17.8,1.3,5.2,5.4,305.9,0.9,high,False,IFCT2017 (matched via ingredient normalization)
4038,82.4,9.8,3.2,2.3,6.3,0.6,340.6,1.0,high,False,IFCT2017 (matched via ingredient normalization)
4041,139.7,7.7,7.9,10.4,2.4,6.1,239.6,1.0,high,False,IFCT2017 (matched via ingredient normalization)
4042,269.0,31.2,16.3,5.6,8.8,1.6,368.6,1.0,high,False,IFCT2017 (matched via ingredient normalization)
4045,78.3,4.8,9.1,0.7,6.5,0.8,313.0,0.9,high,False,IFCT2017 (matched via ingredient normalization)
4049,88.8,4.4,6.3,4.8,2.0,5.9,328.1,1.0,high,False,IFCT2017 (matched via ingredient normalization)
4050,60.9,4.4,4.0,2.7,7.1,0.3,432.8,1.0,high,False,IFCT2017 (matched via ingredient normalization)
4052,188.4,11.8,20.5,17.7,13.2,1.9,5876.5,1.0,high,False,IFCT2017 (matched via ingredient normalization)
4054,354.9,17.7,27.0,32.4,4.4,13.0,348.4,0.86,high,False,IFCT2017 (matched via ingredient normalization)
4059,2441.0,88.3,117.0,175.2,56.9,42.5,403.8,1.0,low,True,IFCT2017 (matched via ingredient normalization)
4061,374.2,26.1,52.1,5.3,17.3,2.0,623.3,1.0,high,False,IFCT2017 (matched via ingredient normalization)
4063,223.4,6.2,27.0,20.9,15.6,3.9,332.7,1.0,high,False,IFCT2017 (matched via ingredient normalization)
4064,269.8,8.9,40.4,16.8,15.3,2.1,441.4,1.0,high,False,IFCT2017 (matched via ingredient normalization)
4065,667.9,33.6,60.9,27.7,37.9,9.8,388.0,0.96,high,False,IFCT2017 (matched via ingredient normalization)
4072,94.6,9.8,5.5,1.4,21.8,1.3,426.6,1.0,high,False,IFCT2017 (matched via ingredient normalization)
4078,96.1,3.1,18.6,15.4,1.7,0.7,298.7,1.0,high,False,IFCT2017 (matched via ingredient normalization)
4079,1399.8,59.7,63.8,99.3,14.5,7.6,470.7,0.93,low,True,IFCT2017 (matched via ingredient normalization)
4081,1212.7,50.8,47.5,121.5,43.9,9.4,286.7,0.89,low,True,IFCT2017 (matched via ingredient normalization)
4082,80.3,2.0,13.2,4.7,4.6,8.6,315.8,1.0,high,False,IFCT2017 (matched via ingredient normalization)
4085,118.9,3.5,19.3,13.9,9.1,3.2,620.7,0.92,high,False,IFCT2017 (matched via ingredient normalization)
4089,42.1,4.3,2.4,0.8,6.2,0.3,305.1,1.0,high,False,IFCT2017 (matched via ingredient normalization)
4090,50.5,3.2,3.6,4.9,6.7,1.0,333.1,1.0,high,False,IFCT2017 (matched via ingredient normalization)
4092,117.8,9.4,14.2,13.4,7.3,0.8,316.7,1.0,high,False,IFCT2017 (matched via ingredient normalization)
4097,135.9,16.2,4.3,16.2,6.9,1.8,359.1,1.0,high,False,IFCT2017 (matched via ingredient normalization)
4099,114.0,9.3,14.1,4.8,3.4,0.3,20.4,0.9,high,False,IFCT2017 (matched via ingredient normalization)
4100,226.6,7.5,13.5,13.2,0.2,13.2,60.6,0.75,high,False,IFCT2017 (matched via ingredient normalization)
4102,26.6,1.4,1.7,0.7,2.4,0.7,293.8,1.0,high,False,IFCT2017 (matched via ingredient normalization)
4108,283.0,16.2,41.9,16.0,18.4,7.1,619.3,1.0,high,False,IFCT2017 (matched via ingredient normalization)
4109,386.9,4.6,19.0,44.3,9.7,13.9,314.7,1.0,high,False,IFCT2017 (matched via ingredient normalization)
4111,256.2,15.4,19.4,10.2,8.0,11.2,317.5,0.86,high,False,IFCT2017 (matched via ingredient normalization)
4112,560.2,23.8,78.3,37.0,11.2,10.5,814.2,1.0,high,False,IFCT2017 (matched via ingredient normalization)
4115,35.9,4.7,1.1,0.8,3.6,0.2,188.6,0.92,high,False,IFCT2017 (matched via ingredient normalization)
4116,117.4,4.4,15.6,7.8,4.5,0.4,5820.6,1.0,high,False,IFCT2017 (matched via ingredient normalization)
4117,17.4,0.5,2.4,12.7,2.2,1.7,27.5,0.75,low,True,IFCT2017 (matched via ingredient normalization)
4119,134.1,10.0,13.9,3.7,14.8,1.1,336.0,1.0,high,False,IFCT2017 (matched via ingredient normalization)
4120,547.2,34.1,22.9,32.8,21.2,11.9,361.5,1.0,high,False,IFCT2017 (matched via ingredient normalization)
4123,555.4,15.1,89.8,26.2,13.2,30.8,21.3,1.0,high,False,IFCT2017 (matched via ingredient normalization)
4126,464.9,25.4,55.1,15.5,31.5,2.1,691.7,0.92,high,False,IFCT2017 (matched via ingredient normalization)
4131,210.5,9.3,29.4,19.8,15.7,1.7,431.2,0.95,high,False,IFCT2017 (matched via ingredient normalization)
4132,218.1,15.5,11.6,10.2,7.2,9.3,59.3,0.93,high,False,IFCT2017 (matched via ingredient normalization)
4133,57.1,3.0,5.0,5.0,5.5,1.2,318.6,0.92,high,False,IFCT2017 (matched via ingredient normalization)
4134,120.8,5.9,9.4,8.4,9.1,0.9,282.8,1.0,high,False,IFCT2017 (matched via ingredient normalization)
4135,259.5,8.2,43.6,14.5,12.5,4.7,324.8,1.0,high,False,IFCT2017 (matched via ingredient normalization)
4136,0.8,0.0,0.1,0.0,0.1,0.1,0.5,1.0,low,True,IFCT2017 (matched via ingredient normalization)
4142,223.5,30.7,8.3,14.2,11.2,2.0,363.4,1.0,high,False,IFCT2017 (matched via ingredient normalization)
4145,223.0,5.3,26.5,21.5,12.4,5.2,330.9,1.0,high,False,IFCT2017 (matched via ingredient normalization)
4147,204.9,5.7,37.0,13.3,4.3,1.0,298.1,1.0,high,False,IFCT2017 (matched via ingredient normalization)
4150,439.7,12.3,91.0,25.9,3.7,2.0,486.8,1.0,high,False,IFCT2017 (matched via ingredient normalization)
4152,570.0,28.5,24.0,40.2,19.4,3.4,676.4,1.0,high,False,IFCT2017 (matched via ingredient normalization)
4153,884.6,21.2,143.8,18.8,20.1,4.1,632.1,1.0,high,False,IFCT2017 (matched via ingredient normalization)
4161,160.0,6.8,6.0,10.3,14.4,2.8,338.0,1.0,high,False,IFCT2017 (matched via ingredient normalization)
4168,250.0,9.5,24.0,9.0,20.8,10.8,340.4,1.0,high,False,IFCT2017 (matched via ingredient normalization)
4169,1144.9,62.1,166.0,27.0,42.3,5.6,1864.0,0.94,high,False,IFCT2017 (matched via ingredient normalization)
4176,185.0,19.3,21.2,1.4,4.2,0.4,334.9,1.0,high,False,IFCT2017 (matched via ingredient normalization)
4180,162.4,6.5,28.7,1.1,5.7,0.8,547.2,1.0,high,False,IFCT2017 (matched via ingredient normalization)
4183,92.4,13.6,2.4,14.1,1.1,1.9,340.2,1.0,high,False,IFCT2017 (matched via ingredient normalization)
4185,111.7,3.5,11.6,16.1,15.7,7.7,351.7,0.92,high,False,IFCT2017 (matched via ingredient normalization)
4189,872.5,35.5,51.3,52.1,46.8,6.1,473.4,0.91,high,False,IFCT2017 (matched via ingredient normalization)
4191,318.9,9.7,59.6,2.7,6.4,1.7,299.1,0.93,high,False,IFCT2017 (matched via ingredient normalization)
4192,245.8,23.1,22.6,16.2,10.1,2.2,352.7,1.0,high,False,IFCT2017 (matched via ingredient normalization)
4197,681.3,34.4,114.1,27.2,12.5,2.8,593.4,1.0,high,False,IFCT2017 (matched via ingredient normalization)
4198,73.9,3.0,6.9,3.1,1.5,5.5,223.0,1.0,high,False,IFCT2017 (matched via ingredient normalization)
4201,118.9,5.4,11.0,2.0,12.2,3.6,464.1,1.0,high,False,IFCT2017 (matched via ingredient normalization)
4202,63.0,3.6,7.8,1.2,7.3,6.3,14.4,1.0,high,False,IFCT2017 (matched via ingredient normalization)
4203,330.7,23.4,49.2,14.3,13.0,0.9,310.0,0.83,high,False,IFCT2017 (matched via ingredient normalization)
4204,118.6,13.0,8.6,12.8,12.2,1.0,337.3,0.94,high,False,IFCT2017 (matched via ingredient normalization)
4209,135.7,4.3,7.5,21.6,10.1,1.2,301.7,0.92,high,False,IFCT2017 (matched via ingredient normalization)
4219,168.3,5.0,10.1,11.1,8.7,9.7,68.3,1.0,high,False,IFCT2017 (matched via ingredient normalization)
4225,181.5,13.5,23.8,8.3,11.8,1.7,310.2,0.8,high,False,IFCT2017 (matched via ingredient normalization)
4226,249.6,5.9,50.0,0.6,5.3,19.7,297.9,1.0,high,False,IFCT2017 (matched via ingredient normalization)
4231,241.5,9.1,40.3,7.4,5.2,3.5,604.4,1.0,high,False,IFCT2017 (matched via ingredient normalization)
4241,105.0,6.3,6.0,25.0,6.2,4.3,534.4,1.0,high,False,IFCT2017 (matched via ingredient normalization)
4242,382.6,12.7,74.1,5.0,7.1,2.7,319.5,1.0,high,False,IFCT2017 (matched via ingredient normalization)
4243,1049.5,43.2,17.9,87.1,28.5,5.2,377.4,0.89,high,False,IFCT2017 (matched via ingredient normalization)
4244,66.4,4.8,4.3,3.2,6.8,1.2,434.7,1.0,high,False,IFCT2017 (matched via ingredient normalization)
4246,173.8,7.6,10.1,16.8,4.3,6.9,348.7,1.0,high,False,IFCT2017 (matched via ingredient normalization)
4248,368.5,11.5,73.8,2.3,4.1,2.8,303.4,0.91,high,False,IFCT2017 (matched via ingredient normalization)
4250,216.6,7.7,35.3,9.9,25.0,27.9,313.3,1.0,high,False,IFCT2017 (matched via ingredient normalization)
4255,294.8,18.1,16.2,24.4,31.2,2.5,413.4,1.0,high,False,IFCT2017 (matched via ingredient normalization)
4258,164.0,5.0,29.0,4.8,11.7,10.4,45.1,1.0,high,False,IFCT2017 (matched via ingredient normalization)
4259,457.5,37.2,34.8,13.4,59.0,6.8,464.7,0.92,high,False,IFCT2017 (matched via ingredient normalization)
4261,273.7,15.9,32.5,3.4,16.4,8.1,654.0,1.0,high,False,IFCT2017 (matched via ingredient normalization)
4262,712.7,32.3,49.3,42.3,35.6,5.2,97.5,1.0,high,False,IFCT2017 (matched via ingredient normalization)
4267,335.9,17.3,21.7,23.3,23.3,2.4,713.8,0.93,high,False,IFCT2017 (matched via ingredient normalization)
4271,290.4,20.1,36.6,3.5,8.8,3.4,316.7,0.82,high,False,IFCT2017 (matched via ingredient normalization)
4274,1518.5,53.8,63.0,124.8,44.1,11.5,577.0,0.91,low,True,IFCT2017 (matched via ingredient normalization)
4280,83.9,3.4,12.5,11.9,6.2,1.6,20.8,1.0,high,False,IFCT2017 (matched via ingredient normalization)
4283,57.7,7.0,4.1,8.2,3.9,2.9,373.7,0.9,high,False,IFCT2017 (matched via ingredient normalization)
4285,90.9,4.8,8.9,72.5,5.1,3.8,791.0,1.0,high,False,IFCT2017 (matched via ingredient normalization)
4287,115.7,3.8,19.2,13.4,2.1,4.3,1.7,0.91,high,False,IFCT2017 (matched via ingredient normalization)
4288,477.9,13.8,82.4,58.5,10.9,4.5,499.4,1.0,high,False,IFCT2017 (matched via ingredient normalization)
4289,445.9,22.8,66.0,3.8,23.6,1.9,641.5,0.95,high,False,IFCT2017 (matched via ingredient normalization)
4290,350.4,23.6,43.7,8.4,15.4,1.6,267.3,1.0,high,False,IFCT2017 (matched via ingredient normalization)
4297,73.5,4.2,4.6,4.1,10.7,1.2,617.7,1.0,high,False,IFCT2017 (matched via ingredient normalization)
4301,426.1,21.6,46.3,10.8,29.2,2.4,329.6,0.94,high,False,IFCT2017 (matched via ingredient normalization)
4302,222.9,27.6,2.2,11.2,4.4,1.0,350.0,1.0,high,False,IFCT2017 (matched via ingredient normalization)
4304,119.6,9.4,9.1,6.9,6.0,0.9,243.8,0.95,high,False,IFCT2017 (matched via ingredient normalization)
4306,101.6,12.8,4.7,2.0,9.1,1.0,351.5,0.86,high,False,IFCT2017 (matched via ingredient normalization)
4308,151.9,25.2,5.4,14.4,6.4,0.6,596.7,1.0,high,False,IFCT2017 (matched via ingredient normalization)
4310,760.4,44.0,87.5,24.4,60.2,11.1,477.9,0.96,high,False,IFCT2017 (matched via ingredient normalization)
4311,311.4,21.3,27.8,21.4,13.4,7.3,337.3,0.85,high,False,IFCT2017 (matched via ingredient normalization)
4314,50.1,4.2,2.5,14.4,7.0,0.5,180.8,0.88,high,False,IFCT2017 (matched via ingredient normalization)
4320,723.7,38.7,101.6,21.3,43.9,11.4,387.2,1.0,high,False,IFCT2017 (matched via ingredient normalization)
4322,341.0,20.0,23.5,14.5,31.3,8.5,547.9,0.92,high,False,IFCT2017 (matched via ingredient normalization)
4324,89.7,5.1,7.5,16.2,5.1,2.8,331.1,1.0,high,False,IFCT2017 (matched via ingredient normalization)
4328,106.5,7.5,13.8,15.9,9.7,0.6,602.2,1.0,high,False,IFCT2017 (matched via ingredient normalization)
4330,160.6,9.8,18.9,1.8,18.8,2.0,330.3,1.0,high,False,IFCT2017 (matched via ingredient normalization)
4333,151.9,13.3,11.4,15.7,13.6,4.5,340.0,0.93,high,False,IFCT2017 (matched via ingredient normalization)
4334,68.4,5.9,2.6,14.3,5.7,0.5,314.2,1.0,high,False,IFCT2017 (matched via ingredient normalization)
4337,228.1,14.7,3.3,27.9,2.8,1.3,527.9,1.0,high,False,IFCT2017 (matched via ingredient normalization)
4338,366.2,19.5,54.0,15.3,22.0,5.5,905.2,0.96,high,False,IFCT2017 (matched via ingredient normalization)
4339,81.5,6.0,4.4,6.0,12.4,1.3,364.4,0.93,high,False,IFCT2017 (matched via ingredient normalization)
4341,534.3,18.4,24.3,61.4,32.4,9.1,621.8,1.0,high,False,IFCT2017 (matched via ingredient normalization)
4344,157.0,4.0,22.8,5.1,6.9,0.6,198.5,1.0,high,False,IFCT2017 (matched via ingredient normalization)
4347,195.2,10.7,23.6,1.7,17.6,1.7,257.7,0.94,high,False,IFCT2017 (matched via ingredient normalization)
4349,734.7,29.3,88.8,29.5,48.9,3.7,475.6,0.95,high,False,IFCT2017 (matched via ingredient normalization)
4350,366.2,16.1,53.4,9.2,21.1,2.5,370.3,0.94,high,False,IFCT2017 (matched via ingredient normalization)
4354,419.7,25.9,48.7,9.5,27.1,4.7,639.7,1.0,high,False,IFCT2017 (matched via ingredient normalization)
4356,155.2,19.5,6.2,19.3,13.5,1.5,483.2,0.88,high,False,IFCT2017 (matched via ingredient normalization)
4360,192.5,12.1,23.1,3.2,8.8,3.5,32.6,1.0,high,False,IFCT2017 (matched via ingredient normalization)
4363,332.2,12.7,37.1,14.4,24.8,17.9,323.2,1.0,high,False,IFCT2017 (matched via ingredient normalization)
4365,1286.4,55.1,66.1,108.2,24.1,8.3,666.0,1.0,low,True,IFCT2017 (matched via ingredient normalization)
4369,163.4,20.3,4.8,8.4,9.0,1.9,362.9,0.95,high,False,IFCT2017 (matched via ingredient normalization)
4375,55.2,6.6,2.6,6.1,3.5,0.4,213.0,1.0,high,False,IFCT2017 (matched via ingredient normalization)
4376,75.6,12.7,2.7,63.2,2.8,0.6,438.8,1.0,high,False,IFCT2017 (matched via ingredient normalization)
4377,502.4,35.2,64.9,11.7,40.7,2.5,639.8,1.0,high,False,IFCT2017 (matched via ingredient normalization)
4380,97.2,3.4,5.5,6.9,6.3,2.2,589.9,1.0,high,False,IFCT2017 (matched via ingredient normalization)
4381,75.4,7.2,3.7,14.0,9.9,0.8,325.4,1.0,high,False,IFCT2017 (matched via ingredient normalization)
4389,63.7,4.3,6.5,3.6,8.7,1.1,589.5,1.0,high,False,IFCT2017 (matched via ingredient normalization)
4394,627.0,27.3,96.4,10.5,20.2,2.7,437.1,1.0,high,False,IFCT2017 (matched via ingredient normalization)
4396,414.8,12.7,72.5,16.4,9.6,3.9,308.3,1.0,high,False,IFCT2017 (matched via ingredient normalization)
4397,152.8,26.2,2.1,6.3,3.2,1.2,359.1,1.0,high,False,IFCT2017 (matched via ingredient normalization)
4401,201.4,7.8,32.4,17.0,6.4,1.0,306.5,0.94,high,False,IFCT2017 (matched via ingredient normalization)
4402,176.0,24.9,8.0,9.9,7.5,2.4,675.5,1.0,high,False,IFCT2017 (matched via ingredient normalization)
4403,194.4,8.6,8.7,14.3,15.6,4.0,330.9,1.0,high,False,IFCT2017 (matched via ingredient normalization)
4404,45.7,2.6,4.0,13.2,5.4,1.8,314.3,0.92,high,False,IFCT2017 (matched via ingredient normalization)
4409,256.6,31.8,24.5,2.2,6.0,0.6,75.6,0.6,medium,False,IFCT2017 (matched via ingredient normalization)
4412,151.9,16.3,11.8,4.6,7.0,1.9,489.8,1.0,high,False,IFCT2017 (matched via ingredient normalization)
4415,38.7,1.5,3.2,0.5,4.0,2.4,310.7,1.0,high,False,IFCT2017 (matched via ingredient normalization)
4416,990.1,24.6,38.1,93.5,37.1,15.0,493.1,1.0,high,False,IFCT2017 (matched via ingredient normalization)
4419,441.8,22.4,29.4,29.1,39.2,5.2,679.6,1.0,high,False,IFCT2017 (matched via ingredient normalization)
4420,134.6,11.1,0.7,16.8,0.4,0.0,331.6,0.83,high,False,IFCT2017 (matched via ingredient normalization)
4424,307.3,35.5,9.3,35.9,37.9,1.5,673.1,1.0,high,False,IFCT2017 (matched via ingredient normalization)
4425,72.4,3.4,5.0,3.7,2.7,2.0,296.5,0.88,high,False,IFCT2017 (matched via ingredient normalization)
4426,433.0,17.0,67.1,5.8,14.1,1.1,588.3,0.83,high,False,IFCT2017 (matched via ingredient normalization)
4429,267.7,9.6,37.9,28.1,8.5,1.7,633.8,1.0,high,False,IFCT2017 (matched via ingredient normalization)
4431,1373.4,51.8,181.6,44.8,88.1,55.3,838.6,0.92,low,True,IFCT2017 (matched via ingredient normalization)
4435,718.7,30.4,112.0,11.4,14.5,11.9,630.7,1.0,high,False,IFCT2017 (matched via ingredient normalization)
4436,109.2,5.7,9.4,6.4,11.8,1.0,381.5,0.89,high,False,IFCT2017 (matched via ingredient normalization)
4437,632.0,26.5,51.0,35.9,50.6,8.2,474.7,0.94,high,False,IFCT2017 (matched via ingredient normalization)
4442,116.2,7.4,10.6,13.2,13.5,5.4,637.2,1.0,high,False,IFCT2017 (matched via ingredient normalization)
4443,78.0,5.3,4.5,5.2,7.7,1.3,388.3,1.0,high,False,IFCT2017 (matched via ingredient normalization)
4445,210.2,10.6,18.7,10.6,20.7,1.9,375.1,0.86,high,False,IFCT2017 (matched via ingredient normalization)
4448,106.7,8.1,15.0,3.7,6.5,0.2,246.7,0.8,high,False,IFCT2017 (matched via ingredient normalization)
4451,42.8,1.5,7.0,13.0,3.5,4.3,294.1,1.0,high,False,IFCT2017 (matched via ingredient normalization)
4453,49.0,1.5,9.9,3.5,0.5,0.2,65.0,0.78,high,False,IFCT2017 (matched via ingredient normalization)
4455,306.7,24.4,13.3,20.3,19.8,3.2,120.9,0.94,high,False,IFCT2017 (matched via ingredient normalization)
4463,297.7,39.3,12.0,7.9,18.0,0.2,664.5,1.0,high,False,IFCT2017 (matched via ingredient normalization)
4469,67.7,4.4,5.4,1.2,7.8,0.8,310.2,0.91,high,False,IFCT2017 (matched via ingredient normalization)
4470,232.6,12.4,6.2,20.9,4.3,6.0,463.5,1.0,high,False,IFCT2017 (matched via ingredient normalization)
4474,144.3,24.5,4.8,3.4,8.0,0.9,514.7,1.0,high,False,IFCT2017 (matched via ingredient normalization)
4480,196.7,16.0,10.7,12.9,22.3,1.8,412.9,0.84,high,False,IFCT2017 (matched via ingredient normalization)
4487,796.3,49.2,117.6,18.6,41.6,4.2,391.7,0.93,high,False,IFCT2017 (matched via ingredient normalization)
4488,283.4,9.4,30.8,19.5,25.3,5.0,388.4,0.94,high,False,IFCT2017 (matched via ingredient normalization)
4492,467.7,29.0,3.5,37.5,8.0,3.5,414.3,1.0,high,False,IFCT2017 (matched via ingredient normalization)
4493,405.4,11.6,71.8,6.3,10.6,1.3,320.7,1.0,high,False,IFCT2017 (matched via ingredient normalization)
4494,0.0,0.0,0.0,3.8,0.0,0.0,0.0,0.08,low,True,IFCT2017 (matched via ingredient normalization)
4495,1366.4,46.4,93.9,91.4,38.1,7.6,425.4,0.91,low,True,IFCT2017 (matched via ingredient normalization)
4496,123.3,3.1,19.5,13.8,3.8,5.6,297.2,1.0,high,False,IFCT2017 (matched via ingredient normalization)
4499,516.6,14.1,99.4,15.3,15.0,1.3,298.9,1.0,high,False,IFCT2017 (matched via ingredient normalization)
4500,440.5,32.8,47.4,10.3,16.8,4.3,355.6,1.0,high,False,IFCT2017 (matched via ingredient normalization)
4502,494.3,16.9,90.2,11.5,10.1,16.2,1409.1,1.0,high,False,IFCT2017 (matched via ingredient normalization)
4503,141.6,5.8,23.2,2.5,5.7,1.3,302.5,0.93,high,False,IFCT2017 (matched via ingredient normalization)
4505,185.6,11.8,21.5,3.5,17.7,1.9,338.5,1.0,high,False,IFCT2017 (matched via ingredient normalization)
4506,66.3,7.7,3.4,18.1,5.2,0.4,418.0,0.93,high,False,IFCT2017 (matched via ingredient normalization)
4516,84.7,4.0,13.5,4.0,6.4,2.5,83.5,1.0,high,False,IFCT2017 (matched via ingredient normalization)
4519,86.1,12.8,2.0,6.5,1.1,0.9,435.5,1.0,high,False,IFCT2017 (matched via ingredient normalization)
4521,398.3,21.3,54.1,20.7,4.7,7.0,595.1,0.92,high,False,IFCT2017 (matched via ingredient normalization)
4523,136.9,6.5,19.9,5.5,8.3,0.7,327.9,1.0,high,False,IFCT2017 (matched via ingredient normalization)
4528,113.4,5.2,18.4,8.8,2.1,0.2,422.0,1.0,high,False,IFCT2017 (matched via ingredient normalization)
4530,1130.0,61.9,47.9,77.6,38.3,9.2,549.3,0.88,high,False,IFCT2017 (matched via ingredient normalization)
4534,91.6,16.0,1.7,14.4,3.1,0.2,335.9,1.0,high,False,IFCT2017 (matched via ingredient normalization)
4537,707.0,42.9,88.7,18.8,47.4,3.1,431.3,0.85,high,False,IFCT2017 (matched via ingredient normalization)
4543,80.0,3.5,6.2,20.3,8.8,1.7,35754.5,0.93,high,False,IFCT2017 (matched via ingredient normalization)
4544,1381.3,48.6,59.1,104.8,30.1,12.4,700.0,0.95,low,True,IFCT2017 (matched via ingredient normalization)
4547,86.1,4.8,11.1,8.9,6.7,0.6,306.2,0.94,high,False,IFCT2017 (matched via ingredient normalization)
4549,277.8,15.3,41.8,64.5,7.9,2.6,685.1,0.96,high,False,IFCT2017 (matched via ingredient normalization)
4552,237.3,5.5,31.8,8.7,23.8,28.7,305.7,1.0,high,False,IFCT2017 (matched via ingredient normalization)
4554,199.0,9.7,10.7,21.2,27.8,1.8,409.8,1.0,high,False,IFCT2017 (matched via ingredient normalization)
4557,125.2,6.3,13.2,8.0,15.7,1.7,615.9,1.0,high,False,IFCT2017 (matched via ingredient normalization)
4565,131.8,4.2,19.8,3.2,5.5,1.1,310.5,0.77,high,False,IFCT2017 (matched via ingredient normalization)
4568,860.4,23.7,154.7,4.4,16.4,4.1,659.7,0.82,high,False,IFCT2017 (matched via ingredient normalization)
4570,176.8,15.3,18.2,11.2,4.3,3.1,631.2,0.95,high,False,IFCT2017 (matched via ingredient normalization)
4578,47.6,3.1,4.1,13.6,7.9,0.8,307.3,1.0,high,False,IFCT2017 (matched via ingredient normalization)
4582,211.6,13.2,19.2,36.0,32.5,2.8,625.6,1.0,high,False,IFCT2017 (matched via ingredient normalization)
4585,147.8,13.7,4.7,19.1,9.5,1.2,338.7,1.0,high,False,IFCT2017 (matched via ingredient normalization)
4589,395.2,14.2,63.7,13.6,15.9,4.6,661.7,0.92,high,False,IFCT2017 (matched via ingredient normalization)
4591,162.5,8.4,20.6,13.2,10.1,1.9,444.4,0.88,high,False,IFCT2017 (matched via ingredient normalization)
4592,318.7,16.8,21.0,35.2,31.7,4.8,617.8,1.0,high,False,IFCT2017 (matched via ingredient normalization)
4595,50.9,4.8,3.0,38.4,9.8,0.6,29.8,0.92,high,False,IFCT2017 (matched via ingredient normalization)
4600,82.5,4.3,5.2,9.0,2.1,3.3,11.2,0.94,high,False,IFCT2017 (matched via ingredient normalization)
4605,224.7,15.8,14.1,11.4,10.9,11.2,616.5,1.0,high,False,IFCT2017 (matched via ingredient normalization)
4607,602.7,8.7,14.4,57.4,17.1,8.7,313.7,0.92,high,False,IFCT2017 (matched via ingredient normalization)
4608,144.5,21.1,4.1,4.0,3.2,1.0,643.2,0.83,high,False,IFCT2017 (matched via ingredient normalization)
4609,80.7,8.7,0.8,5.6,1.6,0.5,253.5,1.0,high,False,IFCT2017 (matched via ingredient normalization)
4612,89.1,3.7,10.0,3.1,7.5,4.4,312.6,1.0,high,False,IFCT2017 (matched via ingredient normalization)
4614,1041.5,41.6,132.0,38.9,58.4,5.7,550.7,0.92,high,False,IFCT2017 (matched via ingredient normalization)
4615,959.9,31.8,96.6,71.3,10.1,5.3,601.0,1.0,high,False,IFCT2017 (matched via ingredient normalization)
4617,584.0,68.9,13.2,41.6,22.4,4.0,1282.3,1.0,high,False,IFCT2017 (matched via ingredient normalization)
4619,193.1,14.0,23.5,3.7,8.1,1.0,310.0,1.0,high,False,IFCT2017 (matched via ingredient normalization)
4620,294.8,14.2,19.8,18.8,33.4,3.7,442.7,0.9,high,False,IFCT2017 (matched via ingredient normalization)
4625,176.2,13.0,22.1,8.4,6.2,0.5,590.1,1.0,high,False,IFCT2017 (matched via ingredient normalization)
4626,32.2,5.2,0.7,7.4,0.7,0.2,138.9,0.77,high,False,IFCT2017 (matched via ingredient normalization)
4628,261.1,16.9,32.7,2.2,13.7,1.4,316.0,1.0,high,False,IFCT2017 (matched via ingredient normalization)
4629,176.1,19.4,13.8,15.8,10.4,6.8,342.0,1.0,high,False,IFCT2017 (matched via ingredient normalization)
4630,299.0,9.3,44.4,3.9,14.8,2.2,329.3,1.0,high,False,IFCT2017 (matched via ingredient normalization)
4634,139.0,5.5,21.3,12.3,6.1,2.1,300.4,0.92,high,False,IFCT2017 (matched via ingredient normalization)
4643,334.1,16.8,36.7,17.5,7.5,6.7,604.7,1.0,high,False,IFCT2017 (matched via ingredient normalization)
4644,44.1,1.7,5.3,0.5,4.5,2.9,321.4,1.0,high,False,IFCT2017 (matched via ingredient normalization)
4648,68.1,3.1,7.4,1.4,8.8,4.7,14.8,1.0,high,False,IFCT2017 (matched via ingredient normalization)
4649,215.4,16.1,24.5,1.6,10.6,1.6,329.6,0.88,high,False,IFCT2017 (matched via ingredient normalization)
4650,135.0,6.2,15.1,23.8,12.2,1.8,318.0,0.92,high,False,IFCT2017 (matched via ingredient normalization)
4654,78.2,2.4,11.5,2.0,4.3,1.5,319.0,1.0,high,False,IFCT2017 (matched via ingredient normalization)
4655,181.5,5.1,13.8,9.5,9.1,1.5,308.2,1.0,high,False,IFCT2017 (matched via ingredient normalization)
4656,275.4,10.5,19.9,18.9,12.3,4.9,314.5,1.0,high,False,IFCT2017 (matched via ingredient normalization)
4657,553.5,25.2,54.1,30.7,32.7,8.5,437.6,0.91,high,False,IFCT2017 (matched via ingredient normalization)
4658,141.4,10.4,20.3,1.0,5.8,0.7,320.1,1.0,high,False,IFCT2017 (matched via ingredient normalization)
4659,338.2,16.3,30.3,64.0,31.4,2.2,431.5,0.83,high,False,IFCT2017 (matched via ingredient normalization)
4664,429.5,12.2,72.5,11.5,11.1,0.9,311.2,0.89,high,False,IFCT2017 (matched via ingredient normalization)
4667,203.1,8.7,26.2,26.7,20.4,11.6,597.2,1.0,high,False,IFCT2017 (matched via ingredient normalization)
4670,200.8,6.2,23.2,7.7,1.6,5.5,27.1,0.86,high,False,IFCT2017 (matched via ingredient normalization)
4673,357.5,10.6,72.2,1.1,2.8,2.2,294.1,0.83,high,False,IFCT2017 (matched via ingredient normalization)
4674,640.0,23.7,34.4,51.1,35.2,6.9,443.5,0.92,high,False,IFCT2017 (matched via ingredient normalization)
4676,3.9,0.4,0.2,0.1,0.6,0.0,4.6,0.05,low,True,IFCT2017 (matched via ingredient normalization)
4679,481.6,18.6,76.0,8.6,15.2,9.3,659.3,1.0,high,False,IFCT2017 (matched via ingredient normalization)
4684,714.9,19.9,68.7,42.5,20.5,47.0,21.4,0.88,high,False,IFCT2017 (matched via ingredient normalization)
4685,496.1,31.8,54.5,13.9,42.1,3.6,400.1,0.93,high,False,IFCT2017 (matched via ingredient normalization)
4688,180.8,7.9,29.6,43.9,5.0,0.5,202.0,1.0,high,False,IFCT2017 (matched via ingredient normalization)
4690,212.7,9.1,26.7,5.1,7.4,5.9,324.0,1.0,high,False,IFCT2017 (matched via ingredient normalization)
4692,457.4,15.2,87.1,47.2,5.8,2.3,134.0,1.0,high,False,IFCT2017 (matched via ingredient normalization)
4695,197.8,18.0,11.5,8.6,3.8,11.1,23.9,1.0,high,False,IFCT2017 (matched via ingredient normalization)
4706,256.7,13.4,18.6,47.5,37.7,5.6,722.3,1.0,high,False,IFCT2017 (matched via ingredient normalization)
4712,474.9,19.5,80.2,12.2,14.3,3.2,260.6,1.0,high,False,IFCT2017 (matched via ingredient normalization)
4713,348.2,7.8,67.1,14.5,12.0,0.5,297.2,1.0,high,False,IFCT2017 (matched via ingredient normalization)
4714,340.6,12.7,40.6,12.4,23.6,1.4,376.1,0.8,high,False,IFCT2017 (matched via ingredient normalization)
4716,69.8,1.9,8.7,13.4,4.3,7.7,309.3,0.8,high,False,IFCT2017 (matched via ingredient normalization)
4721,173.5,10.9,10.7,13.4,23.8,5.1,666.8,1.0,high,False,IFCT2017 (matched via ingredient normalization)
4725,509.1,12.1,92.1,2.8,10.8,2.6,51.7,1.0,high,False,IFCT2017 (matched via ingredient normalization)
4727,333.8,19.2,44.6,7.5,16.0,1.2,386.9,1.0,high,False,IFCT2017 (matched via ingredient normalization)
4729,5.5,0.3,0.5,0.3,0.2,0.0,387.8,1.0,low,True,IFCT2017 (matched via ingredient normalization)
4735,39.6,2.0,6.3,62.9,4.7,0.5,2913.0,0.78,high,False,IFCT2017 (matched via ingredient normalization)
4736,292.2,16.4,32.9,19.6,20.9,1.4,347.4,0.9,high,False,IFCT2017 (matched via ingredient normalization)
4740,129.4,4.8,21.5,1.2,6.7,0.7,399.9,1.0,high,False,IFCT2017 (matched via ingredient normalization)
4744,102.1,3.5,16.6,14.1,3.7,2.6,308.4,0.85,high,False,IFCT2017 (matched via ingredient normalization)
4749,33.3,2.4,2.2,0.7,4.5,0.5,302.0,1.0,high,False,IFCT2017 (matched via ingredient normalization)
4750,564.4,45.4,54.7,8.7,33.0,4.6,130.1,0.94,high,False,IFCT2017 (matched via ingredient normalization)
4756,391.7,30.7,35.7,79.8,47.9,9.6,675.5,0.95,high,False,IFCT2017 (matched via ingredient normalization)
4758,198.8,13.2,24.6,6.3,6.5,0.5,45.3,1.0,high,False,IFCT2017 (matched via ingredient normalization)
4762,362.7,17.1,26.2,18.7,14.0,3.0,326.1,1.0,high,False,IFCT2017 (matched via ingredient normalization)
4763,148.5,7.6,21.4,21.3,10.1,1.3,318.4,0.84,high,False,IFCT2017 (matched via ingredient normalization)
4766,185.4,15.4,18.2,52.3,4.6,11.2,154.9,1.0,high,False,IFCT2017 (matched via ingredient normalization)
4770,258.8,7.0,12.1,20.6,15.9,8.5,320.6,1.0,high,False,IFCT2017 (matched via ingredient normalization)
4772,231.5,7.2,32.6,17.8,8.2,2.5,252.3,1.0,high,False,IFCT2017 (matched via ingredient normalization)
4773,511.4,15.7,60.6,17.8,28.0,13.1,644.6,1.0,high,False,IFCT2017 (matched via ingredient normalization)
4774,182.3,10.1,28.9,14.6,6.4,0.8,202.2,0.86,high,False,IFCT2017 (matched via ingredient normalization)
4778,422.5,23.3,31.5,27.7,17.8,12.9,504.3,1.0,high,False,IFCT2017 (matched via ingredient normalization)
4784,294.4,11.9,44.8,3.2,17.5,2.3,317.4,0.9,high,False,IFCT2017 (matched via ingredient normalization)
4785,321.8,13.5,21.9,14.8,26.5,2.8,489.8,1.0,high,False,IFCT2017 (matched via ingredient normalization)
4786,72.1,4.1,11.2,6.9,1.7,0.3,158.0,0.93,high,False,IFCT2017 (matched via ingredient normalization)
4787,83.4,5.8,9.3,1.3,7.8,1.6,223.9,1.0,high,False,IFCT2017 (matched via ingredient normalization)
4792,182.3,22.1,7.6,5.4,8.6,2.6,473.5,1.0,high,False,IFCT2017 (matched via ingredient normalization)
4795,359.0,18.9,53.8,9.6,13.4,2.2,323.4,1.0,high,False,IFCT2017 (matched via ingredient normalization)
4797,152.2,5.0,18.7,4.8,8.2,5.1,308.6,1.0,high,False,IFCT2017 (matched via ingredient normalization)
4798,399.7,13.9,58.7,5.2,22.6,2.6,309.8,1.0,high,False,IFCT2017 (matched via ingredient normalization)
4811,99.6,4.5,7.5,11.1,14.3,1.1,352.3,0.87,high,False,IFCT2017 (matched via ingredient normalization)
4812,141.9,3.2,11.8,8.2,4.9,1.5,159.1,0.82,high,False,IFCT2017 (matched via ingredient normalization)
4813,276.2,3.8,60.2,15.5,1.8,42.8,310.2,0.89,high,False,IFCT2017 (matched via ingredient normalization)
4814,812.9,31.5,116.1,15.7,42.6,5.5,433.1,0.88,high,False,IFCT2017 (matched via ingredient normalization)
4815,74.1,11.4,1.6,1.7,3.0,0.7,327.6,0.8,high,False,IFCT2017 (matched via ingredient normalization)
4816,216.0,5.6,5.1,18.5,12.3,2.1,315.4,0.88,high,False,IFCT2017 (matched via ingredient normalization)
4818,392.1,48.6,16.5,11.3,58.7,3.6,727.5,1.0,high,False,IFCT2017 (matched via ingredient normalization)
4819,139.6,5.6,18.3,5.8,6.7,5.2,823.6,0.95,high,False,IFCT2017 (matched via ingredient normalization)
4820,172.5,10.3,18.2,4.4,11.4,1.3,304.9,1.0,high,False,IFCT2017 (matched via ingredient normalization)
4821,280.6,9.5,52.6,13.6,7.2,1.5,303.2,0.9,high,False,IFCT2017 (matched via ingredient normalization)
4832,1070.4,43.0,124.9,35.5,33.9,10.3,631.2,1.0,high,False,IFCT2017 (matched via ingredient normalization)
4833,233.7,14.0,32.2,2.0,8.5,1.1,314.2,1.0,high,False,IFCT2017 (matched via ingredient normalization)
4834,204.5,5.4,5.9,18.1,8.9,2.2,303.9,1.0,high,False,IFCT2017 (matched via ingredient normalization)
4837,146.4,5.8,24.3,4.6,10.8,2.8,612.9,1.0,high,False,IFCT2017 (matched via ingredient normalization)
4839,137.2,4.6,21.1,17.0,5.8,0.9,24.5,0.82,high,False,IFCT2017 (matched via ingredient normalization)
4844,70.6,3.7,10.0,13.0,4.6,0.6,307.8,0.92,high,False,IFCT2017 (matched via ingredient normalization)
4846,120.6,22.4,2.6,1.5,6.6,0.3,354.7,1.0,high,False,IFCT2017 (matched via ingredient normalization)
4849,269.4,12.0,47.3,13.8,7.8,1.6,320.8,1.0,high,False,IFCT2017 (matched via ingredient normalization)
4851,197.2,4.7,36.6,2.8,3.3,1.0,298.9,0.93,high,False,IFCT2017 (matched via ingredient normalization)
4852,388.7,28.8,42.2,8.5,41.1,4.7,659.9,1.0,high,False,IFCT2017 (matched via ingredient normalization)
4853,2563.0,107.1,159.6,163.7,103.6,34.9,970.0,0.95,low,True,IFCT2017 (matched via ingredient normalization)
4854,402.4,18.8,27.1,28.6,43.4,5.1,472.0,0.74,medium,False,IFCT2017 (matched via ingredient normalization)
4859,65.2,2.9,4.5,3.5,1.6,3.7,336.6,1.0,high,False,IFCT2017 (matched via ingredient normalization)
4860,448.8,11.5,32.4,25.7,28.2,5.2,642.3,1.0,high,False,IFCT2017 (matched via ingredient normalization)
4862,158.6,5.9,14.2,9.9,22.1,8.8,373.7,0.95,high,False,IFCT2017 (matched via ingredient normalization)
4865,736.9,22.5,145.9,2.6,11.3,4.0,611.9,0.85,high,False,IFCT2017 (matched via ingredient normalization)
4867,231.5,13.6,24.8,17.7,14.9,0.9,278.2,1.0,high,False,IFCT2017 (matched via ingredient normalization)
4868,1006.5,47.4,78.4,72.5,44.1,7.4,438.7,0.96,high,False,IFCT2017 (matched via ingredient normalization)
4870,134.2,5.0,4.5,9.4,10.1,1.5,341.2,1.0,high,False,IFCT2017 (matched via ingredient normalization)
4874,51.9,2.5,3.4,5.8,3.7,0.7,729.9,0.9,high,False,IFCT2017 (matched via ingredient normalization)
4883,131.2,8.1,15.6,14.6,11.3,2.7,332.0,1.0,high,False,IFCT2017 (matched via ingredient normalization)
4884,276.3,19.1,35.7,2.0,19.6,5.6,337.9,0.93,high,False,IFCT2017 (matched via ingredient normalization)
4890,221.1,11.1,31.6,1.8,13.8,5.0,325.1,1.0,high,False,IFCT2017 (matched via ingredient normalization)
4891,42.7,2.1,5.0,0.7,3.9,3.7,312.8,0.8,high,False,IFCT2017 (matched via ingredient normalization)
4903,870.7,49.8,76.7,43.7,36.6,18.0,424.3,0.97,high,False,IFCT2017 (matched via ingredient normalization)
4904,260.3,5.1,49.0,0.9,10.1,43.5,210.9,1.0,high,False,IFCT2017 (matched via ingredient normalization)
4905,446.4,13.1,88.5,4.3,6.5,2.4,301.0,1.0,high,False,IFCT2017 (matched via ingredient normalization)
4906,378.9,17.6,34.8,16.2,13.1,2.2,307.8,0.82,high,False,IFCT2017 (matched via ingredient normalization)
4909,126.9,10.3,14.0,1.2,11.8,0.6,307.2,1.0,high,False,IFCT2017 (matched via ingredient normalization)
4910,247.9,11.7,28.7,16.2,29.3,4.8,41.2,0.94,high,False,IFCT2017 (matched via ingredient normalization)
4914,81.9,5.6,8.5,1.4,8.1,1.2,54.5,0.83,high,False,IFCT2017 (matched via ingredient normalization)
4919,227.8,6.8,45.7,13.3,2.2,1.2,292.3,1.0,high,False,IFCT2017 (matched via ingredient normalization)
4920,235.4,16.1,14.4,34.4,10.1,8.3,99.2,0.91,high,False,IFCT2017 (matched via ingredient normalization)
4921,35.8,4.1,1.3,0.7,4.6,0.3,264.5,1.0,high,False,IFCT2017 (matched via ingredient normalization)
4925,182.8,7.2,16.9,20.0,11.8,8.3,322.5,0.93,high,False,IFCT2017 (matched via ingredient normalization)
4927,278.8,10.9,12.7,30.8,20.4,5.1,321.1,1.0,high,False,IFCT2017 (matched via ingredient normalization)
4928,114.6,8.6,14.0,1.4,10.5,0.6,325.0,1.0,high,False,IFCT2017 (matched via ingredient normalization)
4933,225.3,7.9,24.6,10.4,19.9,1.2,376.9,0.86,high,False,IFCT2017 (matched via ingredient normalization)
4935,133.3,5.1,21.7,39.2,4.6,1.8,585.8,0.9,high,False,IFCT2017 (matched via ingredient normalization)
4936,387.9,12.7,76.8,9.4,4.6,1.9,199.3,1.0,high,False,IFCT2017 (matched via ingredient normalization)
4940,308.4,17.4,19.6,36.6,10.8,9.5,323.2,0.95,high,False,IFCT2017 (matched via ingredient normalization)
4942,93.9,3.1,14.6,3.1,7.7,12.8,299.4,1.0,high,False,IFCT2017 (matched via ingredient normalization)
4943,81.5,5.3,7.0,17.0,11.0,3.2,11.7,0.9,high,False,IFCT2017 (matched via ingredient normalization)
4945,63.8,2.3,5.8,8.9,5.8,2.0,601.3,1.0,high,False,IFCT2017 (matched via ingredient normalization)
4946,1113.9,40.9,70.9,67.2,43.8,6.2,221.3,1.0,high,False,IFCT2017 (matched via ingredient normalization)
4954,73.8,1.0,12.5,0.1,4.5,3.7,49.8,1.0,high,False,IFCT2017 (matched via ingredient normalization)
4956,406.0,26.1,45.2,11.1,17.1,2.6,327.3,0.95,high,False,IFCT2017 (matched via ingredient normalization)
4958,139.4,22.4,4.1,14.9,4.0,0.8,355.2,0.94,high,False,IFCT2017 (matched via ingredient normalization)
4959,878.9,34.8,129.0,35.8,33.3,4.2,672.9,1.0,high,False,IFCT2017 (matched via ingredient normalization)
4960,318.1,14.3,32.0,23.6,28.5,2.3,368.5,0.85,high,False,IFCT2017 (matched via ingredient normalization)
4961,217.8,7.0,15.7,11.9,12.8,6.4,138.4,1.0,high,False,IFCT2017 (matched via ingredient normalization)
4964,108.4,9.5,6.1,14.0,11.0,2.1,325.4,1.0,high,False,IFCT2017 (matched via ingredient normalization)
4965,126.5,22.6,2.8,4.5,6.7,0.4,354.5,1.0,high,False,IFCT2017 (matched via ingredient normalization)
4967,1158.1,44.4,102.4,89.1,108.8,10.0,1069.0,0.8,high,False,IFCT2017 (matched via ingredient normalization)
4968,140.8,7.0,5.8,33.6,9.7,3.7,330.9,1.0,high,False,IFCT2017 (matched via ingredient normalization)
4972,466.4,12.3,13.7,43.3,32.0,5.8,121.1,0.92,high,False,IFCT2017 (matched via ingredient normalization)
4976,162.6,13.8,10.6,5.6,29.1,3.0,350.1,0.88,high,False,IFCT2017 (matched via ingredient normalization)
4979,1242.6,55.1,79.4,70.1,20.5,6.5,340.5,1.0,low,True,IFCT2017 (matched via ingredient normalization)
4982,270.2,6.9,35.2,12.1,10.9,1.2,299.1,1.0,high,False,IFCT2017 (matched via ingredient normalization)
4985,392.5,10.4,71.8,5.6,9.3,0.9,307.5,1.0,high,False,IFCT2017 (matched via ingredient normalization)
4986,156.3,7.0,20.0,37.3,6.1,4.3,428.5,1.0,high,False,IFCT2017 (matched via ingredient normalization)
4987,280.6,14.4,41.0,1.4,15.5,19.2,430.5,1.0,high,False,IFCT2017 (matched via ingredient normalization)
5005,90.3,7.6,8.4,4.0,0.6,2.6,314.9,1.0,high,False,IFCT2017 (matched via ingredient normalization)
5006,57.2,3.1,6.0,1.2,4.9,1.9,325.8,1.0,high,False,IFCT2017 (matched via ingredient normalization)
5008,73.6,4.8,7.4,3.7,6.6,0.5,316.5,1.0,high,False,IFCT2017 (matched via ingredient normalization)
5009,5726.9,221.1,204.6,456.2,135.0,45.2,1138.8,1.0,low,True,IFCT2017 (matched via ingredient normalization)
5012,146.2,24.6,4.2,2.0,5.9,0.8,379.0,1.0,high,False,IFCT2017 (matched via ingredient normalization)
5013,411.0,32.1,17.8,29.4,35.7,4.9,505.4,0.94,high,False,IFCT2017 (matched via ingredient normalization)
5016,92.9,1.9,17.7,4.3,4.2,2.8,319.3,1.0,high,False,IFCT2017 (matched via ingredient normalization)
5021,460.0,16.2,13.2,38.5,32.8,6.9,338.5,1.0,high,False,IFCT2017 (matched via ingredient normalization)
5026,444.8,26.0,47.6,12.5,20.3,2.0,262.6,0.94,high,False,IFCT2017 (matched via ingredient normalization)
5036,143.3,8.5,7.7,9.3,23.2,2.6,330.3,0.94,high,False,IFCT2017 (matched via ingredient normalization)
5037,307.4,9.5,48.5,26.6,12.3,3.2,620.7,0.9,high,False,IFCT2017 (matched via ingredient normalization)
5038,497.5,23.6,27.5,30.1,18.4,4.4,417.7,1.0,high,False,IFCT2017 (matched via ingredient normalization)
5039,51.7,2.7,7.6,0.7,2.3,0.4,82.2,0.94,high,False,IFCT2017 (matched via ingredient normalization)
5040,244.1,22.0,26.3,1.8,8.2,1.6,301.9,1.0,high,False,IFCT2017 (matched via ingredient normalization)
5045,1008.5,40.8,54.9,168.8,53.2,34.2,465.1,0.95,high,False,IFCT2017 (matched via ingredient normalization)
5047,211.2,10.0,14.6,12.3,10.2,2.2,318.1,1.0,high,False,IFCT2017 (matched via ingredient normalization)
5048,51.2,3.3,4.1,14.0,7.1,1.5,313.6,1.0,high,False,IFCT2017 (matched via ingredient normalization)
5049,267.5,7.6,55.1,0.6,2.5,1.2,292.5,1.0,high,False,IFCT2017 (matched via ingredient normalization)
5050,327.4,13.0,36.0,12.7,31.9,12.5,388.0,0.94,high,False,IFCT2017 (matched via ingredient normalization)
5053,255.4,21.0,9.8,13.9,29.1,2.5,445.4,0.96,high,False,IFCT2017 (matched via ingredient normalization)
5060,371.6,24.3,45.1,19.9,53.1,23.6,644.5,1.0,high,False,IFCT2017 (matched via ingredient normalization)
5065,84.3,2.3,15.9,3.8,3.3,0.4,60.0,1.0,high,False,IFCT2017 (matched via ingredient normalization)
5072,155.8,11.4,14.4,2.8,16.4,3.1,57.4,0.93,high,False,IFCT2017 (matched via ingredient normalization)
5073,418.4,28.5,24.8,39.3,6.5,22.1,540.9,1.0,high,False,IFCT2017 (matched via ingredient normalization)
5074,53.4,2.3,7.4,13.1,5.8,5.4,209.5,0.9,high,False,IFCT2017 (matched via ingredient normalization)
5075,189.5,14.2,24.8,13.5,12.9,1.5,317.2,0.94,high,False,IFCT2017 (matched via ingredient normalization)
5077,203.1,8.7,30.6,1.4,7.3,2.8,318.2,1.0,high,False,IFCT2017 (matched via ingredient normalization)
5079,462.5,14.0,90.6,14.3,8.5,2.9,314.8,1.0,high,False,IFCT2017 (matched via ingredient normalization)
5081,379.1,11.3,73.3,2.4,2.8,3.2,299.8,0.8,high,False,IFCT2017 (matched via ingredient normalization)
5084,222.5,14.1,5.0,17.8,10.6,2.3,278.4,1.0,high,False,IFCT2017 (matched via ingredient normalization)
5086,554.3,30.7,33.9,72.1,58.3,7.9,716.8,0.97,high,False,IFCT2017 (matched via ingredient normalization)
5087,360.2,18.4,27.7,19.7,29.5,2.3,365.9,0.93,high,False,IFCT2017 (matched via ingredient normalization)
5093,420.6,21.2,53.4,20.5,18.8,1.3,332.2,0.75,high,False,IFCT2017 (matched via ingredient normalization)
5094,112.6,5.0,8.4,16.2,16.6,3.9,362.9,0.88,high,False,IFCT2017 (matched via ingredient normalization)
5095,170.1,23.4,9.5,2.9,4.2,1.5,338.0,1.0,high,False,IFCT2017 (matched via ingredient normalization)
5096,144.2,6.8,13.1,9.6,7.3,9.3,348.7,1.0,high,False,IFCT2017 (matched via ingredient normalization)
5098,100.1,7.7,8.4,2.9,6.3,2.6,322.8,0.86,high,False,IFCT2017 (matched via ingredient normalization)
5099,302.4,20.6,8.5,23.2,10.2,2.1,339.2,1.0,high,False,IFCT2017 (matched via ingredient normalization)
5106,43.8,4.1,2.3,2.3,7.8,0.4,309.8,1.0,high,False,IFCT2017 (matched via ingredient normalization)
5108,213.3,9.0,32.9,4.7,4.7,3.5,607.4,0.94,high,False,IFCT2017 (matched via ingredient normalization)
5110,57.7,4.5,5.5,5.5,3.9,0.3,195.8,0.93,high,False,IFCT2017 (matched via ingredient normalization)
5113,88.2,13.1,3.1,1.4,5.7,1.0,341.4,0.92,high,False,IFCT2017 (matched via ingredient normalization)
5114,1308.3,45.4,70.5,94.7,21.9,20.6,339.3,0.92,low,True,IFCT2017 (matched via ingredient normalization)
5126,231.2,9.0,12.3,19.8,8.6,4.7,129.6,0.94,high,False,IFCT2017 (matched via ingredient normalization)
5127,127.7,4.2,24.9,0.4,2.1,0.6,391.4,1.0,high,False,IFCT2017 (matched via ingredient normalization)
5128,126.2,5.6,15.8,15.2,6.7,0.8,301.0,1.0,high,False,IFCT2017 (matched via ingredient normalization)
5133,228.5,15.5,10.9,15.8,20.3,4.9,798.7,0.96,high,False,IFCT2017 (matched via ingredient normalization)
5134,116.5,2.9,18.2,13.2,4.1,0.7,297.8,1.0,high,False,IFCT2017 (matched via ingredient normalization)
5136,331.6,11.0,36.0,17.3,13.1,4.4,342.7,1.0,high,False,IFCT2017 (matched via ingredient normalization)
5138,95.5,3.9,3.0,6.2,7.2,1.3,305.7,1.0,high,False,IFCT2017 (matched via ingredient normalization)
5143,509.7,22.4,53.6,17.1,26.5,2.3,51.8,0.94,high,False,IFCT2017 (matched via ingredient normalization)
5145,174.2,10.5,20.7,3.2,11.6,0.8,336.8,0.93,high,False,IFCT2017 (matched via ingredient normalization)
5148,514.0,21.7,80.9,22.5,7.5,9.3,577.6,1.0,high,False,IFCT2017 (matched via ingredient normalization)
5153,379.1,15.3,45.4,61.4,26.1,4.1,1099.3,0.9,high,False,IFCT2017 (matched via ingredient normalization)
5155,66.9,2.2,8.5,0.6,3.4,0.9,206.9,0.93,high,False,IFCT2017 (matched via ingredient normalization)
5156,692.9,10.4,113.1,17.1,8.0,44.3,19.9,1.0,high,False,IFCT2017 (matched via ingredient normalization)
5157,386.4,21.6,54.6,39.7,17.0,2.5,611.8,1.0,high,False,IFCT2017 (matched via ingredient normalization)
5162,112.6,6.0,15.8,0.7,5.3,2.9,203.7,1.0,high,False,IFCT2017 (matched via ingredient normalization)
5169,106.9,6.6,13.6,13.8,8.5,1.1,311.8,1.0,high,False,IFCT2017 (matched via ingredient normalization)
5170,157.2,21.6,2.8,7.7,5.4,1.4,360.6,1.0,high,False,IFCT2017 (matched via ingredient normalization)
5173,92.3,12.6,4.6,14.3,4.9,0.5,334.9,1.0,high,False,IFCT2017 (matched via ingredient normalization)
5178,403.8,8.6,14.8,45.5,20.7,9.8,324.2,0.94,high,False,IFCT2017 (matched via ingredient normalization)
5179,521.6,25.9,74.4,10.1,9.8,9.4,42.9,0.94,high,False,IFCT2017 (matched via ingredient normalization)
5185,238.4,9.8,35.7,1.9,14.8,4.9,1227.2,0.92,high,False,IFCT2017 (matched via ingredient normalization)
5186,337.4,12.8,31.1,14.8,17.6,10.9,73.5,0.75,high,False,IFCT2017 (matched via ingredient normalization)
5190,104.3,2.9,4.4,9.2,5.9,1.5,306.4,0.93,high,False,IFCT2017 (matched via ingredient normalization)
5191,343.1,20.1,5.8,29.5,12.4,3.0,345.0,1.0,high,False,IFCT2017 (matched via ingredient normalization)
5192,210.4,14.8,22.2,15.4,29.5,2.3,354.8,0.91,high,False,IFCT2017 (matched via ingredient normalization)
5193,46.9,0.7,8.0,3.9,3.1,2.3,320.8,1.0,high,False,IFCT2017 (matched via ingredient normalization)
5198,560.9,33.6,44.3,23.7,30.1,6.8,398.2,0.93,high,False,IFCT2017 (matched via ingredient normalization)
5200,353.1,23.1,56.0,1.7,20.6,1.3,407.8,1.0,high,False,IFCT2017 (matched via ingredient normalization)
5201,86.9,5.3,7.2,14.4,8.4,3.1,544.7,1.0,high,False,IFCT2017 (matched via ingredient normalization)
5203,213.9,32.5,2.5,20.3,4.4,1.0,371.3,1.0,high,False,IFCT2017 (matched via ingredient normalization)
5204,303.6,9.8,52.9,4.5,8.3,2.1,143.1,1.0,high,False,IFCT2017 (matched via ingredient normalization)
5205,113.6,6.9,9.4,65.7,15.5,3.5,619.2,0.95,high,False,IFCT2017 (matched via ingredient normalization)
5207,606.2,15.5,99.3,23.6,21.5,52.1,92.1,0.86,high,False,IFCT2017 (matched via ingredient normalization)
5209,266.8,7.8,36.9,57.8,1.9,11.4,109.0,1.0,high,False,IFCT2017 (matched via ingredient normalization)
5210,759.1,31.1,127.3,10.3,35.1,5.5,560.0,1.0,high,False,IFCT2017 (matched via ingredient normalization)
5211,147.6,5.1,4.9,13.3,13.8,3.1,304.9,1.0,high,False,IFCT2017 (matched via ingredient normalization)
5213,269.8,11.5,35.8,3.2,16.8,12.0,316.5,0.69,medium,False,IFCT2017 (matched via ingredient normalization)
5214,561.8,40.6,41.7,21.4,32.9,8.9,594.5,1.0,high,False,IFCT2017 (matched via ingredient normalization)
5219,347.4,18.7,35.5,19.3,39.0,2.7,459.7,1.0,high,False,IFCT2017 (matched via ingredient normalization)
5220,113.9,3.9,17.4,13.9,8.1,15.0,307.1,1.0,high,False,IFCT2017 (matched via ingredient normalization)
5222,29.9,1.0,1.9,1.7,0.1,1.9,7.8,0.75,high,False,IFCT2017 (matched via ingredient normalization)
5223,385.7,17.3,59.6,31.1,12.0,1.1,8.2,0.86,high,False,IFCT2017 (matched via ingredient normalization)
5225,117.6,3.3,3.3,11.5,5.4,2.6,302.3,1.0,high,False,IFCT2017 (matched via ingredient normalization)
5229,477.2,17.6,20.4,47.4,6.8,2.7,361.6,1.0,high,False,IFCT2017 (matched via ingredient normalization)
5231,0.0,0.0,0.0,1.9,0.0,0.0,0.0,0.08,low,True,IFCT2017 (matched via ingredient normalization)
5241,75.9,2.7,5.6,8.0,5.9,2.4,428.5,1.0,high,False,IFCT2017 (matched via ingredient normalization)
5243,54.0,3.3,5.6,0.7,6.6,3.6,348.4,1.0,high,False,IFCT2017 (matched via ingredient normalization)
5247,134.0,22.5,3.2,6.3,3.9,0.7,365.2,0.92,high,False,IFCT2017 (matched via ingredient normalization)
5249,274.9,8.3,41.6,3.4,14.0,3.9,641.8,1.0,high,False,IFCT2017 (matched via ingredient normalization)
5251,335.9,11.8,15.8,23.1,5.2,4.4,313.2,0.91,high,False,IFCT2017 (matched via ingredient normalization)
5252,134.9,5.6,14.2,4.1,14.6,1.4,370.9,0.86,high,False,IFCT2017 (matched via ingredient normalization)
5253,553.7,18.6,79.7,10.8,14.9,3.9,349.1,0.87,high,False,IFCT2017 (matched via ingredient normalization)
5257,703.3,36.0,115.5,15.4,15.9,3.1,326.3,1.0,high,False,IFCT2017 (matched via ingredient normalization)
5259,207.0,14.3,27.2,4.5,10.6,1.5,316.6,1.0,high,False,IFCT2017 (matched via ingredient normalization)
5270,523.7,23.3,22.5,34.5,19.2,4.5,672.4,0.9,high,False,IFCT2017 (matched via ingredient normalization)
5272,271.6,10.6,14.2,28.5,21.4,2.9,317.7,1.0,high,False,IFCT2017 (matched via ingredient normalization)
5275,234.1,8.3,41.2,1.5,11.1,2.6,316.9,0.93,high,False,IFCT2017 (matched via ingredient normalization)
5281,124.4,6.6,16.0,1.0,5.7,1.3,315.1,0.9,high,False,IFCT2017 (matched via ingredient normalization)
5282,129.0,15.1,4.8,17.1,6.3,0.5,339.9,0.93,high,False,IFCT2017 (matched via ingredient normalization)
5288,273.3,17.1,34.8,1.8,15.6,2.5,350.9,1.0,high,False,IFCT2017 (matched via ingredient normalization)
5289,268.5,12.1,19.2,24.1,35.8,4.2,422.6,0.9,high,False,IFCT2017 (matched via ingredient normalization)
5293,10.7,0.6,0.7,12.7,1.2,0.2,291.3,0.8,low,True,IFCT2017 (matched via ingredient normalization)
5296,668.5,35.6,72.8,22.0,38.6,5.8,640.9,1.0,high,False,IFCT2017 (matched via ingredient normalization)
5297,502.1,11.2,8.4,54.4,23.4,5.8,422.3,1.0,high,False,IFCT2017 (matched via ingredient normalization)
5301,821.5,16.3,31.8,74.4,34.6,26.2,637.9,1.0,high,False,IFCT2017 (matched via ingredient normalization)
5304,164.6,3.2,28.2,6.9,19.3,24.8,309.0,1.0,high,False,IFCT2017 (matched via ingredient normalization)
5310,101.2,14.2,3.5,14.2,5.7,1.3,345.6,0.92,high,False,IFCT2017 (matched via ingredient normalization)
5320,134.9,11.3,14.0,35.0,11.1,1.4,348.7,0.95,high,False,IFCT2017 (matched via ingredient normalization)
5322,221.5,21.8,20.3,9.3,11.3,3.0,589.5,1.0,high,False,IFCT2017 (matched via ingredient normalization)
5325,180.6,12.9,14.5,15.0,2.9,5.1,226.2,1.0,high,False,IFCT2017 (matched via ingredient normalization)
5328,51.7,2.9,3.8,8.7,7.9,0.9,323.1,0.92,high,False,IFCT2017 (matched via ingredient normalization)
5334,308.8,16.9,28.5,9.2,11.9,8.9,365.6,0.94,high,False,IFCT2017 (matched via ingredient normalization)
5335,49.5,3.6,6.5,8.1,5.2,1.8,321.8,1.0,high,False,IFCT2017 (matched via ingredient normalization)
5336,213.7,8.5,38.2,1.4,7.4,2.0,503.3,0.9,high,False,IFCT2017 (matched via ingredient normalization)
5342,306.3,12.2,41.0,11.6,15.6,1.7,642.6,1.0,high,False,IFCT2017 (matched via ingredient normalization)
5347,173.2,3.1,35.3,6.2,2.3,21.6,7.5,1.0,high,False,IFCT2017 (matched via ingredient normalization)
5349,158.2,24.8,6.0,7.2,15.2,2.4,220.2,1.0,high,False,IFCT2017 (matched via ingredient normalization)
5353,253.9,9.0,21.4,29.8,31.6,12.1,425.7,0.94,high,False,IFCT2017 (matched via ingredient normalization)
5358,325.1,20.1,13.1,18.8,20.9,4.1,361.3,1.0,high,False,IFCT2017 (matched via ingredient normalization)
5360,623.8,40.4,86.2,19.3,34.3,3.6,65.6,0.95,high,False,IFCT2017 (matched via ingredient normalization)
5368,64.1,1.4,12.5,0.4,2.2,0.1,1.0,1.0,high,False,IFCT2017 (matched via ingredient normalization)
5380,206.9,18.8,7.8,11.8,12.1,4.1,57.7,1.0,high,False,IFCT2017 (matched via ingredient normalization)
5382,217.8,5.3,7.7,17.9,12.2,2.5,319.6,1.0,high,False,IFCT2017 (matched via ingredient normalization)
5385,1056.7,53.9,148.7,11.6,70.5,28.1,446.3,1.0,high,False,IFCT2017 (matched via ingredient normalization)
5390,177.2,29.5,5.6,32.7,5.3,1.9,653.9,0.94,high,False,IFCT2017 (matched via ingredient normalization)
5392,119.1,4.5,21.1,1.8,4.9,2.9,308.1,1.0,high,False,IFCT2017 (matched via ingredient normalization)
5394,586.6,21.4,97.7,36.8,18.4,3.6,615.8,0.93,high,False,IFCT2017 (matched via ingredient normalization)
5398,725.6,41.7,11.9,69.5,33.3,5.8,521.0,1.0,high,False,IFCT2017 (matched via ingredient normalization)
5405,105.9,3.4,19.3,0.8,3.0,0.6,300.2,1.0,high,False,IFCT2017 (matched via ingredient normalization)
5406,165.4,6.1,27.3,11.2,9.3,1.8,245.0,1.0,high,False,IFCT2017 (matched via ingredient normalization)
5408,177.5,4.8,31.5,11.0,4.6,0.8,250.4,0.94,high,False,IFCT2017 (matched via ingredient normalization)
5415,286.2,24.8,7.1,19.3,17.7,3.5,83.0,1.0,high,False,IFCT2017 (matched via ingredient normalization)
5422,21.1,1.9,1.0,0.3,2.2,0.5,301.9,0.89,high,False,IFCT2017 (matched via ingredient normalization)
5423,155.2,15.3,5.4,6.7,6.8,0.8,632.6,0.88,high,False,IFCT2017 (matched via ingredient normalization)
5424,196.0,11.9,22.4,5.3,5.3,6.0,422.6,1.0,high,False,IFCT2017 (matched via ingredient normalization)
5425,464.1,29.2,12.8,42.2,13.9,7.6,489.0,1.0,high,False,IFCT2017 (matched via ingredient normalization)
5427,416.2,11.9,69.4,62.1,12.9,5.4,613.5,1.0,high,False,IFCT2017 (matched via ingredient normalization)
5429,1145.0,46.9,77.0,76.6,67.3,12.1,458.8,1.0,high,False,IFCT2017 (matched via ingredient normalization)
5433,255.9,10.9,40.1,20.1,8.3,1.0,310.0,1.0,high,False,IFCT2017 (matched via ingredient normalization)
5434,347.4,23.4,36.1,20.9,8.5,7.8,323.1,0.91,high,False,IFCT2017 (matched via ingredient normalization)
5440,82.9,6.9,5.4,14.6,15.0,1.6,322.5,1.0,high,False,IFCT2017 (matched via ingredient normalization)
5444,110.4,7.1,16.1,13.4,4.5,0.6,314.5,0.92,high,False,IFCT2017 (matched via ingredient normalization)
5450,691.6,16.0,73.3,34.4,17.7,50.1,48.6,1.0,high,False,IFCT2017 (matched via ingredient normalization)
5451,424.6,12.9,32.0,30.1,27.3,15.0,393.6,1.0,high,False,IFCT2017 (matched via ingredient normalization)
5454,98.6,4.8,6.7,7.0,11.5,3.7,463.6,1.0,high,False,IFCT2017 (matched via ingredient normalization)
5464,229.2,4.4,28.1,17.1,3.3,13.9,6.4,0.86,high,False,IFCT2017 (matched via ingredient normalization)
5474,901.4,40.3,140.7,47.7,57.0,5.4,667.9,1.0,high,False,IFCT2017 (matched via ingredient normalization)
5484,241.9,9.9,40.9,13.6,9.0,1.2,304.2,1.0,high,False,IFCT2017 (matched via ingredient normalization)
5486,280.6,17.1,31.0,10.2,25.8,2.0,110.1,0.95,high,False,IFCT2017 (matched via ingredient normalization)
5490,282.9,26.5,30.8,15.6,13.8,0.4,322.7,1.0,high,False,IFCT2017 (matched via ingredient normalization)
5492,238.8,10.7,20.0,7.3,29.2,2.1,423.4,0.88,high,False,IFCT2017 (matched via ingredient normalization)
5494,550.3,16.4,97.4,7.9,14.0,7.2,316.5,1.0,high,False,IFCT2017 (matched via ingredient normalization)
5496,454.7,14.9,84.2,3.6,6.7,6.5,539.7,1.0,high,False,IFCT2017 (matched via ingredient normalization)
5499,95.4,4.5,12.9,1.0,9.9,7.8,1288.7,1.0,high,False,IFCT2017 (matched via ingredient normalization)
5500,198.1,17.7,7.0,9.3,8.0,2.1,637.3,0.92,high,False,IFCT2017 (matched via ingredient normalization)
5501,313.0,9.0,55.4,78.2,12.2,0.6,232.4,0.93,high,False,IFCT2017 (matched via ingredient normalization)
5505,38.0,1.2,5.0,13.1,2.6,3.6,488.5,0.88,high,False,IFCT2017 (matched via ingredient normalization)
5508,457.7,11.8,51.0,31.2,15.5,9.1,311.1,1.0,high,False,IFCT2017 (matched via ingredient normalization)
5513,127.0,7.2,12.1,15.5,11.2,2.4,719.4,0.96,high,False,IFCT2017 (matched via ingredient normalization)
5517,99.7,7.0,7.9,6.7,8.4,2.7,549.9,1.0,high,False,IFCT2017 (matched via ingredient normalization)
5518,188.5,12.4,21.1,18.2,28.1,12.6,352.5,1.0,high,False,IFCT2017 (matched via ingredient normalization)
5520,54.0,4.3,4.1,4.9,11.6,2.1,299.1,1.0,high,False,IFCT2017 (matched via ingredient normalization)
5522,422.0,21.6,40.8,36.3,22.9,3.2,422.4,0.93,high,False,IFCT2017 (matched via ingredient normalization)
5524,209.2,12.9,23.2,16.0,8.4,3.2,562.8,0.94,high,False,IFCT2017 (matched via ingredient normalization)
5526,203.3,11.7,16.9,6.7,12.7,4.1,616.6,1.0,high,False,IFCT2017 (matched via ingredient normalization)
5528,442.5,21.6,64.4,6.3,15.0,2.0,409.5,0.78,high,False,IFCT2017 (matched via ingredient normalization)
5529,325.7,15.2,27.2,18.7,31.4,3.6,450.4,0.85,high,False,IFCT2017 (matched via ingredient normalization)
5531,249.4,16.5,24.4,18.5,10.2,1.4,1078.7,1.0,high,False,IFCT2017 (matched via ingredient normalization)
5535,863.0,17.5,145.4,24.0,16.0,73.1,609.9,1.0,high,False,IFCT2017 (matched via ingredient normalization)
5537,164.8,6.2,19.4,3.8,12.3,16.6,334.3,1.0,high,False,IFCT2017 (matched via ingredient normalization)
5542,119.1,11.1,9.1,5.8,24.2,1.9,336.4,1.0,high,False,IFCT2017 (matched via ingredient normalization)
5543,64.0,3.1,6.9,4.0,8.5,5.4,399.2,1.0,high,False,IFCT2017 (matched via ingredient normalization)
5545,266.0,8.3,43.5,5.8,9.3,1.4,322.3,0.8,high,False,IFCT2017 (matched via ingredient normalization)
5550,265.1,20.6,8.3,18.8,18.3,2.8,369.8,1.0,high,False,IFCT2017 (matched via ingredient normalization)
5553,535.7,24.6,96.4,3.9,5.3,2.5,872.9,1.0,high,False,IFCT2017 (matched via ingredient normalization)
5555,545.8,16.2,83.7,12.9,14.3,9.8,152.3,1.0,high,False,IFCT2017 (matched via ingredient normalization)
5556,404.8,16.8,27.1,102.0,46.1,3.4,455.3,0.95,high,False,IFCT2017 (matched via ingredient normalization)
5557,38.5,2.6,3.3,55.5,6.1,1.5,615.4,0.9,high,False,IFCT2017 (matched via ingredient normalization)
5559,327.9,20.4,22.3,16.8,14.3,11.4,344.5,0.93,high,False,IFCT2017 (matched via ingredient normalization)
5560,161.8,19.4,3.8,19.6,2.3,1.6,330.3,0.93,high,False,IFCT2017 (matched via ingredient normalization)
5562,339.1,17.3,29.3,28.3,17.2,7.2,371.4,0.9,high,False,IFCT2017 (matched via ingredient normalization)
5563,96.7,7.2,8.8,18.4,14.3,1.9,810.3,0.92,high,False,IFCT2017 (matched via ingredient normalization)
5567,270.9,17.6,12.6,19.1,6.6,9.7,329.5,1.0,high,False,IFCT2017 (matched via ingredient normalization)
5570,150.0,7.5,7.1,170.2,16.4,1.8,359.1,0.89,high,False,IFCT2017 (matched via ingredient normalization)
5576,138.9,8.7,20.1,3.6,5.6,0.9,213.5,1.0,high,False,IFCT2017 (matched via ingredient normalization)
5577,2269.7,73.5,99.0,202.8,19.2,12.8,627.7,0.94,low,True,IFCT2017 (matched via ingredient normalization)
5580,149.3,6.0,7.8,10.4,14.6,4.1,348.4,1.0,high,False,IFCT2017 (matched via ingredient normalization)
5583,86.9,8.0,6.8,1.6,6.6,0.9,369.1,1.0,high,False,IFCT2017 (matched via ingredient normalization)
5585,84.9,12.5,2.6,16.3,4.3,1.0,527.9,1.0,high,False,IFCT2017 (matched via ingredient normalization)
5586,126.3,4.5,20.0,9.9,3.8,0.8,294.4,1.0,high,False,IFCT2017 (matched via ingredient normalization)
5587,144.0,7.8,11.9,6.7,18.5,4.2,318.7,0.95,high,False,IFCT2017 (matched via ingredient normalization)
5588,60.3,1.8,12.1,0.2,0.6,0.3,323.4,1.0,high,False,IFCT2017 (matched via ingredient normalization)
5591,84.6,13.1,1.8,1.5,4.3,0.8,343.9,1.0,high,False,IFCT2017 (matched via ingredient normalization)
5592,59.6,2.5,5.9,3.0,5.2,0.6,403.3,0.92,high,False,IFCT2017 (matched via ingredient normalization)
5595,274.9,29.2,7.1,25.3,12.4,4.9,375.1,1.0,high,False,IFCT2017 (matched via ingredient normalization)
5601,255.0,18.1,5.5,18.7,8.6,4.1,340.9,1.0,high,False,IFCT2017 (matched via ingredient normalization)
5602,495.5,12.3,79.5,2.4,17.7,3.5,280.7,0.92,high,False,IFCT2017 (matched via ingredient normalization)
5608,91.2,4.7,3.9,17.3,8.6,2.3,328.7,1.0,high,False,IFCT2017 (matched via ingredient normalization)
5613,120.7,3.6,24.2,8.8,1.1,0.7,194.5,1.0,high,False,IFCT2017 (matched via ingredient normalization)
5614,64.9,3.6,4.9,2.6,4.8,2.9,23.3,1.0,high,False,IFCT2017 (matched via ingredient normalization)
5615,364.8,13.1,48.2,5.9,23.3,1.9,327.1,0.95,high,False,IFCT2017 (matched via ingredient normalization)
5619,1512.6,16.7,288.3,101.7,46.5,270.0,36.7,1.0,low,True,IFCT2017 (matched via ingredient normalization)
5620,110.7,2.6,5.3,11.8,4.3,1.3,301.4,1.0,high,False,IFCT2017 (matched via ingredient normalization)
5635,166.6,16.8,7.3,18.1,12.7,1.0,381.4,1.0,high,False,IFCT2017 (matched via ingredient normalization)
5637,851.1,35.1,20.0,79.9,13.9,5.3,323.8,0.94,high,False,IFCT2017 (matched via ingredient normalization)
5641,464.4,35.1,51.4,9.8,17.2,1.4,360.7,0.92,high,False,IFCT2017 (matched via ingredient normalization)
5643,524.2,15.7,100.6,1.6,9.1,2.6,503.5,1.0,high,False,IFCT2017 (matched via ingredient normalization)
5652,55.1,3.8,5.6,15.7,5.5,3.6,602.4,0.82,high,False,IFCT2017 (matched via ingredient normalization)
5653,379.0,11.8,73.5,18.4,3.8,3.1,304.4,1.0,high,False,IFCT2017 (matched via ingredient normalization)
5655,111.5,3.8,6.7,7.1,6.9,2.5,126.8,1.0,high,False,IFCT2017 (matched via ingredient normalization)
5656,137.9,13.4,6.9,18.4,5.4,1.2,329.6,1.0,high,False,IFCT2017 (matched via ingredient normalization)
5657,50.7,3.7,2.8,9.7,7.1,0.5,412.6,1.0,high,False,IFCT2017 (matched via ingredient normalization)
5658,56.8,4.1,7.1,0.7,1.0,0.0,5.8,1.0,high,False,IFCT2017 (matched via ingredient normalization)
5660,167.8,10.2,9.4,8.1,7.5,5.1,318.4,0.88,high,False,IFCT2017 (matched via ingredient normalization)
5663,494.2,16.5,68.0,22.8,7.9,11.9,10.9,0.91,high,False,IFCT2017 (matched via ingredient normalization)
5664,214.8,8.2,30.4,27.5,13.0,2.8,612.4,0.9,high,False,IFCT2017 (matched via ingredient normalization)
5665,609.1,12.0,41.3,44.6,36.4,36.5,606.3,1.0,high,False,IFCT2017 (matched via ingredient normalization)
5668,10.5,0.4,0.6,0.4,1.8,0.1,9.2,0.75,low,True,IFCT2017 (matched via ingredient normalization)
5672,144.5,12.2,9.1,16.5,20.3,1.3,357.1,0.94,high,False,IFCT2017 (matched via ingredient normalization)
5674,85.3,2.4,14.2,50.9,4.0,7.7,604.6,1.0,high,False,IFCT2017 (matched via ingredient normalization)
5675,4311.2,67.7,90.5,417.0,119.2,46.4,418.7,0.92,low,True,IFCT2017 (matched via ingredient normalization)
5678,447.3,25.3,56.5,22.7,39.6,3.9,505.0,0.95,high,False,IFCT2017 (matched via ingredient normalization)
5680,384.0,9.5,70.9,9.4,5.8,0.8,321.0,1.0,high,False,IFCT2017 (matched via ingredient normalization)
5689,67.2,2.9,2.7,7.2,5.4,1.0,306.7,1.0,high,False,IFCT2017 (matched via ingredient normalization)
5691,164.9,7.2,23.2,19.8,8.0,4.2,320.9,1.0,high,False,IFCT2017 (matched via ingredient normalization)
5697,385.5,12.8,74.5,1.2,6.0,3.2,309.3,1.0,high,False,IFCT2017 (matched via ingredient normalization)
5698,471.1,44.1,19.4,26.0,41.2,3.0,538.5,0.93,high,False,IFCT2017 (matched via ingredient normalization)
5699,143.9,5.9,6.4,16.4,9.8,2.5,329.1,1.0,high,False,IFCT2017 (matched via ingredient normalization)
5700,348.8,70.7,3.6,16.7,7.5,0.6,511.3,0.94,high,False,IFCT2017 (matched via ingredient normalization)
5702,172.6,8.8,15.6,10.6,6.6,4.4,312.7,1.0,high,False,IFCT2017 (matched via ingredient normalization)
5706,119.8,12.4,13.7,1.0,2.4,0.7,34.3,1.0,high,False,IFCT2017 (matched via ingredient normalization)
5707,365.7,26.7,45.2,14.4,13.6,2.8,317.8,0.94,high,False,IFCT2017 (matched via ingredient normalization)
5708,482.6,28.7,14.3,47.8,18.2,2.9,425.2,0.89,high,False,IFCT2017 (matched via ingredient normalization)
5715,463.1,26.5,64.4,16.8,44.9,3.6,78.8,0.9,high,False,IFCT2017 (matched via ingredient normalization)
5716,2871.6,101.9,101.9,231.2,62.7,21.7,116.5,0.83,low,True,IFCT2017 (matched via ingredient normalization)
5722,131.5,5.4,20.8,2.2,2.2,2.5,310.6,1.0,high,False,IFCT2017 (matched via ingredient normalization)
5724,99.2,7.1,7.7,6.9,7.8,0.8,315.4,1.0,high,False,IFCT2017 (matched via ingredient normalization)
5725,258.9,14.4,35.7,3.7,9.8,1.3,318.9,1.0,high,False,IFCT2017 (matched via ingredient normalization)
5727,173.4,12.0,9.4,15.8,3.2,6.9,318.4,0.91,high,False,IFCT2017 (matched via ingredient normalization)
5735,293.4,19.5,37.4,16.6,12.7,1.3,602.6,0.94,high,False,IFCT2017 (matched via ingredient normalization)
5739,305.8,42.2,26.3,16.8,4.0,0.7,1053.3,1.0,high,False,IFCT2017 (matched via ingredient normalization)
5741,122.5,5.5,19.3,13.6,10.0,0.7,301.6,1.0,high,False,IFCT2017 (matched via ingredient normalization)
5745,1042.6,44.3,48.7,123.2,33.8,14.4,719.1,0.96,high,False,IFCT2017 (matched via ingredient normalization)
5752,61.2,1.8,11.5,0.3,2.0,4.6,293.7,0.91,high,False,IFCT2017 (matched via ingredient normalization)
5755,264.8,21.7,18.5,8.9,26.4,2.0,449.3,0.94,high,False,IFCT2017 (matched via ingredient normalization)
5757,475.0,46.2,45.6,4.9,17.2,1.9,387.5,1.0,high,False,IFCT2017 (matched via ingredient normalization)
5758,238.5,11.8,26.8,17.7,24.4,2.0,402.7,1.0,high,False,IFCT2017 (matched via ingredient normalization)
5759,266.2,10.0,41.5,28.3,9.2,4.8,425.5,1.0,high,False,IFCT2017 (matched via ingredient normalization)
5761,343.0,6.0,5.8,39.9,12.3,3.8,306.4,1.0,high,False,IFCT2017 (matched via ingredient normalization)
5763,145.2,6.6,20.7,0.9,7.0,0.6,307.5,0.9,high,False,IFCT2017 (matched via ingredient normalization)
5765,582.9,27.2,35.9,148.7,19.9,4.7,459.6,0.95,high,False,IFCT2017 (matched via ingredient normalization)
5768,360.0,19.1,11.4,45.7,33.8,4.5,675.8,1.0,high,False,IFCT2017 (matched via ingredient normalization)
5770,280.4,10.8,32.9,10.7,7.8,4.1,318.0,1.0,high,False,IFCT2017 (matched via ingredient normalization)
5777,85.8,6.5,6.8,14.0,11.7,1.6,330.3,1.0,high,False,IFCT2017 (matched via ingredient normalization)
5784,348.2,14.0,51.0,11.3,18.0,3.1,475.4,0.83,high,False,IFCT2017 (matched via ingredient normalization)
5785,738.1,29.0,132.0,29.8,20.3,14.5,338.6,0.91,high,False,IFCT2017 (matched via ingredient normalization)
5786,227.5,16.6,29.0,1.3,9.2,1.6,322.2,1.0,high,False,IFCT2017 (matched via ingredient normalization)
5789,109.1,5.9,9.0,10.2,11.7,4.1,620.6,1.0,high,False,IFCT2017 (matched via ingredient normalization)
5792,175.9,5.2,35.9,25.4,1.4,0.9,243.0,1.0,high,False,IFCT2017 (matched via ingredient normalization)
5795,178.9,6.4,10.9,16.1,10.3,2.6,329.9,1.0,high,False,IFCT2017 (matched via ingredient normalization)
5797,167.9,6.3,23.6,20.6,3.3,4.4,605.5,1.0,high,False,IFCT2017 (matched via ingredient normalization)
5800,143.4,9.6,15.5,6.6,9.8,1.4,613.4,0.89,high,False,IFCT2017 (matched via ingredient normalization)
5801,230.2,11.4,28.7,3.0,33.0,22.1,323.2,1.0,high,False,IFCT2017 (matched via ingredient normalization)
5806,454.2,19.4,15.7,105.2,18.6,12.3,561.4,1.0,high,False,IFCT2017 (matched via ingredient normalization)
5808,237.3,15.2,27.0,11.0,22.5,2.3,368.1,0.87,high,False,IFCT2017 (matched via ingredient normalization)
5809,314.9,18.3,35.8,8.7,26.6,2.5,391.2,0.83,high,False,IFCT2017 (matched via ingredient normalization)
5811,293.5,10.0,41.0,10.0,15.9,2.6,649.2,1.0,high,False,IFCT2017 (matched via ingredient normalization)
5812,430.3,21.8,70.9,9.5,15.4,2.6,308.3,0.93,high,False,IFCT2017 (matched via ingredient normalization)
5813,79.9,4.2,9.8,26.6,5.1,5.8,604.8,1.0,high,False,IFCT2017 (matched via ingredient normalization)
5814,60.1,3.6,5.3,13.5,6.5,3.1,328.5,1.0,high,False,IFCT2017 (matched via ingredient normalization)
5816,467.5,68.0,12.0,22.1,29.2,2.4,1377.0,1.0,high,False,IFCT2017 (matched via ingredient normalization)
5817,165.6,11.7,24.7,2.8,6.3,0.5,300.5,1.0,high,False,IFCT2017 (matched via ingredient normalization)
5818,567.2,29.6,84.1,17.2,50.8,3.0,347.6,0.91,high,False,IFCT2017 (matched via ingredient normalization)
5820,93.6,3.3,12.4,12.0,2.1,6.6,305.9,0.92,high,False,IFCT2017 (matched via ingredient normalization)
5821,28.7,1.0,1.6,1.7,0.2,1.5,7.8,0.8,high,False,IFCT2017 (matched via ingredient normalization)
5824,1730.6,71.3,50.5,136.4,49.7,9.0,462.8,0.83,low,True,IFCT2017 (matched via ingredient normalization)
5828,213.9,20.9,21.5,14.4,12.5,0.5,420.5,1.0,high,False,IFCT2017 (matched via ingredient normalization)
5829,1211.1,27.8,102.3,71.3,47.6,11.2,2437.9,1.0,low,True,IFCT2017 (matched via ingredient normalization)
5831,590.0,23.4,38.6,43.9,25.3,5.4,335.0,1.0,high,False,IFCT2017 (matched via ingredient normalization)
5832,121.0,5.7,12.0,1.2,7.7,1.6,435.5,1.0,high,False,IFCT2017 (matched via ingredient normalization)
5837,276.3,17.0,32.4,16.9,17.4,3.6,327.2,0.94,high,False,IFCT2017 (matched via ingredient normalization)
5838,231.6,6.6,27.6,7.3,15.4,9.2,11.7,1.0,high,False,IFCT2017 (matched via ingredient normalization)
5843,62.1,3.0,6.8,3.5,3.2,2.3,309.8,0.8,high,False,IFCT2017 (matched via ingredient normalization)
5845,23.3,1.3,2.9,0.3,3.3,0.1,150.3,0.89,high,False,IFCT2017 (matched via ingredient normalization)
5849,1302.4,47.2,148.6,39.3,128.4,22.0,544.1,0.89,low,True,IFCT2017 (matched via ingredient normalization)
5851,95.9,6.0,7.4,14.6,11.6,0.9,314.4,1.0,high,False,IFCT2017 (matched via ingredient normalization)
5858,379.0,7.0,72.4,3.0,8.8,53.0,599.9,0.91,high,False,IFCT2017 (matched via ingredient normalization)
5861,868.8,24.5,146.3,15.2,27.9,3.0,408.6,0.93,high,False,IFCT2017 (matched via ingredient normalization)
5863,309.3,23.0,41.5,1.6,18.6,1.7,612.3,1.0,high,False,IFCT2017 (matched via ingredient normalization)
5866,116.1,4.6,9.7,4.9,9.0,1.1,323.4,1.0,high,False,IFCT2017 (matched via ingredient normalization)
5871,421.9,23.3,65.7,1.9,19.3,3.1,339.3,0.94,high,False,IFCT2017 (matched via ingredient normalization)
5879,454.0,8.0,90.9,10.3,14.0,85.8,658.3,1.0,high,False,IFCT2017 (matched via ingredient normalization)
5880,109.7,9.3,8.1,4.5,19.4,3.8,326.8,1.0,high,False,IFCT2017 (matched via ingredient normalization)
5883,305.1,16.2,36.4,9.7,33.9,5.8,324.6,0.84,high,False,IFCT2017 (matched via ingredient normalization)
5885,631.3,44.4,59.9,71.3,25.3,11.4,1256.8,0.91,high,False,IFCT2017 (matched via ingredient normalization)
5887,123.5,8.9,13.1,5.2,14.6,1.0,308.7,1.0,high,False,IFCT2017 (matched via ingredient normalization)
5890,274.2,7.2,38.4,7.8,11.8,4.4,325.8,1.0,high,False,IFCT2017 (matched via ingredient normalization)
5892,125.2,5.4,10.5,3.3,13.0,3.1,345.6,1.0,high,False,IFCT2017 (matched via ingredient normalization)
5895,76.4,4.6,10.0,5.9,5.1,3.6,207.2,1.0,high,False,IFCT2017 (matched via ingredient normalization)
5896,93.5,6.9,6.2,8.5,12.7,3.0,260.8,1.0,high,False,IFCT2017 (matched via ingredient normalization)
5900,119.5,13.9,6.1,1.7,7.7,2.7,62.1,1.0,high,False,IFCT2017 (matched via ingredient normalization)
5903,109.0,8.1,12.2,13.5,4.9,0.9,324.1,0.91,high,False,IFCT2017 (matched via ingredient normalization)
5906,317.1,11.1,28.6,16.3,6.6,10.5,318.5,1.0,high,False,IFCT2017 (matched via ingredient normalization)
5907,203.8,27.8,7.0,10.9,5.5,1.1,1248.7,1.0,high,False,IFCT2017 (matched via ingredient normalization)
5909,143.9,5.4,15.4,16.7,10.5,1.7,312.9,0.94,high,False,IFCT2017 (matched via ingredient normalization)
5910,413.8,11.3,10.7,33.1,16.4,8.8,319.3,1.0,high,False,IFCT2017 (matched via ingredient normalization)
5914,282.9,14.0,43.3,27.8,15.0,2.5,648.8,1.0,high,False,IFCT2017 (matched via ingredient normalization)
5915,180.1,11.6,21.2,3.5,17.7,1.8,338.4,1.0,high,False,IFCT2017 (matched via ingredient normalization)
5918,291.0,21.0,32.2,4.9,34.0,1.1,324.8,1.0,high,False,IFCT2017 (matched via ingredient normalization)
5919,214.0,8.4,11.9,23.5,27.1,2.1,411.1,0.92,high,False,IFCT2017 (matched via ingredient normalization)
5921,294.9,12.2,17.4,17.3,14.5,2.8,330.6,1.0,high,False,IFCT2017 (matched via ingredient normalization)
5923,40.2,3.0,3.3,13.2,5.9,0.8,308.4,1.0,high,False,IFCT2017 (matched via ingredient normalization)
5924,302.7,12.8,52.1,1.5,14.0,5.3,667.7,1.0,high,False,IFCT2017 (matched via ingredient normalization)
5932,437.8,10.3,12.3,38.5,15.0,9.0,330.9,1.0,high,False,IFCT2017 (matched via ingredient normalization)
5934,242.3,11.7,32.3,8.1,12.0,1.6,334.4,1.0,high,False,IFCT2017 (matched via ingredient normalization)
5935,115.2,15.7,3.7,6.9,14.6,0.7,331.0,1.0,high,False,IFCT2017 (matched via ingredient normalization)
5942,135.1,6.3,17.0,15.9,6.9,6.2,437.0,1.0,high,False,IFCT2017 (matched via ingredient normalization)
5946,116.5,8.1,10.3,9.8,22.4,4.8,337.9,1.0,high,False,IFCT2017 (matched via ingredient normalization)
5949,373.5,25.2,25.0,18.2,3.2,15.5,265.0,0.88,high,False,IFCT2017 (matched via ingredient normalization)
5953,524.7,30.2,67.5,3.2,23.0,2.9,639.8,1.0,high,False,IFCT2017 (matched via ingredient normalization)
5955,185.4,2.8,5.0,31.8,7.0,3.7,592.6,1.0,high,False,IFCT2017 (matched via ingredient normalization)
5956,287.5,24.0,21.4,15.2,10.0,6.6,312.9,1.0,high,False,IFCT2017 (matched via ingredient normalization)
5960,536.3,32.0,53.4,17.5,37.9,5.9,525.2,0.96,high,False,IFCT2017 (matched via ingredient normalization)
5961,164.2,3.5,10.1,16.1,6.7,1.9,397.7,0.93,high,False,IFCT2017 (matched via ingredient normalization)
5962,336.9,10.7,63.4,2.1,6.4,2.7,304.1,0.91,high,False,IFCT2017 (matched via ingredient normalization)
5969,255.7,9.8,34.0,18.2,20.1,1.8,323.4,1.0,high,False,IFCT2017 (matched via ingredient normalization)
5970,236.1,12.5,10.2,17.9,6.7,6.9,275.8,1.0,high,False,IFCT2017 (matched via ingredient normalization)
5972,732.6,27.4,87.4,244.5,33.8,10.9,680.9,1.0,high,False,IFCT2017 (matched via ingredient normalization)
5973,469.4,15.4,80.4,11.4,11.5,5.5,304.7,1.0,high,False,IFCT2017 (matched via ingredient normalization)
5976,316.7,22.5,8.3,23.2,6.3,1.9,331.0,1.0,high,False,IFCT2017 (matched via ingredient normalization)
5978,292.5,13.2,18.3,27.8,31.8,3.7,69.7,0.94,high,False,IFCT2017 (matched via ingredient normalization)
5982,420.2,19.6,54.1,7.8,28.2,3.0,80.2,0.92,high,False,IFCT2017 (matched via ingredient normalization)
5983,145.7,3.8,20.3,10.5,9.7,1.1,340.3,0.89,high,False,IFCT2017 (matched via ingredient normalization)
5990,114.7,4.0,3.2,10.1,7.5,1.3,310.4,0.94,high,False,IFCT2017 (matched via ingredient normalization)
5992,208.7,5.9,35.8,17.0,8.9,4.5,334.6,0.9,high,False,IFCT2017 (matched via ingredient normalization)
5994,943.0,24.2,45.8,92.2,35.4,8.8,383.0,1.0,high,False,IFCT2017 (matched via ingredient normalization)
5995,50.0,0.6,10.5,0.3,1.1,9.6,5.2,0.75,high,False,IFCT2017 (matched via ingredient normalization)
6000,94.8,2.7,17.7,12.9,2.5,8.8,294.3,0.89,high,False,IFCT2017 (matched via ingredient normalization)
6002,109.4,7.6,10.3,1.5,10.0,5.1,330.2,1.0,high,False,IFCT2017 (matched via ingredient normalization)
6003,1254.1,48.9,151.6,52.2,151.3,9.3,701.4,1.0,low,True,IFCT2017 (matched via ingredient normalization)
6004,114.3,3.5,12.1,4.2,3.5,9.4,300.8,1.0,high,False,IFCT2017 (matched via ingredient normalization)
6005,82.4,2.4,10.9,1.1,7.3,9.9,492.6,0.87,high,False,IFCT2017 (matched via ingredient normalization)
6008,2052.9,77.3,104.4,144.5,82.9,21.1,498.2,0.88,low,True,IFCT2017 (matched via ingredient normalization)
6010,41.7,1.0,6.8,75.8,1.2,0.2,148.5,0.91,high,False,IFCT2017 (matched via ingredient normalization)
6011,343.2,22.0,37.9,23.6,20.5,2.7,933.7,0.97,high,False,IFCT2017 (matched via ingredient normalization)
6013,120.8,3.3,4.2,9.1,6.7,1.5,305.3,1.0,high,False,IFCT2017 (matched via ingredient normalization)
6015,205.7,8.5,35.2,4.8,7.1,1.0,294.1,0.88,high,False,IFCT2017 (matched via ingredient normalization)
6018,93.7,3.3,14.5,0.8,5.6,5.1,308.8,0.94,high,False,IFCT2017 (matched via ingredient normalization)
6022,314.7,28.2,33.8,55.8,21.9,2.1,796.3,0.94,high,False,IFCT2017 (matched via ingredient normalization)
6024,147.6,5.7,14.0,17.7,7.1,6.1,322.7,0.83,high,False,IFCT2017 (matched via ingredient normalization)
6027,428.0,25.9,21.4,23.3,44.8,3.6,516.5,0.9,high,False,IFCT2017 (matched via ingredient normalization)
6030,123.5,18.3,4.7,9.0,7.8,1.3,341.3,0.89,high,False,IFCT2017 (matched via ingredient normalization)
6031,92.5,5.0,8.2,7.2,5.6,3.2,899.7,1.0,high,False,IFCT2017 (matched via ingredient normalization)
6035,861.7,29.5,47.0,57.8,14.8,6.1,327.8,0.95,high,False,IFCT2017 (matched via ingredient normalization)
6040,65.0,2.6,7.5,13.6,6.9,5.4,309.5,1.0,high,False,IFCT2017 (matched via ingredient normalization)
6043,32.3,2.6,2.7,0.8,5.3,1.3,603.6,1.0,high,False,IFCT2017 (matched via ingredient normalization)
6044,52.5,3.6,5.2,0.7,5.2,0.4,306.3,1.0,high,False,IFCT2017 (matched via ingredient normalization)
6045,154.3,10.5,17.5,9.0,11.0,0.7,174.2,1.0,high,False,IFCT2017 (matched via ingredient normalization)
6047,163.0,8.8,22.3,2.2,11.3,1.9,309.7,1.0,high,False,IFCT2017 (matched via ingredient normalization)
6049,146.2,10.4,8.1,7.6,1.4,5.8,305.6,0.88,high,False,IFCT2017 (matched via ingredient normalization)
6050,171.3,13.1,22.8,0.8,12.1,1.4,302.9,1.0,high,False,IFCT2017 (matched via ingredient normalization)
6052,65.0,7.9,3.1,8.4,6.2,0.8,316.5,1.0,high,False,IFCT2017 (matched via ingredient normalization)
6058,532.5,24.3,63.2,18.1,43.2,25.8,351.0,1.0,high,False,IFCT2017 (matched via ingredient normalization)
6060,235.3,14.1,13.0,12.1,7.5,9.1,334.3,1.0,high,False,IFCT2017 (matched via ingredient normalization)
6062,137.1,5.9,12.9,6.5,11.8,1.3,383.0,0.78,high,False,IFCT2017 (matched via ingredient normalization)
6066,183.6,34.3,2.7,4.5,4.1,1.5,394.1,0.92,high,False,IFCT2017 (matched via ingredient normalization)
6067,295.0,11.5,16.7,19.7,12.2,5.1,510.7,1.0,high,False,IFCT2017 (matched via ingredient normalization)
6068,65.2,3.1,9.5,0.5,3.7,0.9,602.9,0.89,high,False,IFCT2017 (matched via ingredient normalization)
6071,221.0,13.7,30.5,1.3,9.0,1.6,308.6,1.0,high,False,IFCT2017 (matched via ingredient normalization)
6073,243.7,4.7,14.6,17.4,9.1,9.2,308.7,1.0,high,False,IFCT2017 (matched via ingredient normalization)
6080,279.4,21.9,16.5,11.0,8.0,9.0,486.4,1.0,high,False,IFCT2017 (matched via ingredient normalization)
6081,412.8,31.1,44.3,15.2,53.0,2.6,642.9,1.0,high,False,IFCT2017 (matched via ingredient normalization)
6085,307.3,10.4,54.0,20.1,5.2,5.6,405.5,1.0,high,False,IFCT2017 (matched via ingredient normalization)
6086,198.3,4.0,41.4,3.9,3.2,35.4,13.6,1.0,high,False,IFCT2017 (matched via ingredient normalization)
6088,183.9,12.8,26.3,8.3,10.9,1.7,306.6,0.92,high,False,IFCT2017 (matched via ingredient normalization)
6095,237.3,7.5,42.4,13.5,4.9,1.9,593.3,0.91,high,False,IFCT2017 (matched via ingredient normalization)
6098,244.1,14.7,15.8,14.1,25.0,4.9,337.6,1.0,high,False,IFCT2017 (matched via ingredient normalization)
6099,353.9,6.5,6.2,34.0,14.0,4.7,510.5,1.0,high,False,IFCT2017 (matched via ingredient normalization)
6103,217.0,21.0,5.6,14.3,21.0,1.8,347.1,1.0,high,False,IFCT2017 (matched via ingredient normalization)
6109,70.3,6.4,6.3,10.9,7.1,0.4,425.4,1.0,high,False,IFCT2017 (matched via ingredient normalization)
6110,158.6,5.7,26.6,14.8,5.0,10.9,299.0,1.0,high,False,IFCT2017 (matched via ingredient normalization)
6118,1821.7,82.6,282.4,111.8,64.5,16.2,1717.7,0.96,low,True,IFCT2017 (matched via ingredient normalization)
6123,187.6,5.7,36.6,1.0,2.5,1.0,294.9,1.0,high,False,IFCT2017 (matched via ingredient normalization)
6124,91.8,4.5,10.0,0.8,9.4,5.9,36.1,1.0,high,False,IFCT2017 (matched via ingredient normalization)
6125,261.4,11.9,41.1,19.6,13.8,0.6,401.7,1.0,high,False,IFCT2017 (matched via ingredient normalization)
6126,159.0,6.6,26.1,0.7,7.5,0.7,305.0,1.0,high,False,IFCT2017 (matched via ingredient normalization)
6127,32.8,2.0,2.2,2.8,2.5,1.4,299.8,0.91,high,False,IFCT2017 (matched via ingredient normalization)
6129,172.4,6.8,33.0,13.0,2.5,0.8,293.6,0.83,high,False,IFCT2017 (matched via ingredient normalization)
6133,398.0,48.2,28.6,4.1,3.2,1.0,816.6,0.87,high,False,IFCT2017 (matched via ingredient normalization)
6134,597.0,14.5,46.1,47.0,20.8,5.8,317.8,0.94,high,False,IFCT2017 (matched via ingredient normalization)
6137,202.6,14.8,23.2,16.2,24.2,2.3,317.5,0.92,high,False,IFCT2017 (matched via ingredient normalization)
6138,248.0,12.3,25.0,10.7,9.7,1.9,304.2,1.0,high,False,IFCT2017 (matched via ingredient normalization)
6140,390.7,34.6,30.2,38.3,20.9,6.7,426.6,0.94,high,False,IFCT2017 (matched via ingredient normalization)
6144,175.9,5.2,35.9,0.4,1.4,0.9,0.8,1.0,high,False,IFCT2017 (matched via ingredient normalization)
6145,250.8,18.2,17.3,16.8,11.0,2.2,345.6,1.0,high,False,IFCT2017 (matched via ingredient normalization)
6146,631.2,25.9,80.2,141.8,30.4,2.7,744.5,0.93,high,False,IFCT2017 (matched via ingredient normalization)
6148,415.5,32.8,37.2,35.8,46.0,9.4,647.8,1.0,high,False,IFCT2017 (matched via ingredient normalization)
6150,221.3,4.7,25.1,10.8,3.6,1.8,164.8,1.0,high,False,IFCT2017 (matched via ingredient normalization)
6153,186.5,17.1,17.3,16.0,4.9,2.4,346.7,1.0,high,False,IFCT2017 (matched via ingredient normalization)
6155,167.2,12.0,24.6,1.0,6.7,0.5,14.2,1.0,high,False,IFCT2017 (matched via ingredient normalization)
6158,40.7,2.9,3.4,8.4,7.6,1.4,296.0,1.0,high,False,IFCT2017 (matched via ingredient normalization)
6161,1184.2,39.7,107.7,70.3,12.8,10.9,1110.8,1.0,high,False,IFCT2017 (matched via ingredient normalization)
6164,167.1,6.0,8.7,25.1,15.8,5.8,314.7,1.0,high,False,IFCT2017 (matched via ingredient normalization)
6167,290.5,12.7,40.1,10.2,23.3,4.7,623.3,1.0,high,False,IFCT2017 (matched via ingredient normalization)
6172,442.7,19.4,54.1,14.9,21.0,2.1,595.2,0.88,high,False,IFCT2017 (matched via ingredient normalization)
6181,57.8,3.7,6.5,13.2,5.2,0.8,307.4,1.0,high,False,IFCT2017 (matched via ingredient normalization)
6183,651.0,33.6,60.1,34.8,34.3,6.0,637.8,1.0,high,False,IFCT2017 (matched via ingredient normalization)
6184,997.2,64.6,85.3,59.3,105.5,19.7,866.2,0.87,high,False,IFCT2017 (matched via ingredient normalization)
6187,94.1,6.5,5.3,4.2,2.8,3.9,298.3,1.0,high,False,IFCT2017 (matched via ingredient normalization)
6192,341.9,24.5,17.5,28.3,3.1,15.4,265.0,1.0,high,False,IFCT2017 (matched via ingredient normalization)
6193,256.9,7.6,27.2,11.5,11.9,18.1,46.1,1.0,high,False,IFCT2017 (matched via ingredient normalization)
6208,215.5,4.1,11.6,29.0,7.4,8.5,304.1,0.87,high,False,IFCT2017 (matched via ingredient normalization)
6211,21.3,2.0,2.3,0.2,0.8,1.0,205.1,0.86,high,False,IFCT2017 (matched via ingredient normalization)
6212,172.9,7.9,28.0,0.7,3.4,0.3,585.1,1.0,high,False,IFCT2017 (matched via ingredient normalization)
6213,244.6,13.9,18.5,36.3,26.7,6.5,385.8,0.94,high,False,IFCT2017 (matched via ingredient normalization)
6214,280.4,45.3,12.3,5.5,8.7,1.0,432.5,1.0,high,False,IFCT2017 (matched via ingredient normalization)
6219,101.2,14.2,6.1,3.7,3.8,0.3,329.0,1.0,high,False,IFCT2017 (matched via ingredient normalization)
6220,416.9,14.8,28.8,37.4,19.7,14.9,611.4,1.0,high,False,IFCT2017 (matched via ingredient normalization)
6229,125.0,7.8,13.5,5.7,10.7,2.0,320.0,1.0,high,False,IFCT2017 (matched via ingredient normalization)
6230,416.2,31.9,37.2,10.6,45.4,6.2,510.4,1.0,high,False,IFCT2017 (matched via ingredient normalization)
6234,279.5,13.2,19.6,24.6,22.7,4.6,388.7,0.95,high,False,IFCT2017 (matched via ingredient normalization)
6238,581.5,23.6,96.7,12.2,19.1,3.5,275.6,1.0,high,False,IFCT2017 (matched via ingredient normalization)
6242,812.5,38.1,59.8,41.7,92.3,15.0,974.2,0.91,high,False,IFCT2017 (matched via ingredient normalization)
6243,334.7,21.5,47.3,2.4,15.4,3.7,617.4,0.93,high,False,IFCT2017 (matched via ingredient normalization)
6248,85.1,7.3,7.8,15.0,7.4,0.6,311.6,1.0,high,False,IFCT2017 (matched via ingredient normalization)
6257,329.6,15.2,38.9,23.4,9.6,3.9,804.0,1.0,high,False,IFCT2017 (matched via ingredient normalization)
6260,223.0,8.9,39.3,4.1,5.5,2.3,319.6,0.9,high,False,IFCT2017 (matched via ingredient normalization)
6266,0.5,0.0,0.1,0.0,0.0,0.0,2.4,1.0,low,True,IFCT2017 (matched via ingredient normalization)
6267,211.1,22.9,18.3,14.9,24.1,1.7,345.3,1.0,high,False,IFCT2017 (matched via ingredient normalization)
6269,137.1,20.1,4.0,6.5,3.4,0.3,262.1,0.9,high,False,IFCT2017 (matched via ingredient normalization)
6270,264.2,6.6,48.4,21.3,8.3,1.4,3217.8,0.92,high,False,IFCT2017 (matched via ingredient normalization)
6273,296.6,14.0,50.4,16.2,7.7,2.0,435.3,1.0,high,False,IFCT2017 (matched via ingredient normalization)
6274,387.4,9.6,71.5,5.7,7.3,0.9,305.2,1.0,high,False,IFCT2017 (matched via ingredient normalization)
6275,176.2,10.3,12.2,8.8,10.4,5.5,227.9,0.93,high,False,IFCT2017 (matched via ingredient normalization)
6278,653.3,23.8,33.9,59.5,21.6,10.8,870.0,0.95,high,False,IFCT2017 (matched via ingredient normalization)
6283,248.7,13.1,38.1,10.7,4.8,1.8,4084.3,1.0,high,False,IFCT2017 (matched via ingredient normalization)
6292,1155.7,42.6,119.6,65.6,82.5,5.7,913.8,0.91,high,False,IFCT2017 (matched via ingredient normalization)
6306,432.4,22.5,74.4,153.6,6.0,2.7,339.6,1.0,high,False,IFCT2017 (matched via ingredient normalization)
6308,1205.7,50.9,69.2,80.4,57.3,18.2,796.3,0.94,low,True,IFCT2017 (matched via ingredient normalization)
6309,282.9,38.8,8.5,13.1,13.4,1.5,769.6,1.0,high,False,IFCT2017 (matched via ingredient normalization)
6313,234.2,25.3,3.2,15.0,7.7,1.5,348.8,1.0,high,False,IFCT2017 (matched via ingredient normalization)
6316,153.5,11.1,6.8,62.4,3.3,4.4,416.0,1.0,high,False,IFCT2017 (matched via ingredient normalization)
6328,383.8,18.6,23.0,24.2,24.6,3.1,400.5,0.92,high,False,IFCT2017 (matched via ingredient normalization)
6329,343.1,18.1,43.9,18.7,10.3,7.3,51.1,0.93,high,False,IFCT2017 (matched via ingredient normalization)
6333,118.5,20.2,4.5,6.1,4.4,3.0,256.3,1.0,high,False,IFCT2017 (matched via ingredient normalization)
6336,50.6,4.1,3.4,1.5,5.5,1.0,333.6,1.0,high,False,IFCT2017 (matched via ingredient normalization)
6339,487.6,22.9,63.5,65.5,25.0,1.9,388.1,0.86,high,False,IFCT2017 (matched via ingredient normalization)
6341,742.0,32.1,103.9,26.6,34.6,3.4,755.6,0.86,high,False,IFCT2017 (matched via ingredient normalization)
6343,109.1,12.6,4.2,13.8,3.4,3.3,236.7,0.94,high,False,IFCT2017 (matched via ingredient normalization)
6346,129.1,6.0,9.4,9.2,13.9,6.5,29.2,1.0,high,False,IFCT2017 (matched via ingredient normalization)
6352,176.0,2.8,37.3,4.6,1.6,19.7,50.7,1.0,high,False,IFCT2017 (matched via ingredient normalization)
6354,132.9,6.1,18.1,13.7,9.7,0.9,310.3,1.0,high,False,IFCT2017 (matched via ingredient normalization)
6370,244.7,11.3,37.7,4.8,13.5,2.1,32.0,1.0,high,False,IFCT2017 (matched via ingredient normalization)
6375,102.8,5.1,10.8,11.0,5.8,3.0,22.5,1.0,high,False,IFCT2017 (matched via ingredient normalization)
6377,40.8,0.7,5.3,8.9,3.7,4.0,244.8,0.87,high,False,IFCT2017 (matched via ingredient normalization)
6386,106.5,3.3,15.5,13.1,5.3,1.1,308.7,0.92,high,False,IFCT2017 (matched via ingredient normalization)
6387,204.8,11.6,24.0,12.8,15.7,3.4,459.1,1.0,high,False,IFCT2017 (matched via ingredient normalization)
6390,452.2,14.7,80.0,4.4,10.3,1.2,313.7,1.0,high,False,IFCT2017 (matched via ingredient normalization)
6396,79.6,2.7,11.3,43.2,10.2,10.2,243.6,1.0,high,False,IFCT2017 (matched via ingredient normalization)
6399,470.0,19.2,42.3,19.4,18.6,5.2,314.9,1.0,high,False,IFCT2017 (matched via ingredient normalization)
6402,288.4,9.8,52.0,2.0,9.2,3.3,237.2,0.9,high,False,IFCT2017 (matched via ingredient normalization)
6404,41.8,2.6,5.6,3.1,3.3,0.2,63.9,1.0,high,False,IFCT2017 (matched via ingredient normalization)
6410,339.0,49.2,17.3,8.1,34.6,3.9,450.4,1.0,high,False,IFCT2017 (matched via ingredient normalization)
6416,502.5,43.8,35.1,13.8,55.5,5.1,530.5,0.96,high,False,IFCT2017 (matched via ingredient normalization)
6431,528.7,18.9,29.0,51.1,13.3,3.4,434.9,0.93,high,False,IFCT2017 (matched via ingredient normalization)
6432,893.6,34.0,48.9,83.2,20.3,5.6,348.7,0.95,high,False,IFCT2017 (matched via ingredient normalization)
6438,287.3,23.9,32.4,156.2,25.9,1.7,45.3,1.0,high,False,IFCT2017 (matched via ingredient normalization)
6440,240.6,8.8,25.8,8.8,12.3,3.3,108.9,1.0,high,False,IFCT2017 (matched via ingredient normalization)
6443,456.8,16.6,22.5,30.6,12.7,12.5,86.7,0.67,medium,False,IFCT2017 (matched via ingredient normalization)
6444,594.5,17.7,86.3,6.9,44.9,21.2,29.1,1.0,high,False,IFCT2017 (matched via ingredient normalization)
6453,101.5,4.3,8.9,6.0,7.1,3.2,317.2,0.94,high,False,IFCT2017 (matched via ingredient normalization)
6460,179.9,1.9,41.6,10.1,0.4,34.6,243.0,1.0,high,False,IFCT2017 (matched via ingredient normalization)
6469,151.5,6.4,15.5,13.2,19.7,5.9,309.2,0.94,high,False,IFCT2017 (matched via ingredient normalization)
6475,538.9,20.9,82.3,18.1,19.1,4.4,372.1,0.89,high,False,IFCT2017 (matched via ingredient normalization)
6477,233.6,15.1,17.3,22.4,4.0,7.6,325.0,0.89,high,False,IFCT2017 (matched via ingredient normalization)
6485,658.0,17.8,84.6,25.3,5.6,14.9,64.4,1.0,high,False,IFCT2017 (matched via ingredient normalization)
6488,96.0,4.6,5.6,47.7,6.8,2.8,207.4,1.0,high,False,IFCT2017 (matched via ingredient normalization)
6498,13.3,0.3,1.0,0.3,0.2,0.8,1.5,0.8,low,True,IFCT2017 (matched via ingredient normalization)
6500,199.9,12.3,11.7,17.8,7.3,7.8,276.4,0.93,high,False,IFCT2017 (matched via ingredient normalization)
6501,443.3,15.0,63.4,21.5,16.9,3.9,320.2,1.0,high,False,IFCT2017 (matched via ingredient normalization)
6504,147.7,10.4,19.8,2.0,10.6,2.9,310.0,0.87,high,False,IFCT2017 (matched via ingredient normalization)
6505,504.9,14.5,39.3,26.5,31.0,6.0,637.7,1.0,high,False,IFCT2017 (matched via ingredient normalization)
6511,142.0,6.5,21.5,1.3,10.2,2.1,49.3,0.91,high,False,IFCT2017 (matched via ingredient normalization)
6512,240.1,6.3,11.3,21.0,11.7,7.1,302.7,1.0,high,False,IFCT2017 (matched via ingredient normalization)
6514,367.9,20.0,35.1,31.6,25.5,5.0,353.5,1.0,high,False,IFCT2017 (matched via ingredient normalization)
6522,924.0,35.0,102.2,51.1,55.7,10.8,490.8,0.9,high,False,IFCT2017 (matched via ingredient normalization)
6525,193.3,5.1,35.9,10.8,3.7,10.6,240.1,0.93,high,False,IFCT2017 (matched via ingredient normalization)
6528,317.3,20.4,30.2,21.1,15.1,2.4,343.7,1.0,high,False,IFCT2017 (matched via ingredient normalization)
6529,74.6,2.2,12.9,0.7,4.9,2.9,303.6,1.0,high,False,IFCT2017 (matched via ingredient normalization)
6537,1064.1,32.8,141.2,35.0,62.3,16.5,483.4,0.89,high,False,IFCT2017 (matched via ingredient normalization)
6538,67.2,2.9,2.0,5.0,0.8,1.1,328.0,0.88,high,False,IFCT2017 (matched via ingredient normalization)
6542,160.7,10.6,19.5,14.7,11.4,2.0,618.7,1.0,high,False,IFCT2017 (matched via ingredient normalization)
6547,358.8,49.3,18.6,30.5,14.0,8.8,1699.0,1.0,high,False,IFCT2017 (matched via ingredient normalization)
6550,1508.9,57.3,53.4,110.4,49.0,21.6,147.1,0.8,low,True,IFCT2017 (matched via ingredient normalization)
6556,221.4,15.3,30.4,14.5,12.3,1.0,317.0,0.92,high,False,IFCT2017 (matched via ingredient normalization)
6560,42.6,2.0,5.3,1.9,3.3,3.8,312.4,0.92,high,False,IFCT2017 (matched via ingredient normalization)
6563,94.7,19.6,1.1,3.4,1.5,0.1,533.0,0.9,high,False,IFCT2017 (matched via ingredient normalization)
6564,227.7,8.0,37.8,5.5,9.3,0.9,272.8,1.0,high,False,IFCT2017 (matched via ingredient normalization)
6565,150.5,10.5,20.0,2.0,10.2,1.7,317.9,0.87,high,False,IFCT2017 (matched via ingredient normalization)
6570,394.9,28.3,48.5,5.2,22.2,4.3,351.8,1.0,high,False,IFCT2017 (matched via ingredient normalization)
6575,48.8,2.0,5.3,0.5,5.5,4.5,306.7,1.0,high,False,IFCT2017 (matched via ingredient normalization)
6578,258.5,14.1,35.6,2.2,21.8,2.2,327.9,1.0,high,False,IFCT2017 (matched via ingredient normalization)
6586,26.8,1.2,4.4,12.7,1.4,0.6,293.6,0.92,high,False,IFCT2017 (matched via ingredient normalization)
6587,75.8,6.8,4.2,1.3,11.3,2.1,317.6,1.0,high,False,IFCT2017 (matched via ingredient normalization)
6589,104.5,9.8,7.5,2.2,20.4,0.9,21.8,1.0,high,False,IFCT2017 (matched via ingredient normalization)
6590,438.3,26.0,36.9,20.1,36.0,3.0,480.9,0.89,high,False,IFCT2017 (matched via ingredient normalization)
6592,446.5,31.7,61.9,5.6,21.5,2.1,626.3,1.0,high,False,IFCT2017 (matched via ingredient normalization)
6595,30.5,1.6,3.0,0.3,3.2,1.6,304.2,1.0,high,False,IFCT2017 (matched via ingredient normalization)
6600,501.7,17.6,84.1,3.2,14.4,43.5,337.7,0.94,high,False,IFCT2017 (matched via ingredient normalization)
6612,101.7,5.8,9.5,2.8,7.4,3.6,325.1,1.0,high,False,IFCT2017 (matched via ingredient normalization)
6614,102.0,8.8,9.5,1.5,15.3,0.8,638.3,0.9,high,False,IFCT2017 (matched via ingredient normalization)
6615,166.6,8.5,21.9,3.6,7.9,3.0,333.0,1.0,high,False,IFCT2017 (matched via ingredient normalization)
6616,659.8,105.9,40.7,5.4,10.9,1.5,789.5,1.0,high,False,IFCT2017 (matched via ingredient normalization)
6618,468.1,30.7,52.0,7.0,26.7,2.8,338.1,1.0,high,False,IFCT2017 (matched via ingredient normalization)
6620,126.6,16.4,7.2,5.7,7.7,0.9,347.2,1.0,high,False,IFCT2017 (matched via ingredient normalization)
6625,150.3,2.7,26.5,13.6,5.1,15.3,299.4,1.0,high,False,IFCT2017 (matched via ingredient normalization)
6626,329.7,13.2,19.1,33.0,16.5,11.6,326.3,1.0,high,False,IFCT2017 (matched via ingredient normalization)
6629,317.1,19.9,39.8,5.0,12.5,5.1,34.7,1.0,high,False,IFCT2017 (matched via ingredient normalization)
6630,122.8,3.8,21.0,1.7,4.5,6.1,299.6,0.85,high,False,IFCT2017 (matched via ingredient normalization)
6636,661.7,12.6,115.8,43.9,4.3,43.2,17.3,1.0,high,False,IFCT2017 (matched via ingredient normalization)
6639,656.0,18.6,9.4,59.0,15.0,9.4,2.6,0.4,medium,False,IFCT2017 (matched via ingredient normalization)
6642,790.4,33.5,97.0,15.8,54.1,12.6,824.9,0.92,high,False,IFCT2017 (matched via ingredient normalization)
6648,70.5,2.2,9.0,0.8,5.9,7.2,321.8,1.0,high,False,IFCT2017 (matched via ingredient normalization)
6649,382.4,11.9,72.3,14.4,12.1,4.9,329.0,1.0,high,False,IFCT2017 (matched via ingredient normalization)
6653,395.0,22.6,44.4,23.8,18.8,9.5,1337.1,1.0,high,False,IFCT2017 (matched via ingredient normalization)
6655,317.6,12.7,48.9,13.8,6.8,6.5,631.9,0.89,high,False,IFCT2017 (matched via ingredient normalization)
6656,284.1,26.4,24.3,20.4,58.0,2.3,454.2,1.0,high,False,IFCT2017 (matched via ingredient normalization)
6661,402.2,22.9,53.6,5.2,21.8,1.8,318.9,1.0,high,False,IFCT2017 (matched via ingredient normalization)
6665,135.0,5.8,3.8,11.4,12.0,1.3,325.6,1.0,high,False,IFCT2017 (matched via ingredient normalization)
6666,75.8,7.0,6.0,6.1,7.1,0.3,225.9,0.88,high,False,IFCT2017 (matched via ingredient normalization)
6668,260.5,22.5,12.6,27.9,10.2,1.3,338.6,1.0,high,False,IFCT2017 (matched via ingredient normalization)
6676,319.2,15.2,17.9,22.4,40.3,3.6,788.0,0.81,high,False,IFCT2017 (matched via ingredient normalization)
6680,192.9,19.8,13.0,4.1,12.9,0.8,74.5,0.85,high,False,IFCT2017 (matched via ingredient normalization)
6689,455.6,8.3,86.6,1.5,13.5,84.8,381.7,1.0,high,False,IFCT2017 (matched via ingredient normalization)
6690,221.9,8.5,38.6,17.8,7.5,1.3,374.7,1.0,high,False,IFCT2017 (matched via ingredient normalization)
6694,261.6,25.2,17.0,17.5,19.6,2.0,617.3,0.87,high,False,IFCT2017 (matched via ingredient normalization)
6695,1188.3,59.4,144.3,25.1,68.0,16.9,180.8,0.95,high,False,IFCT2017 (matched via ingredient normalization)
6696,174.3,7.6,13.6,18.5,18.6,2.9,344.5,1.0,high,False,IFCT2017 (matched via ingredient normalization)
6701,285.7,4.6,24.8,29.6,19.3,23.6,601.7,1.0,high,False,IFCT2017 (matched via ingredient normalization)
6702,94.0,6.1,12.9,0.9,6.6,0.5,305.6,1.0,high,False,IFCT2017 (matched via ingredient normalization)
6704,616.6,46.4,82.9,5.6,36.0,1.8,613.7,1.0,high,False,IFCT2017 (matched via ingredient normalization)
6705,83.9,1.3,12.9,0.8,5.7,12.7,3.0,0.8,high,False,IFCT2017 (matched via ingredient normalization)
6707,95.1,3.1,4.0,60.5,3.6,3.2,300.8,0.83,high,False,IFCT2017 (matched via ingredient normalization)
6709,174.4,2.9,3.7,16.6,6.5,2.9,302.8,1.0,high,False,IFCT2017 (matched via ingredient normalization)
6710,190.0,12.7,22.8,28.2,6.4,2.6,611.4,0.95,high,False,IFCT2017 (matched via ingredient normalization)
6711,174.5,5.6,26.1,26.2,6.5,3.9,307.4,1.0,high,False,IFCT2017 (matched via ingredient normalization)
6712,157.6,10.0,19.8,10.8,16.1,1.3,220.9,1.0,high,False,IFCT2017 (matched via ingredient normalization)
6715,84.0,5.8,4.8,3.7,5.8,3.5,429.3,1.0,high,False,IFCT2017 (matched via ingredient normalization)
6716,116.5,6.2,11.5,2.1,10.2,6.2,21.3,0.92,high,False,IFCT2017 (matched via ingredient normalization)
6719,141.9,3.5,20.3,16.4,10.3,0.8,49.0,0.9,high,False,IFCT2017 (matched via ingredient normalization)
6720,156.9,8.0,19.0,5.8,20.5,7.3,321.3,0.93,high,False,IFCT2017 (matched via ingredient normalization)
6721,289.0,7.2,50.7,14.0,9.3,0.9,308.6,1.0,high,False,IFCT2017 (matched via ingredient normalization)
6724,1324.7,59.6,74.5,74.6,96.1,25.5,480.7,0.83,low,True,IFCT2017 (matched via ingredient normalization)
6726,259.4,16.0,22.0,10.1,6.1,10.3,323.0,0.86,high,False,IFCT2017 (matched via ingredient normalization)
6731,95.1,2.0,6.2,17.8,5.8,2.1,312.1,1.0,high,False,IFCT2017 (matched via ingredient normalization)
6734,142.1,16.8,7.9,15.1,24.0,1.1,365.8,1.0,high,False,IFCT2017 (matched via ingredient normalization)
6737,99.5,4.4,8.1,15.8,13.7,5.5,331.5,1.0,high,False,IFCT2017 (matched via ingredient normalization)
6740,140.7,5.4,25.9,10.8,4.3,0.8,391.8,1.0,high,False,IFCT2017 (matched via ingredient normalization)
6743,194.7,5.7,1.5,17.8,4.0,1.4,1.7,0.67,medium,False,IFCT2017 (matched via ingredient normalization)
6744,667.2,15.5,76.8,27.5,18.6,3.7,318.7,1.0,high,False,IFCT2017 (matched via ingredient normalization)
6745,75.3,4.1,5.7,1.9,9.3,2.7,42.2,1.0,high,False,IFCT2017 (matched via ingredient normalization)
6750,383.6,19.0,57.4,6.5,15.8,1.8,322.2,1.0,high,False,IFCT2017 (matched via ingredient normalization)
6753,294.4,18.1,29.3,18.0,27.8,5.3,699.8,0.96,high,False,IFCT2017 (matched via ingredient normalization)
6754,331.1,25.6,20.4,31.8,14.8,12.1,56.7,0.92,high,False,IFCT2017 (matched via ingredient normalization)
6757,262.8,7.8,32.8,6.4,17.1,8.7,439.0,0.83,high,False,IFCT2017 (matched via ingredient normalization)
6758,29.6,1.2,4.1,0.5,1.9,0.6,6.4,0.82,high,False,IFCT2017 (matched via ingredient normalization)
6760,155.6,3.2,11.8,4.2,10.9,7.4,52.2,0.86,high,False,IFCT2017 (matched via ingredient normalization)
6766,224.1,34.2,4.8,57.2,6.5,0.3,371.2,1.0,high,False,IFCT2017 (matched via ingredient normalization)
6771,549.4,29.9,73.2,21.7,15.1,1.0,382.3,0.91,high,False,IFCT2017 (matched via ingredient normalization)
6772,578.6,38.7,65.5,23.3,32.0,5.9,356.8,0.95,high,False,IFCT2017 (matched via ingredient normalization)
6773,343.5,14.6,64.3,17.7,5.9,1.7,394.9,1.0,high,False,IFCT2017 (matched via ingredient normalization)
6779,640.2,26.1,42.2,31.3,53.3,5.0,628.4,0.9,high,False,IFCT2017 (matched via ingredient normalization)
6788,83.9,3.4,13.2,0.8,8.1,7.9,300.9,1.0,high,False,IFCT2017 (matched via ingredient normalization)
6791,279.6,18.2,37.8,2.1,12.1,1.0,326.0,1.0,high,False,IFCT2017 (matched via ingredient normalization)
6794,175.4,8.9,28.9,4.7,6.8,0.9,591.6,1.0,high,False,IFCT2017 (matched via ingredient normalization)
6800,247.3,13.0,25.8,21.4,8.7,1.4,307.0,1.0,high,False,IFCT2017 (matched via ingredient normalization)
6804,234.1,7.0,9.6,16.8,11.0,3.5,311.5,1.0,high,False,IFCT2017 (matched via ingredient normalization)
6808,201.9,7.1,22.4,21.0,8.3,2.0,21.2,0.92,high,False,IFCT2017 (matched via ingredient normalization)
6809,80.1,2.5,15.4,14.6,1.5,0.3,65.5,1.0,high,False,IFCT2017 (matched via ingredient normalization)
6810,100.9,8.7,6.7,4.8,16.0,1.1,638.4,1.0,high,False,IFCT2017 (matched via ingredient normalization)
6816,606.5,17.1,97.9,11.3,26.3,15.6,626.5,0.86,high,False,IFCT2017 (matched via ingredient normalization)
6817,187.4,15.5,11.4,6.4,34.6,2.6,356.4,0.91,high,False,IFCT2017 (matched via ingredient normalization)
6819,108.0,10.2,8.1,14.4,21.2,1.7,341.6,1.0,high,False,IFCT2017 (matched via ingredient normalization)
6820,299.7,30.9,28.7,2.9,16.4,1.6,391.8,0.85,high,False,IFCT2017 (matched via ingredient normalization)
6828,312.9,21.4,41.6,10.0,7.8,4.2,877.8,1.0,high,False,IFCT2017 (matched via ingredient normalization)
6829,612.9,15.8,109.9,16.1,12.5,2.8,320.2,1.0,high,False,IFCT2017 (matched via ingredient normalization)
6831,92.7,2.5,2.6,11.5,4.6,1.0,295.5,0.9,high,False,IFCT2017 (matched via ingredient normalization)
6836,187.0,9.0,11.9,8.5,28.8,2.7,436.5,0.93,high,False,IFCT2017 (matched via ingredient normalization)
6837,67.0,5.3,5.0,3.5,11.7,2.6,317.5,1.0,high,False,IFCT2017 (matched via ingredient normalization)
6840,721.7,21.1,141.5,154.3,13.0,3.8,309.7,1.0,high,False,IFCT2017 (matched via ingredient normalization)
6841,129.6,4.8,23.3,0.5,2.4,0.3,487.5,0.8,high,False,IFCT2017 (matched via ingredient normalization)
6844,185.5,27.8,2.9,9.5,5.9,0.8,657.7,0.9,high,False,IFCT2017 (matched via ingredient normalization)
6851,150.7,15.1,6.2,11.9,17.7,1.3,413.7,0.87,high,False,IFCT2017 (matched via ingredient normalization)
6852,84.1,2.4,4.6,18.1,5.4,3.4,300.3,1.0,high,False,IFCT2017 (matched via ingredient normalization)
6860,431.1,13.4,16.8,32.5,19.4,4.9,311.2,1.0,high,False,IFCT2017 (matched via ingredient normalization)
6862,161.9,7.9,13.1,32.6,15.0,3.2,636.3,0.94,high,False,IFCT2017 (matched via ingredient normalization)
6864,174.0,5.4,29.0,1.9,11.1,3.9,310.9,0.92,high,False,IFCT2017 (matched via ingredient normalization)
6865,247.8,8.5,46.9,13.5,6.5,1.6,309.7,0.9,high,False,IFCT2017 (matched via ingredient normalization)
6870,155.4,4.8,14.9,6.9,1.7,5.4,30.8,0.6,medium,False,IFCT2017 (matched via ingredient normalization)
6875,644.2,26.9,106.0,15.3,22.6,6.4,331.2,1.0,high,False,IFCT2017 (matched via ingredient normalization)
6890,194.0,7.6,19.3,12.7,20.8,10.8,83.6,0.94,high,False,IFCT2017 (matched via ingredient normalization)
6891,679.5,17.5,89.1,28.1,6.7,11.4,64.1,1.0,high,False,IFCT2017 (matched via ingredient normalization)
6893,327.0,46.1,8.8,15.2,23.7,1.9,806.5,0.92,high,False,IFCT2017 (matched via ingredient normalization)
6894,201.0,31.7,4.5,9.9,8.5,0.9,692.9,0.93,high,False,IFCT2017 (matched via ingredient normalization)
6897,241.7,17.9,11.4,23.8,9.9,9.0,380.2,0.93,high,False,IFCT2017 (matched via ingredient normalization)
6899,226.5,15.1,29.4,23.1,6.9,0.9,332.5,1.0,high,False,IFCT2017 (matched via ingredient normalization)
6905,259.7,11.4,37.4,3.5,30.1,7.2,218.0,0.93,high,False,IFCT2017 (matched via ingredient normalization)
6907,92.3,3.1,14.3,1.1,8.6,8.0,299.8,1.0,high,False,IFCT2017 (matched via ingredient normalization)
6909,393.4,27.2,36.9,9.0,23.2,3.2,338.3,1.0,high,False,IFCT2017 (matched via ingredient normalization)
6911,56.9,3.6,4.0,18.7,6.5,1.0,23.5,1.0,high,False,IFCT2017 (matched via ingredient normalization)
6915,260.0,7.2,52.0,1.6,4.5,1.0,293.2,1.0,high,False,IFCT2017 (matched via ingredient normalization)
6917,652.3,27.2,69.1,32.3,35.8,3.1,410.3,0.9,high,False,IFCT2017 (matched via ingredient normalization)
6918,189.6,3.9,3.7,16.8,8.5,2.1,326.6,1.0,high,False,IFCT2017 (matched via ingredient normalization)
6920,78.0,4.4,6.3,5.6,8.1,3.4,326.9,0.93,high,False,IFCT2017 (matched via ingredient normalization)
6921,131.2,7.9,10.5,16.8,18.6,6.3,316.9,1.0,high,False,IFCT2017 (matched via ingredient normalization)
6923,751.3,26.0,50.4,46.6,9.5,5.4,334.4,0.94,high,False,IFCT2017 (matched via ingredient normalization)
6924,105.8,6.7,6.9,3.6,11.0,1.1,34.9,0.92,high,False,IFCT2017 (matched via ingredient normalization)
6928,291.0,40.7,11.6,34.7,20.7,1.6,1262.4,1.0,high,False,IFCT2017 (matched via ingredient normalization)
6929,133.5,4.3,21.1,13.7,9.8,4.5,359.5,1.0,high,False,IFCT2017 (matched via ingredient normalization)
6939,393.4,10.3,71.4,14.4,9.1,1.1,310.7,1.0,high,False,IFCT2017 (matched via ingredient normalization)
6943,970.4,85.4,103.7,69.1,56.2,6.3,2048.6,0.97,high,False,IFCT2017 (matched via ingredient normalization)
6944,212.7,9.3,38.0,13.6,4.7,1.6,556.3,1.0,high,False,IFCT2017 (matched via ingredient normalization)
6945,439.5,20.4,70.7,3.1,23.4,2.1,650.5,1.0,high,False,IFCT2017 (matched via ingredient normalization)
6946,422.7,27.5,53.9,19.3,39.4,17.7,687.2,1.0,high,False,IFCT2017 (matched via ingredient normalization)
6949,73.8,10.3,4.3,1.3,1.0,4.0,35.2,0.83,high,False,IFCT2017 (matched via ingredient normalization)
6951,70.8,3.4,9.7,0.9,7.3,4.3,301.3,1.0,high,False,IFCT2017 (matched via ingredient normalization)
6952,402.0,15.6,65.2,9.2,18.1,1.0,484.1,1.0,high,False,IFCT2017 (matched via ingredient normalization)
6956,181.8,6.7,2.6,16.2,1.4,0.8,5.7,1.0,high,False,IFCT2017 (matched via ingredient normalization)
6958,95.3,3.1,14.7,8.1,4.5,0.5,298.4,1.0,high,False,IFCT2017 (matched via ingredient normalization)
6959,353.3,16.3,25.1,18.0,33.0,7.2,683.2,1.0,high,False,IFCT2017 (matched via ingredient normalization)
6960,134.0,4.9,16.5,8.8,8.7,1.5,308.4,1.0,high,False,IFCT2017 (matched via ingredient normalization)
6961,276.8,14.1,37.1,4.5,12.8,1.8,336.6,1.0,high,False,IFCT2017 (matched via ingredient normalization)
6967,145.9,10.0,17.8,1.2,6.3,0.9,212.7,1.0,high,False,IFCT2017 (matched via ingredient normalization)
6968,70.7,14.3,0.3,1.2,0.4,0.0,48.3,0.8,high,False,IFCT2017 (matched via ingredient normalization)
6973,532.1,36.4,38.8,76.4,46.3,4.2,706.4,0.95,high,False,IFCT2017 (matched via ingredient normalization)
6974,249.3,19.1,17.4,23.8,20.4,2.1,2439.6,0.9,high,False,IFCT2017 (matched via ingredient normalization)
6978,100.5,3.2,19.0,3.3,1.4,0.5,291.6,0.89,high,False,IFCT2017 (matched via ingredient normalization)
6980,183.8,2.2,37.4,2.4,4.4,30.8,42.6,1.0,high,False,IFCT2017 (matched via ingredient normalization)
6991,77.3,4.4,7.6,1.9,5.6,5.7,1084.5,0.89,high,False,IFCT2017 (matched via ingredient normalization)
6992,59.7,3.2,3.9,14.8,5.9,1.5,315.4,0.93,high,False,IFCT2017 (matched via ingredient normalization)
6995,140.8,17.5,3.2,6.2,7.9,1.2,345.5,1.0,high,False,IFCT2017 (matched via ingredient normalization)
6996,187.8,15.7,3.8,10.9,9.2,1.5,339.0,1.0,high,False,IFCT2017 (matched via ingredient normalization)
7001,44.6,1.5,6.9,0.4,6.1,6.5,294.5,1.0,high,False,IFCT2017 (matched via ingredient normalization)
7005,88.0,6.6,9.5,1.0,8.3,1.1,336.3,1.0,high,False,IFCT2017 (matched via ingredient normalization)
7006,566.3,16.4,113.4,14.0,5.6,7.8,585.5,1.0,high,False,IFCT2017 (matched via ingredient normalization)
7008,207.6,14.6,26.3,5.6,17.0,4.4,303.9,1.0,high,False,IFCT2017 (matched via ingredient normalization)
7009,140.9,3.0,10.8,12.3,6.0,9.6,297.1,0.89,high,False,IFCT2017 (matched via ingredient normalization)
7013,885.8,57.0,118.7,9.2,36.9,2.6,660.4,0.9,high,False,IFCT2017 (matched via ingredient normalization)
7014,29.2,2.4,2.9,3.0,3.3,0.3,11.3,1.0,high,False,IFCT2017 (matched via ingredient normalization)
7015,55.0,10.5,0.8,4.7,0.9,0.0,314.0,0.88,high,False,IFCT2017 (matched via ingredient normalization)
7017,192.0,13.0,21.5,7.3,18.8,1.5,338.5,1.0,high,False,IFCT2017 (matched via ingredient normalization)
7022,655.2,35.3,63.7,33.2,32.1,10.5,444.6,1.0,high,False,IFCT2017 (matched via ingredient normalization)
7023,208.7,13.7,23.1,3.7,20.2,2.0,337.4,1.0,high,False,IFCT2017 (matched via ingredient normalization)
7025,208.7,21.0,8.1,24.0,15.1,1.5,488.1,0.88,high,False,IFCT2017 (matched via ingredient normalization)
7035,335.2,24.5,39.4,5.3,12.1,4.9,41.5,0.91,high,False,IFCT2017 (matched via ingredient normalization)
7036,351.8,10.4,71.8,25.8,2.8,1.8,582.9,1.0,high,False,IFCT2017 (matched via ingredient normalization)
7037,692.5,34.1,106.1,5.7,26.5,89.8,2342.9,0.96,high,False,IFCT2017 (matched via ingredient normalization)
7040,234.4,9.4,23.4,10.2,6.7,7.7,345.6,1.0,high,False,IFCT2017 (matched via ingredient normalization)
7049,847.2,35.9,60.4,64.1,76.6,13.0,865.6,0.91,high,False,IFCT2017 (matched via ingredient normalization)
7054,771.1,41.0,101.4,37.6,25.6,11.1,926.5,1.0,high,False,IFCT2017 (matched via ingredient normalization)
7055,129.3,7.1,18.0,2.8,9.1,4.4,25.3,1.0,high,False,IFCT2017 (matched via ingredient normalization)
7056,246.0,5.4,46.1,11.3,3.3,0.3,393.5,1.0,high,False,IFCT2017 (matched via ingredient normalization)
7061,1127.7,23.8,208.4,66.5,20.0,88.1,645.7,0.94,high,False,IFCT2017 (matched via ingredient normalization)
7065,21.8,1.6,2.2,0.3,2.3,1.3,319.0,1.0,high,False,IFCT2017 (matched via ingredient normalization)
7071,106.3,5.5,12.1,2.0,8.1,3.0,339.1,1.0,high,False,IFCT2017 (matched via ingredient normalization)
7072,103.9,8.2,11.8,2.1,4.3,0.3,315.4,0.88,high,False,IFCT2017 (matched via ingredient normalization)
7076,513.2,18.9,45.4,32.4,51.0,15.8,479.3,0.94,high,False,IFCT2017 (matched via ingredient normalization)
7077,431.5,15.7,19.5,36.3,7.3,4.9,27.4,0.91,high,False,IFCT2017 (matched via ingredient normalization)
7082,63.0,3.6,4.6,2.7,4.2,2.7,312.2,1.0,high,False,IFCT2017 (matched via ingredient normalization)
7083,679.2,35.2,60.6,40.8,70.2,41.0,957.3,0.86,high,False,IFCT2017 (matched via ingredient normalization)
7084,3.3,0.1,0.4,0.2,0.2,0.3,4.2,1.0,low,True,IFCT2017 (matched via ingredient normalization)
7093,224.6,13.5,28.4,2.6,26.9,1.8,340.3,0.9,high,False,IFCT2017 (matched via ingredient normalization)
7101,316.5,45.9,20.7,14.8,7.0,1.7,429.7,1.0,high,False,IFCT2017 (matched via ingredient normalization)
7106,183.0,3.4,4.6,1531.5,6.2,1.9,598.2,1.0,high,False,IFCT2017 (matched via ingredient normalization)
7108,32.1,2.3,2.6,4.5,3.8,0.5,297.9,1.0,high,False,IFCT2017 (matched via ingredient normalization)
7110,632.3,22.1,87.1,34.1,38.5,9.6,1316.1,0.86,high,False,IFCT2017 (matched via ingredient normalization)
7112,396.5,13.7,74.5,4.8,8.4,3.3,314.1,1.0,high,False,IFCT2017 (matched via ingredient normalization)
7113,39.3,1.4,3.0,1.8,1.3,1.6,9.9,0.88,high,False,IFCT2017 (matched via ingredient normalization)
7115,336.3,18.8,24.6,16.4,9.8,7.2,647.0,1.0,high,False,IFCT2017 (matched via ingredient normalization)
7116,310.6,31.4,15.4,13.7,24.0,3.2,761.6,1.0,high,False,IFCT2017 (matched via ingredient normalization)
7122,218.2,9.0,33.5,9.9,13.0,1.3,597.9,1.0,high,False,IFCT2017 (matched via ingredient normalization)
7123,523.4,34.2,72.9,18.7,35.4,4.2,347.8,1.0,high,False,IFCT2017 (matched via ingredient normalization)
7125,798.9,30.5,114.5,15.7,46.0,5.4,435.0,0.88,high,False,IFCT2017 (matched via ingredient normalization)
7127,220.0,7.2,24.0,8.4,2.1,11.8,45.8,0.8,high,False,IFCT2017 (matched via ingredient normalization)
7128,215.4,5.8,14.6,12.8,13.9,1.3,30.8,1.0,high,False,IFCT2017 (matched via ingredient normalization)
7131,184.8,6.9,31.6,4.8,6.8,0.9,499.3,1.0,high,False,IFCT2017 (matched via ingredient normalization)
7149,748.9,24.9,17.4,101.9,7.9,10.3,319.7,1.0,high,False,IFCT2017 (matched via ingredient normalization)
7156,510.6,9.8,65.8,21.6,7.8,18.0,177.9,0.88,high,False,IFCT2017 (matched via ingredient normalization)
7162,47.6,2.2,4.5,1.9,5.9,3.1,206.7,1.0,high,False,IFCT2017 (matched via ingredient normalization)
7163,73.3,4.0,7.5,3.6,10.2,5.0,312.7,1.0,high,False,IFCT2017 (matched via ingredient normalization)
7164,181.4,25.0,8.3,2.5,7.4,1.1,378.1,0.92,high,False,IFCT2017 (matched via ingredient normalization)
7165,26.6,1.2,1.6,2.0,3.4,0.7,311.0,1.0,high,False,IFCT2017 (matched via ingredient normalization)
7167,0.9,0.1,0.1,0.0,0.0,0.0,1.4,0.75,low,True,IFCT2017 (matched via ingredient normalization)
7168,236.0,3.7,42.9,2.4,29.1,40.9,323.6,0.9,high,False,IFCT2017 (matched via ingredient normalization)
7175,500.2,12.4,85.3,6.3,9.0,11.2,62.5,0.67,medium,False,IFCT2017 (matched via ingredient normalization)
7181,238.8,9.7,25.3,35.8,12.8,8.6,20.2,0.89,high,False,IFCT2017 (matched via ingredient normalization)
7188,361.5,10.8,72.7,21.2,3.0,2.6,246.6,0.78,high,False,IFCT2017 (matched via ingredient normalization)
7189,168.8,16.9,7.2,17.0,11.7,1.2,397.6,1.0,high,False,IFCT2017 (matched via ingredient normalization)
7195,359.2,19.0,14.7,83.7,24.3,8.7,391.1,0.95,high,False,IFCT2017 (matched via ingredient normalization)
7200,121.5,13.6,5.1,31.4,12.9,1.0,387.3,1.0,high,False,IFCT2017 (matched via ingredient normalization)
7204,225.4,14.9,12.7,63.4,9.7,8.0,35.6,1.0,high,False,IFCT2017 (matched via ingredient normalization)
7207,315.5,7.4,42.9,11.3,4.8,2.3,391.7,1.0,high,False,IFCT2017 (matched via ingredient normalization)
7210,222.1,7.8,40.4,26.6,5.6,1.2,585.1,0.9,high,False,IFCT2017 (matched via ingredient normalization)
7212,89.7,2.2,16.1,8.3,4.4,12.0,313.3,1.0,high,False,IFCT2017 (matched via ingredient normalization)
7214,110.1,5.3,12.7,8.1,6.9,0.6,10.6,1.0,high,False,IFCT2017 (matched via ingredient normalization)
7217,950.9,112.7,50.8,74.9,49.5,5.5,1473.5,1.0,high,False,IFCT2017 (matched via ingredient normalization)
7225,246.5,21.5,17.5,16.2,45.4,1.9,1208.1,1.0,high,False,IFCT2017 (matched via ingredient normalization)
7233,138.6,4.5,5.1,12.8,7.5,2.8,321.5,1.0,high,False,IFCT2017 (matched via ingredient normalization)
7241,69.8,3.6,7.0,1.2,5.6,2.5,297.2,1.0,high,False,IFCT2017 (matched via ingredient normalization)
7248,34.3,2.0,3.4,1.9,3.2,0.4,352.4,1.0,high,False,IFCT2017 (matched via ingredient normalization)
7249,204.3,15.2,26.0,40.6,11.3,1.1,334.5,1.0,high,False,IFCT2017 (matched via ingredient normalization)
7251,134.9,26.1,1.3,14.7,5.1,0.3,364.6,1.0,high,False,IFCT2017 (matched via ingredient normalization)
7259,40.0,1.6,4.4,2.3,4.3,3.2,211.9,0.87,high,False,IFCT2017 (matched via ingredient normalization)
7264,572.4,98.6,18.2,8.3,5.2,3.7,1110.6,1.0,high,False,IFCT2017 (matched via ingredient normalization)
7265,346.1,19.3,42.2,14.8,31.3,13.1,675.6,0.94,high,False,IFCT2017 (matched via ingredient normalization)
7270,177.9,11.7,22.3,3.6,12.7,1.6,309.2,0.93,high,False,IFCT2017 (matched via ingredient normalization)
7271,147.1,4.1,10.0,8.8,11.2,3.6,633.9,1.0,high,False,IFCT2017 (matched via ingredient normalization)
7272,230.1,12.5,32.9,13.8,11.8,1.4,306.3,0.92,high,False,IFCT2017 (matched via ingredient normalization)
7274,64.6,2.1,12.2,3.8,1.9,0.5,85.6,1.0,high,False,IFCT2017 (matched via ingredient normalization)
7279,495.0,25.9,15.2,38.4,34.1,8.8,496.5,1.0,high,False,IFCT2017 (matched via ingredient normalization)
7280,196.3,6.9,37.2,13.3,4.3,1.1,302.2,1.0,high,False,IFCT2017 (matched via ingredient normalization)
7287,366.7,7.4,30.2,24.7,10.1,3.5,174.2,1.0,high,False,IFCT2017 (matched via ingredient normalization)
7288,287.9,20.6,16.8,23.4,25.7,6.4,408.2,0.95,high,False,IFCT2017 (matched via ingredient normalization)
7294,446.7,22.9,35.6,36.7,43.1,3.1,906.0,0.94,high,False,IFCT2017 (matched via ingredient normalization)
7295,4414.3,123.0,768.0,113.1,85.1,11.5,2248.6,1.0,low,True,IFCT2017 (matched via ingredient normalization)
7302,218.4,5.9,5.3,18.7,14.0,2.5,593.2,1.0,high,False,IFCT2017 (matched via ingredient normalization)
7307,81.2,6.3,7.9,4.8,7.3,0.5,325.2,0.93,high,False,IFCT2017 (matched via ingredient normalization)
7314,110.6,5.3,13.5,1.6,8.2,1.3,27.1,0.94,high,False,IFCT2017 (matched via ingredient normalization)
7317,102.4,7.8,8.7,14.6,9.0,0.5,340.9,1.0,high,False,IFCT2017 (matched via ingredient normalization)
7318,64.2,6.2,5.7,7.3,1.9,1.1,162.7,1.0,high,False,IFCT2017 (matched via ingredient normalization)
7323,52.9,3.7,3.6,1.2,6.1,1.3,329.7,1.0,high,False,IFCT2017 (matched via ingredient normalization)
7325,1131.6,64.3,142.3,36.3,44.4,11.8,540.0,0.93,high,False,IFCT2017 (matched via ingredient normalization)
7326,165.9,8.6,22.2,7.1,9.6,0.9,642.1,1.0,high,False,IFCT2017 (matched via ingredient normalization)
7335,488.9,19.7,29.0,27.4,27.9,3.6,387.2,0.95,high,False,IFCT2017 (matched via ingredient normalization)
7336,472.3,43.2,5.9,104.9,13.6,1.5,661.1,0.87,high,False,IFCT2017 (matched via ingredient normalization)
7341,464.0,22.3,26.2,41.3,45.3,9.6,968.8,0.95,high,False,IFCT2017 (matched via ingredient normalization)
7342,205.9,12.7,29.0,14.7,17.9,25.8,322.5,1.0,high,False,IFCT2017 (matched via ingredient normalization)
7343,185.3,5.8,30.7,2.3,8.0,0.6,302.8,1.0,high,False,IFCT2017 (matched via ingredient normalization)
7346,67.7,2.3,12.8,15.6,1.6,0.4,294.3,1.0,high,False,IFCT2017 (matched via ingredient normalization)
7350,807.7,23.0,24.3,69.0,41.6,8.8,634.3,1.0,high,False,IFCT2017 (matched via ingredient normalization)
7358,698.9,25.1,47.0,51.4,34.9,8.0,437.4,1.0,high,False,IFCT2017 (matched via ingredient normalization)
7359,603.1,27.2,34.0,44.9,59.7,6.8,588.9,0.88,high,False,IFCT2017 (matched via ingredient normalization)
7366,96.6,8.1,8.4,13.9,6.0,2.6,330.3,0.94,high,False,IFCT2017 (matched via ingredient normalization)
7367,366.3,20.5,52.6,10.4,13.8,2.2,434.5,1.0,high,False,IFCT2017 (matched via ingredient normalization)
7368,206.9,9.4,14.9,13.4,12.4,4.8,318.6,1.0,high,False,IFCT2017 (matched via ingredient normalization)
7374,256.4,9.7,18.3,18.6,20.7,8.3,89.7,0.94,high,False,IFCT2017 (matched via ingredient normalization)
7375,328.8,12.0,29.6,50.0,25.2,6.7,409.1,0.87,high,False,IFCT2017 (matched via ingredient normalization)
7377,751.1,25.0,94.9,39.9,70.3,17.2,645.7,1.0,high,False,IFCT2017 (matched via ingredient normalization)
7378,1185.2,66.0,126.7,31.4,91.4,18.8,189.1,1.0,high,False,IFCT2017 (matched via ingredient normalization)
7381,71.1,8.7,2.0,14.4,4.5,0.5,434.8,1.0,high,False,IFCT2017 (matched via ingredient normalization)
7390,405.0,13.1,79.7,16.3,6.0,2.0,490.7,1.0,high,False,IFCT2017 (matched via ingredient normalization)
7395,273.7,21.5,21.2,29.0,43.1,3.9,344.4,0.94,high,False,IFCT2017 (matched via ingredient normalization)
7396,791.8,32.6,36.2,56.9,7.9,15.0,325.4,1.0,high,False,IFCT2017 (matched via ingredient normalization)
7401,168.3,4.1,28.2,3.1,20.3,26.3,309.0,1.0,high,False,IFCT2017 (matched via ingredient normalization)
7404,137.8,15.2,10.5,4.5,6.4,4.1,38.7,1.0,high,False,IFCT2017 (matched via ingredient normalization)
7412,136.2,9.1,10.7,15.6,17.0,1.1,360.4,0.87,high,False,IFCT2017 (matched via ingredient normalization)
7413,0.0,0.0,0.0,0.0,0.0,0.0,290.7,0.06,low,True,IFCT2017 (matched via ingredient normalization)
7415,114.6,11.4,11.5,4.7,3.1,0.4,21.1,0.89,high,False,IFCT2017 (matched via ingredient normalization)
7416,227.7,24.5,4.5,15.1,9.5,2.4,344.1,1.0,high,False,IFCT2017 (matched via ingredient normalization)
7419,208.2,2.4,46.3,15.3,0.9,35.9,10.0,0.75,high,False,IFCT2017 (matched via ingredient normalization)
7422,179.1,19.7,14.3,16.0,8.6,2.1,349.7,0.94,high,False,IFCT2017 (matched via ingredient normalization)
7425,116.7,15.3,3.9,16.0,4.3,1.2,338.2,1.0,high,False,IFCT2017 (matched via ingredient normalization)
7426,59.1,1.9,8.8,8.3,3.3,7.1,296.6,1.0,high,False,IFCT2017 (matched via ingredient normalization)
7427,364.4,22.3,44.8,6.3,44.1,4.1,1254.8,1.0,high,False,IFCT2017 (matched via ingredient normalization)
7428,455.0,8.7,71.0,10.7,5.8,2.9,19.2,0.75,high,False,IFCT2017 (matched via ingredient normalization)
7431,120.0,24.8,1.5,38.7,1.2,0.8,357.3,1.0,high,False,IFCT2017 (matched via ingredient normalization)
7439,1800.7,78.1,253.3,121.1,82.0,15.9,762.1,0.95,low,True,IFCT2017 (matched via ingredient normalization)
7440,54.4,4.1,4.5,13.8,8.1,0.6,299.2,1.0,high,False,IFCT2017 (matched via ingredient normalization)
7470,125.5,3.4,5.6,10.9,5.2,3.8,299.7,0.92,high,False,IFCT2017 (matched via ingredient normalization)
7478,29.4,0.7,4.1,2.9,0.6,0.2,49.0,1.0,high,False,IFCT2017 (matched via ingredient normalization)
7484,194.1,10.0,27.7,17.7,10.5,1.3,403.2,0.92,high,False,IFCT2017 (matched via ingredient normalization)
7485,460.8,14.7,75.1,8.8,11.3,4.0,317.4,1.0,high,False,IFCT2017 (matched via ingredient normalization)
7486,124.3,3.4,3.9,21.5,8.7,1.7,318.0,1.0,high,False,IFCT2017 (matched via ingredient normalization)
7487,873.7,45.7,70.7,45.1,60.2,12.0,355.3,1.0,high,False,IFCT2017 (matched via ingredient normalization)
7491,199.1,10.0,17.7,11.5,10.2,2.7,48.7,0.92,high,False,IFCT2017 (matched via ingredient normalization)
7493,134.6,6.5,6.3,19.5,9.6,1.8,312.6,1.0,high,False,IFCT2017 (matched via ingredient normalization)
7495,58.3,2.0,6.8,4.9,6.8,4.5,315.7,1.0,high,False,IFCT2017 (matched via ingredient normalization)
7496,357.4,8.3,6.6,32.4,18.2,4.7,317.9,1.0,high,False,IFCT2017 (matched via ingredient normalization)
7500,442.2,19.4,20.8,29.8,20.8,10.3,647.0,0.95,high,False,IFCT2017 (matched via ingredient normalization)
7505,128.2,13.9,5.8,3.8,7.8,1.1,53635.0,1.0,high,False,IFCT2017 (matched via ingredient normalization)
7514,269.9,10.5,48.0,32.7,9.8,1.9,591.7,1.0,high,False,IFCT2017 (matched via ingredient normalization)
7527,103.0,4.5,4.9,8.2,3.6,0.9,137.2,0.92,high,False,IFCT2017 (matched via ingredient normalization)
7534,276.8,10.2,46.8,21.1,6.8,3.9,602.0,0.95,high,False,IFCT2017 (matched via ingredient normalization)
7545,331.8,29.6,32.8,18.6,17.3,1.9,551.0,1.0,high,False,IFCT2017 (matched via ingredient normalization)
7549,358.7,11.0,72.6,20.8,3.2,1.8,293.6,1.0,high,False,IFCT2017 (matched via ingredient normalization)
7552,167.2,30.7,4.3,14.3,7.8,1.0,388.0,1.0,high,False,IFCT2017 (matched via ingredient normalization)
7555,550.3,19.9,28.8,34.7,23.0,5.2,331.2,1.0,high,False,IFCT2017 (matched via ingredient normalization)
7562,246.9,15.8,31.6,14.4,15.7,1.3,338.3,0.94,high,False,IFCT2017 (matched via ingredient normalization)
7571,737.2,65.4,33.0,67.5,17.3,7.3,1308.2,1.0,high,False,IFCT2017 (matched via ingredient normalization)
7573,166.7,7.6,16.7,5.7,12.2,6.3,635.7,1.0,high,False,IFCT2017 (matched via ingredient normalization)
7578,185.6,5.2,9.7,11.7,12.1,7.3,29.9,1.0,high,False,IFCT2017 (matched via ingredient normalization)
7580,377.7,22.7,57.7,2.4,11.5,2.7,407.0,0.94,high,False,IFCT2017 (matched via ingredient normalization)
7587,133.0,10.2,14.2,13.8,8.4,1.3,330.5,0.91,high,False,IFCT2017 (matched via ingredient normalization)
7591,483.9,17.7,81.8,28.3,19.0,5.4,1232.6,0.95,high,False,IFCT2017 (matched via ingredient normalization)
7594,116.7,3.7,6.7,5.3,21.6,1.3,114.4,0.12,low,False,IFCT2017 (matched via ingredient normalization)
7602,87.8,6.5,7.0,1.5,9.2,1.0,341.1,0.89,high,False,IFCT2017 (matched via ingredient normalization)
7603,182.7,5.6,36.6,13.1,2.4,0.9,293.5,0.91,high,False,IFCT2017 (matched via ingredient normalization)
7604,243.9,33.9,11.9,4.0,37.2,2.1,660.0,0.91,high,False,IFCT2017 (matched via ingredient normalization)
7609,97.2,4.9,14.7,13.0,2.9,0.3,302.3,0.9,high,False,IFCT2017 (matched via ingredient normalization)
7614,378.7,39.2,30.4,61.3,40.3,2.7,665.8,1.0,high,False,IFCT2017 (matched via ingredient normalization)
7620,154.3,3.2,26.9,14.4,18.7,24.8,304.8,0.92,high,False,IFCT2017 (matched via ingredient normalization)
7627,203.7,15.3,23.1,4.4,10.4,0.8,317.4,1.0,high,False,IFCT2017 (matched via ingredient normalization)
7631,262.5,17.9,39.8,1.3,8.4,1.3,247.3,0.8,high,False,IFCT2017 (matched via ingredient normalization)
7632,177.2,5.0,29.5,11.4,5.9,1.0,262.0,1.0,high,False,IFCT2017 (matched via ingredient normalization)
7634,237.5,14.1,30.5,4.4,16.8,1.5,319.3,1.0,high,False,IFCT2017 (matched via ingredient normalization)
7642,171.4,9.9,19.1,15.1,25.3,4.7,342.0,0.87,high,False,IFCT2017 (matched via ingredient normalization)
7647,243.2,10.5,26.2,20.6,12.2,5.6,628.9,0.96,high,False,IFCT2017 (matched via ingredient normalization)
7664,5.0,0.1,0.1,0.5,0.1,0.1,0.1,1.0,low,True,IFCT2017 (matched via ingredient normalization)
7665,245.9,8.7,43.4,9.9,7.3,3.7,597.3,1.0,high,False,IFCT2017 (matched via ingredient normalization)
7669,49.4,2.1,3.4,2.8,2.1,2.6,313.5,1.0,high,False,IFCT2017 (matched via ingredient normalization)
7673,408.8,22.1,60.4,32.4,6.6,4.3,495.9,1.0,high,False,IFCT2017 (matched via ingredient normalization)
7678,80.9,5.1,7.8,13.7,2.9,0.4,390.2,0.93,high,False,IFCT2017 (matched via ingredient normalization)
7688,244.8,17.5,33.3,6.6,13.9,1.7,423.3,0.91,high,False,IFCT2017 (matched via ingredient normalization)
7689,80.4,2.6,15.4,0.3,1.4,0.5,81.5,0.86,high,False,IFCT2017 (matched via ingredient normalization)
7697,167.6,7.1,24.6,13.3,8.7,2.1,311.5,1.0,high,False,IFCT2017 (matched via ingredient normalization)
7698,130.9,4.5,6.7,9.3,0.8,6.6,33.9,0.5,medium,False,IFCT2017 (matched via ingredient normalization)
7700,59.2,2.3,9.0,1.1,2.3,1.1,293.9,0.91,high,False,IFCT2017 (matched via ingredient normalization)
7704,511.5,23.4,46.9,36.6,16.7,4.7,38.6,1.0,high,False,IFCT2017 (matched via ingredient normalization)
7708,139.2,8.4,19.4,2.5,9.0,1.3,310.9,1.0,high,False,IFCT2017 (matched via ingredient normalization)
7709,175.9,5.2,35.9,0.4,1.4,0.9,291.4,1.0,high,False,IFCT2017 (matched via ingredient normalization)
7714,256.5,13.9,28.5,17.3,23.2,2.2,386.0,0.93,high,False,IFCT2017 (matched via ingredient normalization)
7719,106.8,5.4,12.4,9.4,13.1,8.1,33.1,1.0,high,False,IFCT2017 (matched via ingredient normalization)
7721,86.5,5.6,9.5,4.8,8.5,1.9,338.8,0.92,high,False,IFCT2017 (matched via ingredient normalization)
7723,691.1,30.4,30.8,51.6,9.6,12.4,346.6,1.0,high,False,IFCT2017 (matched via ingredient normalization)
7725,350.6,6.2,72.1,14.3,4.8,42.7,256.9,0.86,high,False,IFCT2017 (matched via ingredient normalization)
7728,293.4,15.9,44.2,1.9,14.5,2.5,313.3,0.82,high,False,IFCT2017 (matched via ingredient normalization)
7734,283.8,5.8,6.7,32.2,12.5,4.6,302.7,0.92,high,False,IFCT2017 (matched via ingredient normalization)
7742,192.6,12.3,13.5,11.2,20.2,2.3,1637.5,0.85,high,False,IFCT2017 (matched via ingredient normalization)
7743,185.4,28.8,2.3,18.8,4.7,0.7,380.7,0.89,high,False,IFCT2017 (matched via ingredient normalization)
7746,46.4,3.1,3.6,2.8,5.4,1.8,274.2,0.87,high,False,IFCT2017 (matched via ingredient normalization)
7754,181.0,5.4,36.2,15.0,1.7,1.0,291.8,1.0,high,False,IFCT2017 (matched via ingredient normalization)
7764,437.5,20.2,60.4,3.7,15.7,3.0,327.4,0.88,high,False,IFCT2017 (matched via ingredient normalization)
7765,122.2,17.0,2.5,4.0,3.5,1.1,341.7,1.0,high,False,IFCT2017 (matched via ingredient normalization)
7768,14.6,0.7,1.5,0.4,1.5,0.1,239.8,1.0,low,True,IFCT2017 (matched via ingredient normalization)
7769,39.6,2.3,3.1,0.5,3.8,1.9,618.3,1.0,high,False,IFCT2017 (matched via ingredient normalization)
7771,299.0,15.6,24.8,22.0,25.8,4.4,418.1,1.0,high,False,IFCT2017 (matched via ingredient normalization)
7775,129.9,10.0,11.5,1.7,6.9,2.9,222.9,1.0,high,False,IFCT2017 (matched via ingredient normalization)
7778,631.1,42.1,50.6,25.8,33.7,4.5,662.4,1.0,high,False,IFCT2017 (matched via ingredient normalization)
7779,138.8,6.6,19.3,5.5,10.9,1.0,346.6,1.0,high,False,IFCT2017 (matched via ingredient normalization)
7781,54.2,3.5,4.4,28.8,7.4,1.0,264.0,1.0,high,False,IFCT2017 (matched via ingredient normalization)
7789,98.5,8.4,6.0,18.8,19.2,1.3,433.9,1.0,high,False,IFCT2017 (matched via ingredient normalization)
7790,129.5,13.6,10.5,4.4,2.0,2.5,340.0,1.0,high,False,IFCT2017 (matched via ingredient normalization)
7791,131.1,4.8,16.2,3.6,5.0,11.7,25.8,0.93,high,False,IFCT2017 (matched via ingredient normalization)
7794,144.2,5.0,6.1,11.0,10.4,2.9,19.7,1.0,high,False,IFCT2017 (matched via ingredient normalization)
7796,119.2,7.0,15.6,1.3,11.1,1.8,325.0,0.93,high,False,IFCT2017 (matched via ingredient normalization)
7801,263.9,20.9,15.7,70.8,20.2,5.6,378.6,0.9,high,False,IFCT2017 (matched via ingredient normalization)
7807,352.7,10.9,62.3,3.8,8.6,4.2,316.7,1.0,high,False,IFCT2017 (matched via ingredient normalization)
7808,354.5,10.6,67.2,16.8,7.2,1.7,295.0,1.0,high,False,IFCT2017 (matched via ingredient normalization)
7809,7.8,0.9,0.3,0.2,1.2,0.0,9.2,0.07,low,True,IFCT2017 (matched via ingredient normalization)
7813,76.6,6.2,5.7,13.7,8.7,1.4,332.4,0.93,high,False,IFCT2017 (matched via ingredient normalization)
7815,81.7,5.7,9.7,1.0,13.1,2.8,308.6,1.0,high,False,IFCT2017 (matched via ingredient normalization)
7824,73.6,5.4,4.7,5.3,10.7,1.3,313.8,1.0,high,False,IFCT2017 (matched via ingredient normalization)
7826,77.5,2.7,3.3,17.6,7.8,1.9,298.9,1.0,high,False,IFCT2017 (matched via ingredient normalization)
7838,420.1,28.3,30.9,18.8,32.9,4.2,680.7,0.95,high,False,IFCT2017 (matched via ingredient normalization)
7839,231.3,19.5,3.1,98.7,5.6,1.6,434.4,1.0,high,False,IFCT2017 (matched via ingredient normalization)
7843,83.6,4.1,11.7,13.3,5.9,2.0,302.1,1.0,high,False,IFCT2017 (matched via ingredient normalization)
7849,562.6,18.9,102.1,12.2,9.9,0.9,410.5,1.0,high,False,IFCT2017 (matched via ingredient normalization)
7856,190.2,14.2,10.0,21.0,8.8,6.7,322.0,1.0,high,False,IFCT2017 (matched via ingredient normalization)
7858,97.5,4.7,3.2,7.2,8.0,0.9,308.4,1.0,high,False,IFCT2017 (matched via ingredient normalization)
7869,179.9,10.9,0.9,27.3,2.1,0.9,337.1,1.0,high,False,IFCT2017 (matched via ingredient normalization)
7871,272.2,10.4,48.4,5.0,9.1,3.7,317.6,0.88,high,False,IFCT2017 (matched via ingredient normalization)
7872,223.3,6.1,7.5,19.2,12.1,5.2,23.1,1.0,high,False,IFCT2017 (matched via ingredient normalization)
7880,244.4,28.2,14.9,19.7,24.4,1.2,1080.3,0.91,high,False,IFCT2017 (matched via ingredient normalization)
7883,24.5,1.8,2.5,4.8,4.3,1.0,121.4,1.0,high,False,IFCT2017 (matched via ingredient normalization)
7884,92.0,7.2,9.4,4.8,13.1,0.6,135.6,0.92,high,False,IFCT2017 (matched via ingredient normalization)
7890,166.1,6.6,26.6,5.2,7.7,1.5,318.5,0.91,high,False,IFCT2017 (matched via ingredient normalization)
7901,134.0,6.3,21.2,1.1,11.7,1.9,410.7,1.0,high,False,IFCT2017 (matched via ingredient normalization)
7904,323.2,9.7,61.2,1.0,6.8,1.7,299.3,0.94,high,False,IFCT2017 (matched via ingredient normalization)
7907,598.5,8.6,62.3,44.8,10.9,27.8,65.0,1.0,high,False,IFCT2017 (matched via ingredient normalization)
7908,245.3,12.2,22.9,10.5,27.2,2.0,402.7,0.86,high,False,IFCT2017 (matched via ingredient normalization)
7909,53.5,1.9,3.2,6.0,8.0,0.5,330.1,1.0,high,False,IFCT2017 (matched via ingredient normalization)
7912,89.4,5.5,4.8,21.2,3.0,1.9,215.3,0.88,high,False,IFCT2017 (matched via ingredient normalization)
7915,48.0,10.6,0.3,2.9,0.1,0.3,31.4,0.75,high,False,IFCT2017 (matched via ingredient normalization)
7921,84.9,5.9,6.4,5.3,10.3,1.1,416.3,1.0,high,False,IFCT2017 (matched via ingredient normalization)
7923,210.8,8.6,23.6,9.5,12.3,2.3,534.3,0.93,high,False,IFCT2017 (matched via ingredient normalization)
7924,251.7,20.3,17.8,9.0,38.1,4.7,357.4,1.0,high,False,IFCT2017 (matched via ingredient normalization)
7927,71.1,4.5,7.8,1.4,7.4,0.5,20.3,0.91,high,False,IFCT2017 (matched via ingredient normalization)
7929,266.0,16.3,40.2,1.8,12.5,1.1,314.4,0.92,high,False,IFCT2017 (matched via ingredient normalization)
7931,427.1,13.4,71.8,9.9,8.0,0.9,624.0,1.0,high,False,IFCT2017 (matched via ingredient normalization)
7935,265.2,14.3,23.8,8.9,10.2,2.4,320.9,1.0,high,False,IFCT2017 (matched via ingredient normalization)
7936,151.5,10.5,14.0,9.4,7.8,9.6,614.5,1.0,high,False,IFCT2017 (matched via ingredient normalization)
7938,287.3,10.0,51.4,14.2,10.2,1.3,313.0,1.0,high,False,IFCT2017 (matched via ingredient normalization)
7939,88.5,1.0,19.8,6.4,0.6,15.9,4.9,1.0,high,False,IFCT2017 (matched via ingredient normalization)
7940,523.6,20.5,22.1,37.9,5.1,5.7,168.3,1.0,high,False,IFCT2017 (matched via ingredient normalization)
7944,257.7,11.1,39.0,5.9,7.7,3.4,792.0,1.0,high,False,IFCT2017 (matched via ingredient normalization)
7947,457.3,16.1,72.9,18.1,7.4,2.6,244.7,0.92,high,False,IFCT2017 (matched via ingredient normalization)
7951,380.1,16.3,34.6,17.3,11.2,3.3,313.5,1.0,high,False,IFCT2017 (matched via ingredient normalization)
7963,350.0,20.4,44.6,4.1,25.2,3.9,362.3,1.0,high,False,IFCT2017 (matched via ingredient normalization)
7966,91.0,5.3,8.8,5.3,11.4,0.9,326.7,1.0,high,False,IFCT2017 (matched via ingredient normalization)
7967,269.3,17.4,34.3,14.3,13.2,1.5,346.2,1.0,high,False,IFCT2017 (matched via ingredient normalization)
7969,87.2,1.3,16.0,0.3,2.0,8.2,0.8,1.0,high,False,IFCT2017 (matched via ingredient normalization)
7975,720.7,35.5,129.9,23.4,5.7,24.1,359.3,0.89,high,False,IFCT2017 (matched via ingredient normalization)
7977,83.6,2.6,11.7,14.1,5.0,9.2,307.5,1.0,high,False,IFCT2017 (matched via ingredient normalization)
7978,73.5,3.9,7.2,4.8,6.3,4.9,323.9,1.0,high,False,IFCT2017 (matched via ingredient normalization)
7983,107.6,8.1,12.3,1.2,6.5,1.9,322.0,1.0,high,False,IFCT2017 (matched via ingredient normalization)
7985,638.0,13.4,118.1,2.9,6.9,4.4,395.4,0.89,high,False,IFCT2017 (matched via ingredient normalization)
8005,777.8,68.5,13.7,54.4,44.6,5.5,1455.2,1.0,high,False,IFCT2017 (matched via ingredient normalization)
8006,193.6,7.6,28.9,8.7,8.0,0.9,19.4,0.83,high,False,IFCT2017 (matched via ingredient normalization)
8009,487.7,22.1,72.9,60.6,20.7,2.8,332.6,1.0,high,False,IFCT2017 (matched via ingredient normalization)
8014,1652.2,105.5,237.7,22.7,115.0,9.1,468.5,1.0,low,True,IFCT2017 (matched via ingredient normalization)
8017,478.4,32.8,22.9,49.3,22.5,12.9,754.7,1.0,high,False,IFCT2017 (matched via ingredient normalization)
8022,652.7,21.0,25.4,46.8,12.8,17.4,80.9,1.0,high,False,IFCT2017 (matched via ingredient normalization)
8024,65.6,1.8,10.8,0.3,2.4,1.3,602.7,1.0,high,False,IFCT2017 (matched via ingredient normalization)
8027,545.4,36.7,80.9,2.2,27.9,1.1,22.9,1.0,high,False,IFCT2017 (matched via ingredient normalization)
8041,8.2,0.2,0.6,0.2,0.3,0.5,0.7,0.6,low,True,IFCT2017 (matched via ingredient normalization)
8057,63.2,4.2,4.5,14.3,4.6,2.3,321.0,1.0,high,False,IFCT2017 (matched via ingredient normalization)
8058,202.4,7.0,22.1,20.7,9.5,1.6,607.2,1.0,high,False,IFCT2017 (matched via ingredient normalization)
8060,106.4,9.3,13.4,11.7,2.5,1.7,224.6,0.93,high,False,IFCT2017 (matched via ingredient normalization)
8063,522.5,25.0,82.8,15.3,21.5,4.1,1053.9,1.0,high,False,IFCT2017 (matched via ingredient normalization)
8065,577.2,19.0,37.8,37.6,11.0,3.2,319.8,1.0,high,False,IFCT2017 (matched via ingredient normalization)
8068,60.1,4.9,3.4,2.9,9.9,0.9,330.0,1.0,high,False,IFCT2017 (matched via ingredient normalization)
8069,1204.2,49.9,74.1,86.1,40.6,6.8,344.5,1.0,low,True,IFCT2017 (matched via ingredient normalization)
8070,429.6,25.1,63.4,5.6,17.5,3.6,48.5,0.94,high,False,IFCT2017 (matched via ingredient normalization)
8075,89.7,4.5,8.1,9.6,10.6,5.0,358.9,1.0,high,False,IFCT2017 (matched via ingredient normalization)
8080,343.0,14.0,61.3,19.2,11.5,1.6,402.4,1.0,high,False,IFCT2017 (matched via ingredient normalization)
8081,337.4,24.5,46.0,5.5,21.1,2.9,30.3,1.0,high,False,IFCT2017 (matched via ingredient normalization)
8089,103.8,5.7,9.8,2.5,10.3,2.9,1021.1,0.86,high,False,IFCT2017 (matched via ingredient normalization)
8097,148.7,2.8,10.2,22.4,4.6,1.2,299.3,1.0,high,False,IFCT2017 (matched via ingredient normalization)
8100,109.5,6.0,6.1,42.4,11.8,1.0,351.1,0.92,high,False,IFCT2017 (matched via ingredient normalization)
8115,175.8,12.1,19.8,2.0,11.3,1.9,66.5,1.0,high,False,IFCT2017 (matched via ingredient normalization)
8116,390.6,26.6,9.6,40.1,18.4,3.8,649.1,1.0,high,False,IFCT2017 (matched via ingredient normalization)
8117,118.0,8.5,13.0,52.4,7.3,0.8,317.2,1.0,high,False,IFCT2017 (matched via ingredient normalization)
8118,297.9,10.7,50.3,6.7,8.4,3.9,729.6,0.95,high,False,IFCT2017 (matched via ingredient normalization)
8119,342.4,16.0,52.1,4.4,26.8,23.9,340.9,1.0,high,False,IFCT2017 (matched via ingredient normalization)
8121,828.5,53.5,40.4,43.2,40.0,4.8,380.0,0.95,high,False,IFCT2017 (matched via ingredient normalization)
8122,854.3,19.5,158.6,7.3,12.3,3.8,439.6,1.0,high,False,IFCT2017 (matched via ingredient normalization)
8124,189.5,15.2,23.5,14.0,12.0,1.2,318.3,0.92,high,False,IFCT2017 (matched via ingredient normalization)
8125,957.4,38.3,57.3,41.1,139.1,16.0,1761.7,0.93,high,False,IFCT2017 (matched via ingredient normalization)
8130,203.4,10.3,20.4,17.0,25.0,4.0,373.1,0.95,high,False,IFCT2017 (matched via ingredient normalization)
8133,574.8,30.6,55.3,20.2,24.7,3.8,313.8,1.0,high,False,IFCT2017 (matched via ingredient normalization)
8135,75.6,5.3,5.8,7.9,2.8,3.2,902.0,1.0,high,False,IFCT2017 (matched via ingredient normalization)
8141,133.7,10.9,8.8,11.7,9.4,3.0,251.0,0.95,high,False,IFCT2017 (matched via ingredient normalization)
8144,69.4,7.9,4.1,1.1,5.7,2.5,343.9,1.0,high,False,IFCT2017 (matched via ingredient normalization)
8152,322.0,20.0,25.2,27.0,6.6,14.9,447.3,1.0,high,False,IFCT2017 (matched via ingredient normalization)
8159,103.7,7.6,7.0,16.5,2.9,1.2,306.2,0.9,high,False,IFCT2017 (matched via ingredient normalization)
8163,118.6,10.4,9.2,4.6,12.3,1.1,317.0,1.0,high,False,IFCT2017 (matched via ingredient normalization)
8164,90.3,3.0,11.2,14.2,4.1,1.8,295.4,0.8,high,False,IFCT2017 (matched via ingredient normalization)
8170,194.4,12.3,16.9,32.8,3.1,6.6,318.0,1.0,high,False,IFCT2017 (matched via ingredient normalization)
8174,97.2,4.4,12.6,0.7,6.5,0.9,326.8,0.79,high,False,IFCT2017 (matched via ingredient normalization)
8175,149.5,6.6,24.7,1.0,8.4,21.8,327.3,0.88,high,False,IFCT2017 (matched via ingredient normalization)
8177,89.0,6.9,6.1,5.5,14.1,2.2,335.6,1.0,high,False,IFCT2017 (matched via ingredient normalization)
8187,53.1,1.5,8.1,1.2,1.9,0.7,296.6,1.0,high,False,IFCT2017 (matched via ingredient normalization)
8190,523.9,29.1,55.3,15.0,38.6,16.4,643.9,0.94,high,False,IFCT2017 (matched via ingredient normalization)
8195,88.5,5.1,7.0,18.7,8.8,2.4,420.5,0.91,high,False,IFCT2017 (matched via ingredient normalization)
8200,185.4,9.9,20.8,5.9,7.1,4.4,313.4,0.9,high,False,IFCT2017 (matched via ingredient normalization)
8202,428.3,26.5,44.2,11.3,14.7,2.1,306.1,1.0,high,False,IFCT2017 (matched via ingredient normalization)
8205,99.3,5.5,11.8,1.4,8.0,5.1,314.0,1.0,high,False,IFCT2017 (matched via ingredient normalization)
8212,70.3,1.7,9.7,0.6,6.4,8.9,302.0,1.0,high,False,IFCT2017 (matched via ingredient normalization)
8215,448.7,21.5,73.9,27.8,11.3,2.4,597.9,1.0,high,False,IFCT2017 (matched via ingredient normalization)
8222,355.4,14.0,65.8,1.2,7.1,1.7,7.2,1.0,high,False,IFCT2017 (matched via ingredient normalization)
8229,98.4,2.6,18.6,0.4,2.7,0.9,202.9,1.0,high,False,IFCT2017 (matched via ingredient normalization)
8233,332.9,26.8,32.6,12.8,48.4,2.9,653.9,0.93,high,False,IFCT2017 (matched via ingredient normalization)
8240,155.3,4.6,4.4,13.8,9.9,2.5,322.8,1.0,high,False,IFCT2017 (matched via ingredient normalization)
8245,437.9,16.2,82.4,11.3,7.5,2.6,409.8,1.0,high,False,IFCT2017 (matched via ingredient normalization)
8250,4.7,0.8,0.0,2.6,0.1,0.0,8.8,0.89,low,True,IFCT2017 (matched via ingredient normalization)
8254,425.0,12.1,76.0,22.9,9.4,1.7,313.2,1.0,high,False,IFCT2017 (matched via ingredient normalization)
8257,647.2,17.8,115.7,4.4,12.0,2.4,319.7,1.0,high,False,IFCT2017 (matched via ingredient normalization)
8261,185.4,5.7,29.7,5.9,6.6,0.9,602.0,1.0,high,False,IFCT2017 (matched via ingredient normalization)
8262,189.4,4.4,36.2,0.8,8.6,29.8,626.0,1.0,high,False,IFCT2017 (matched via ingredient normalization)
8267,275.9,12.3,15.9,30.5,16.7,1.3,313.7,0.9,high,False,IFCT2017 (matched via ingredient normalization)
8272,75.2,9.4,5.5,13.8,3.6,2.3,318.7,1.0,high,False,IFCT2017 (matched via ingredient normalization)
8284,87.9,6.4,4.6,11.6,3.1,3.3,309.2,0.92,high,False,IFCT2017 (matched via ingredient normalization)
8297,54.3,3.6,3.6,2.5,4.5,2.6,308.3,1.0,high,False,IFCT2017 (matched via ingredient normalization)
8299,524.7,36.7,10.8,37.9,17.9,8.0,456.7,1.0,high,False,IFCT2017 (matched via ingredient normalization)
8300,22.8,1.5,1.7,0.4,3.8,0.9,301.6,1.0,high,False,IFCT2017 (matched via ingredient normalization)
8305,1041.2,36.2,42.9,77.0,16.1,6.3,447.6,1.0,high,False,IFCT2017 (matched via ingredient normalization)
8306,21.0,3.2,0.8,26.5,1.7,0.2,302.0,1.0,high,False,IFCT2017 (matched via ingredient normalization)
8307,210.8,5.8,38.2,7.8,2.5,1.1,152.6,1.0,high,False,IFCT2017 (matched via ingredient normalization)
8312,487.7,21.5,23.6,43.3,12.0,3.2,334.1,0.93,high,False,IFCT2017 (matched via ingredient normalization)
8313,118.1,5.8,4.5,8.3,12.4,1.1,219.0,1.0,high,False,IFCT2017 (matched via ingredient normalization)
8319,217.7,10.4,15.8,10.6,9.0,1.7,309.5,1.0,high,False,IFCT2017 (matched via ingredient normalization)
8323,43.6,1.6,2.5,5.7,1.8,1.6,292.1,1.0,high,False,IFCT2017 (matched via ingredient normalization)
8329,463.4,36.0,11.7,34.9,25.3,6.2,1335.4,0.95,high,False,IFCT2017 (matched via ingredient normalization)
8333,81.4,4.2,5.3,4.7,1.2,4.9,325.6,1.0,high,False,IFCT2017 (matched via ingredient normalization)
8336,448.2,17.0,74.1,15.2,23.4,2.1,338.3,1.0,high,False,IFCT2017 (matched via ingredient normalization)
8342,113.1,10.8,6.1,15.3,10.6,2.1,729.9,0.9,high,False,IFCT2017 (matched via ingredient normalization)
8344,222.4,8.7,10.3,22.3,17.3,2.1,321.6,0.93,high,False,IFCT2017 (matched via ingredient normalization)
8348,136.4,4.7,5.0,21.4,10.1,1.8,320.6,1.0,high,False,IFCT2017 (matched via ingredient normalization)
8349,80.1,5.3,11.9,12.8,2.9,0.3,293.8,0.8,high,False,IFCT2017 (matched via ingredient normalization)
8354,299.3,18.7,41.8,9.7,9.0,1.1,208.4,1.0,high,False,IFCT2017 (matched via ingredient normalization)
8358,134.9,4.6,25.3,22.3,2.7,0.7,396.3,0.92,high,False,IFCT2017 (matched via ingredient normalization)
8371,226.9,17.2,19.9,4.3,15.7,2.6,403.3,0.93,high,False,IFCT2017 (matched via ingredient normalization)
8372,54.3,3.6,3.6,2.5,4.5,2.6,308.3,1.0,high,False,IFCT2017 (matched via ingredient normalization)
8374,85.1,9.8,6.3,13.8,6.7,2.2,319.4,1.0,high,False,IFCT2017 (matched via ingredient normalization)
8375,776.9,25.2,126.0,10.8,23.7,9.5,739.5,0.9,high,False,IFCT2017 (matched via ingredient normalization)
8377,251.4,18.2,28.8,14.3,14.1,1.2,328.3,0.88,high,False,IFCT2017 (matched via ingredient normalization)
8384,137.3,3.9,5.4,12.0,5.1,3.8,313.7,1.0,high,False,IFCT2017 (matched via ingredient normalization)
8385,105.8,7.1,8.4,27.2,11.3,2.5,627.5,1.0,high,False,IFCT2017 (matched via ingredient normalization)
8386,635.1,20.6,124.5,18.0,8.7,3.4,602.6,1.0,high,False,IFCT2017 (matched via ingredient normalization)
8396,190.8,4.8,10.2,13.8,9.2,5.0,301.8,0.92,high,False,IFCT2017 (matched via ingredient normalization)
8398,202.5,12.6,9.4,27.9,10.3,4.9,330.9,1.0,high,False,IFCT2017 (matched via ingredient normalization)
8404,117.1,7.6,16.0,6.2,6.3,0.4,710.1,0.92,high,False,IFCT2017 (matched via ingredient normalization)
8405,86.9,4.0,6.4,4.1,5.2,2.2,413.5,1.0,high,False,IFCT2017 (matched via ingredient normalization)
8408,58.9,3.6,8.2,3.8,3.2,0.4,168.1,0.79,high,False,IFCT2017 (matched via ingredient normalization)
8409,360.0,19.1,11.4,45.7,33.8,4.5,675.8,1.0,high,False,IFCT2017 (matched via ingredient normalization)
8410,759.7,43.9,83.6,20.5,43.7,4.9,433.9,1.0,high,False,IFCT2017 (matched via ingredient normalization)
8413,208.2,16.8,5.1,23.9,15.3,2.0,462.1,1.0,high,False,IFCT2017 (matched via ingredient normalization)
8414,430.3,16.6,71.1,3.0,7.3,0.6,426.6,0.75,high,False,IFCT2017 (matched via ingredient normalization)
8416,145.0,4.5,25.6,2.5,4.3,1.7,425.3,1.0,high,False,IFCT2017 (matched via ingredient normalization)
8424,95.6,2.9,18.4,8.1,1.4,0.5,245.7,1.0,high,False,IFCT2017 (matched via ingredient normalization)
8426,485.4,16.0,78.9,4.9,15.4,2.3,44.5,1.0,high,False,IFCT2017 (matched via ingredient normalization)
8436,346.3,17.2,49.6,10.6,15.6,1.0,343.3,1.0,high,False,IFCT2017 (matched via ingredient normalization)
8443,642.0,21.3,126.9,23.2,6.2,3.1,391.8,1.0,high,False,IFCT2017 (matched via ingredient normalization)
8447,152.3,4.5,9.6,22.3,12.2,5.3,302.8,1.0,high,False,IFCT2017 (matched via ingredient normalization)
8449,89.2,6.6,6.1,5.1,11.3,1.6,619.4,1.0,high,False,IFCT2017 (matched via ingredient normalization)
8453,347.9,8.1,21.6,21.2,23.7,17.5,28.7,1.0,high,False,IFCT2017 (matched via ingredient normalization)
8457,180.4,8.9,13.0,10.9,8.0,1.6,310.7,1.0,high,False,IFCT2017 (matched via ingredient normalization)
8460,400.8,21.0,34.9,16.7,31.6,4.6,426.3,0.86,high,False,IFCT2017 (matched via ingredient normalization)
8468,285.6,8.4,18.9,18.2,10.9,17.5,1945.5,1.0,high,False,IFCT2017 (matched via ingredient normalization)
8470,215.2,33.5,2.1,8.8,2.7,1.7,364.4,1.0,high,False,IFCT2017 (matched via ingredient normalization)
8472,72.2,4.3,7.9,2.0,6.2,0.5,296.5,1.0,high,False,IFCT2017 (matched via ingredient normalization)
8475,221.0,32.9,8.5,7.7,11.9,6.2,674.4,0.94,high,False,IFCT2017 (matched via ingredient normalization)
8481,45.6,2.7,2.8,1.5,6.0,1.2,29.0,1.0,high,False,IFCT2017 (matched via ingredient normalization)
8487,176.8,3.7,34.2,13.1,1.7,0.2,292.0,1.0,high,False,IFCT2017 (matched via ingredient normalization)
8491,112.0,22.1,1.9,16.3,1.7,0.4,648.8,0.9,high,False,IFCT2017 (matched via ingredient normalization)
8499,136.6,3.9,27.0,10.4,5.0,1.8,246.3,1.0,high,False,IFCT2017 (matched via ingredient normalization)
8506,327.0,11.7,29.5,36.5,14.6,2.4,612.9,1.0,high,False,IFCT2017 (matched via ingredient normalization)
8516,153.6,10.1,19.3,15.2,13.6,0.6,306.5,1.0,high,False,IFCT2017 (matched via ingredient normalization)
8530,138.6,4.9,21.3,5.8,5.3,0.7,316.4,1.0,high,False,IFCT2017 (matched via ingredient normalization)
8533,122.2,5.1,18.4,8.8,13.0,15.2,26.7,1.0,high,False,IFCT2017 (matched via ingredient normalization)
8535,722.7,26.2,79.2,29.0,44.4,5.5,384.3,0.96,high,False,IFCT2017 (matched via ingredient normalization)
8541,258.2,15.2,27.5,6.6,14.4,3.9,323.5,1.0,high,False,IFCT2017 (matched via ingredient normalization)
8546,281.7,26.8,20.3,25.3,51.0,3.0,673.6,1.0,high,False,IFCT2017 (matched via ingredient normalization)
8549,150.8,6.2,7.5,35.1,4.5,2.4,293.5,0.83,high,False,IFCT2017 (matched via ingredient normalization)
8557,350.3,14.1,23.3,43.2,19.1,3.1,657.7,0.93,high,False,IFCT2017 (matched via ingredient normalization)
8558,374.4,15.3,32.0,30.2,33.7,7.4,692.7,0.93,high,False,IFCT2017 (matched via ingredient normalization)
8560,90.4,4.2,11.4,15.2,1.8,2.7,310.1,1.0,high,False,IFCT2017 (matched via ingredient normalization)
8567,195.5,13.9,24.6,9.0,14.4,1.9,323.9,0.87,high,False,IFCT2017 (matched via ingredient normalization)
8572,479.4,19.8,87.3,14.1,8.4,2.3,302.6,1.0,high,False,IFCT2017 (matched via ingredient normalization)
8573,128.3,6.1,3.1,7.8,9.4,1.9,989.4,1.0,high,False,IFCT2017 (matched via ingredient normalization)
8579,220.2,12.1,20.9,8.2,16.8,1.5,328.1,1.0,high,False,IFCT2017 (matched via ingredient normalization)
8583,229.5,24.7,5.4,14.0,12.0,1.6,72.1,0.94,high,False,IFCT2017 (matched via ingredient normalization)
8586,276.9,22.0,26.1,7.2,22.6,1.6,638.2,1.0,high,False,IFCT2017 (matched via ingredient normalization)
8587,57.7,4.1,4.6,13.7,5.8,0.9,315.5,1.0,high,False,IFCT2017 (matched via ingredient normalization)
8592,98.3,6.2,5.4,22.6,9.9,0.8,129.0,1.0,high,False,IFCT2017 (matched via ingredient normalization)
8594,165.7,5.7,22.5,16.4,3.3,3.8,16.8,1.0,high,False,IFCT2017 (matched via ingredient normalization)
8599,163.3,12.4,16.0,18.4,11.9,3.1,584.9,1.0,high,False,IFCT2017 (matched via ingredient normalization)
8610,238.2,17.1,31.5,7.2,7.9,1.7,814.2,1.0,high,False,IFCT2017 (matched via ingredient normalization)
8615,250.9,8.1,9.0,24.1,14.5,5.3,327.2,1.0,high,False,IFCT2017 (matched via ingredient normalization)
8617,52.0,3.3,5.2,13.6,5.1,2.4,336.6,0.82,high,False,IFCT2017 (matched via ingredient normalization)
8624,2043.9,70.7,129.8,136.7,46.9,12.1,726.8,0.96,low,True,IFCT2017 (matched via ingredient normalization)
8626,455.4,23.6,44.7,19.8,35.9,5.4,1047.6,0.97,high,False,IFCT2017 (matched via ingredient normalization)
8637,696.4,36.8,98.1,14.9,32.8,3.3,343.7,1.0,high,False,IFCT2017 (matched via ingredient normalization)
8641,137.2,5.4,19.5,4.6,8.0,0.8,324.1,1.0,high,False,IFCT2017 (matched via ingredient normalization)
8645,456.8,20.9,50.2,29.0,12.7,6.9,633.9,1.0,high,False,IFCT2017 (matched via ingredient normalization)
8646,252.6,16.9,13.2,22.1,23.9,6.3,292.6,1.0,high,False,IFCT2017 (matched via ingredient normalization)
8656,132.8,5.1,16.9,19.1,10.2,5.3,908.8,0.92,high,False,IFCT2017 (matched via ingredient normalization)
8662,102.1,8.8,4.7,5.6,12.7,1.1,363.5,0.87,high,False,IFCT2017 (matched via ingredient normalization)
8664,115.5,4.7,20.3,13.0,5.1,1.2,14.9,1.0,high,False,IFCT2017 (matched via ingredient normalization)
8669,107.0,14.2,9.5,13.2,1.8,0.5,328.7,1.0,high,False,IFCT2017 (matched via ingredient normalization)
8671,734.8,38.4,29.8,48.8,60.4,8.0,594.4,0.96,high,False,IFCT2017 (matched via ingredient normalization)
8673,150.4,21.2,6.9,5.3,3.0,4.6,445.4,1.0,high,False,IFCT2017 (matched via ingredient normalization)
8675,49.4,2.8,3.1,6.2,5.3,1.0,208.0,1.0,high,False,IFCT2017 (matched via ingredient normalization)
8677,294.4,13.8,14.3,19.4,31.9,8.4,35.8,1.0,high,False,IFCT2017 (matched via ingredient normalization)
8679,513.2,15.3,77.2,7.6,27.9,1.7,119.4,0.94,high,False,IFCT2017 (matched via ingredient normalization)
8689,297.8,8.4,14.9,22.9,25.0,4.9,111.8,0.95,high,False,IFCT2017 (matched via ingredient normalization)
8695,68.6,3.5,7.4,6.2,5.3,1.0,421.2,1.0,high,False,IFCT2017 (matched via ingredient normalization)
8696,604.0,25.9,88.0,13.5,8.9,16.2,666.0,1.0,high,False,IFCT2017 (matched via ingredient normalization)
8698,393.9,28.1,40.1,12.6,61.3,21.5,1252.9,0.96,high,False,IFCT2017 (matched via ingredient normalization)
8712,187.2,13.0,23.0,12.7,7.8,0.7,305.3,0.83,high,False,IFCT2017 (matched via ingredient normalization)
8716,80.4,7.0,6.3,1.8,7.8,2.8,331.8,0.92,high,False,IFCT2017 (matched via ingredient normalization)
8718,619.0,15.4,39.4,44.8,41.6,7.0,332.6,1.0,high,False,IFCT2017 (matched via ingredient normalization)
8720,774.5,60.6,12.4,53.3,18.6,4.8,440.9,1.0,high,False,IFCT2017 (matched via ingredient normalization)
8723,185.2,13.3,23.3,16.2,6.9,0.7,308.1,1.0,high,False,IFCT2017 (matched via ingredient normalization)
8724,284.0,8.8,55.5,1.7,4.3,1.5,297.8,1.0,high,False,IFCT2017 (matched via ingredient normalization)
8737,316.4,14.9,48.2,5.6,22.6,2.0,23.2,1.0,high,False,IFCT2017 (matched via ingredient normalization)
8738,120.4,8.5,8.3,33.1,6.5,6.3,313.7,0.94,high,False,IFCT2017 (matched via ingredient normalization)
8741,95.9,4.3,15.2,0.6,3.5,0.7,16.6,1.0,high,False,IFCT2017 (matched via ingredient normalization)
8742,492.9,14.5,29.8,100.6,38.8,13.3,312.1,0.95,high,False,IFCT2017 (matched via ingredient normalization)
8753,654.3,48.0,74.6,15.0,25.1,4.1,368.8,1.0,high,False,IFCT2017 (matched via ingredient normalization)
8755,54.5,2.4,5.9,13.8,5.6,4.3,312.6,0.93,high,False,IFCT2017 (matched via ingredient normalization)
8759,417.4,7.7,20.5,33.9,15.0,5.3,317.5,1.0,high,False,IFCT2017 (matched via ingredient normalization)
8766,79.6,6.1,4.9,2.1,11.5,1.3,335.3,1.0,high,False,IFCT2017 (matched via ingredient normalization)
8777,149.1,6.4,20.9,14.1,5.8,5.0,302.1,1.0,high,False,IFCT2017 (matched via ingredient normalization)
8780,84.2,2.3,15.7,13.0,2.9,0.2,292.2,1.0,high,False,IFCT2017 (matched via ingredient normalization)
8792,233.1,16.2,19.5,23.5,12.6,5.3,368.9,0.95,high,False,IFCT2017 (matched via ingredient normalization)
8801,265.1,21.9,25.0,7.0,15.5,4.6,857.4,0.91,high,False,IFCT2017 (matched via ingredient normalization)
8802,56.0,4.0,6.2,0.9,2.7,0.4,301.7,1.0,high,False,IFCT2017 (matched via ingredient normalization)
8807,123.6,4.5,22.2,13.2,4.4,4.8,297.1,1.0,high,False,IFCT2017 (matched via ingredient normalization)
8814,210.2,11.3,29.9,13.6,11.0,1.3,299.3,0.78,high,False,IFCT2017 (matched via ingredient normalization)
8815,17.4,1.3,2.0,20.6,1.1,1.8,732.5,0.75,low,True,IFCT2017 (matched via ingredient normalization)
8821,30.8,0.9,3.4,2.2,2.4,2.4,297.5,1.0,high,False,IFCT2017 (matched via ingredient normalization)
8823,60.3,3.5,4.2,2.2,7.5,1.5,311.8,1.0,high,False,IFCT2017 (matched via ingredient normalization)
8826,416.8,12.5,49.4,25.8,13.4,2.1,313.7,1.0,high,False,IFCT2017 (matched via ingredient normalization)
8828,212.1,7.5,30.6,6.8,8.8,0.8,298.5,1.0,high,False,IFCT2017 (matched via ingredient normalization)
8830,377.5,16.0,20.6,26.0,50.9,3.4,1014.5,0.88,high,False,IFCT2017 (matched via ingredient normalization)
8837,18.7,1.0,1.1,13.4,2.0,0.3,233.7,1.0,low,True,IFCT2017 (matched via ingredient normalization)
8839,337.0,11.2,63.9,3.6,10.4,0.5,4.5,0.75,high,False,IFCT2017 (matched via ingredient normalization)
8841,388.8,22.7,43.1,8.5,22.8,5.6,875.6,0.93,high,False,IFCT2017 (matched via ingredient normalization)
8848,227.5,5.0,11.1,20.8,11.6,9.0,302.8,1.0,high,False,IFCT2017 (matched via ingredient normalization)
8852,84.0,6.4,5.9,2.0,9.3,2.3,678.5,0.94,high,False,IFCT2017 (matched via ingredient normalization)
8857,519.8,60.2,22.0,39.2,50.1,3.6,1221.4,1.0,high,False,IFCT2017 (matched via ingredient normalization)
8872,235.7,6.2,9.5,19.3,11.1,4.2,11.5,0.92,high,False,IFCT2017 (matched via ingredient normalization)
8873,110.6,5.7,9.4,7.4,13.6,5.3,333.6,1.0,high,False,IFCT2017 (matched via ingredient normalization)
8877,399.0,20.1,36.8,20.9,25.7,13.1,695.2,0.95,high,False,IFCT2017 (matched via ingredient normalization)
8878,291.4,13.3,18.5,29.7,9.3,13.6,329.6,1.0,high,False,IFCT2017 (matched via ingredient normalization)
8882,215.4,10.8,33.1,3.3,5.6,0.9,265.7,1.0,high,False,IFCT2017 (matched via ingredient normalization)
8883,471.4,79.5,18.0,4.6,13.2,13.0,1344.2,1.0,high,False,IFCT2017 (matched via ingredient normalization)
8886,1295.3,70.2,157.8,225.5,57.1,4.9,908.4,0.95,low,True,IFCT2017 (matched via ingredient normalization)
8891,233.1,13.5,11.0,18.3,22.2,2.8,361.2,1.0,high,False,IFCT2017 (matched via ingredient normalization)
8892,54.1,2.7,5.6,5.0,5.6,4.0,585.4,1.0,high,False,IFCT2017 (matched via ingredient normalization)
8894,225.3,6.3,5.1,18.2,10.1,3.4,334.0,1.0,high,False,IFCT2017 (matched via ingredient normalization)
8902,227.8,15.4,27.6,14.8,16.1,3.4,320.0,1.0,high,False,IFCT2017 (matched via ingredient normalization)
8906,256.9,6.1,15.7,20.2,8.3,3.3,302.4,1.0,high,False,IFCT2017 (matched via ingredient normalization)
8914,336.5,11.5,21.8,20.3,10.1,2.9,127.3,0.85,high,False,IFCT2017 (matched via ingredient normalization)
8915,358.8,13.5,32.2,16.1,17.6,12.0,79.5,0.75,high,False,IFCT2017 (matched via ingredient normalization)
8919,125.8,7.1,8.0,6.4,14.2,1.6,453.9,0.93,high,False,IFCT2017 (matched via ingredient normalization)
8923,63.0,4.2,6.5,1.2,7.9,3.8,318.7,0.9,high,False,IFCT2017 (matched via ingredient normalization)
8927,679.6,28.1,81.4,23.3,51.1,4.4,453.9,0.93,high,False,IFCT2017 (matched via ingredient normalization)
8930,24.8,2.4,1.5,2.9,3.5,0.3,309.5,1.0,high,False,IFCT2017 (matched via ingredient normalization)
8941,52.9,4.7,3.3,0.8,4.6,2.1,318.9,1.0,high,False,IFCT2017 (matched via ingredient normalization)
8947,225.2,6.1,22.6,14.2,8.2,1.9,307.7,1.0,high,False,IFCT2017 (matched via ingredient normalization)
8951,223.4,8.9,38.3,14.6,8.4,1.2,107129.8,1.0,high,False,IFCT2017 (matched via ingredient normalization)
8959,51.6,3.9,4.6,8.6,6.5,0.8,308.8,1.0,high,False,IFCT2017 (matched via ingredient normalization)
8960,95.3,13.3,7.0,0.9,2.6,0.4,338.1,1.0,high,False,IFCT2017 (matched via ingredient normalization)
8967,427.1,68.7,21.0,15.9,5.6,1.5,460.2,0.94,high,False,IFCT2017 (matched via ingredient normalization)
8969,348.0,16.9,57.4,14.8,15.0,2.0,32.3,1.0,high,False,IFCT2017 (matched via ingredient normalization)
8973,90.8,6.3,5.0,4.9,10.0,1.9,308.0,1.0,high,False,IFCT2017 (matched via ingredient normalization)
8974,599.8,24.9,49.1,41.0,20.0,8.2,1254.3,0.93,high,False,IFCT2017 (matched via ingredient normalization)
8975,376.6,8.6,36.3,28.0,12.0,4.1,610.9,1.0,high,False,IFCT2017 (matched via ingredient normalization)
8977,368.5,26.4,43.4,24.7,16.9,2.1,446.8,1.0,high,False,IFCT2017 (matched via ingredient normalization)
8978,21.0,0.9,3.4,2.7,2.1,1.9,292.8,1.0,high,False,IFCT2017 (matched via ingredient normalization)
8982,1123.5,48.6,43.7,98.6,73.0,8.9,809.1,1.0,high,False,IFCT2017 (matched via ingredient normalization)
8990,513.3,34.1,38.6,32.6,10.5,17.2,346.4,1.0,high,False,IFCT2017 (matched via ingredient normalization)
9000,128.7,15.9,12.3,1.1,3.0,0.3,328.5,1.0,high,False,IFCT2017 (matched via ingredient normalization)
9005,393.7,10.7,11.5,57.4,18.5,4.0,610.5,0.88,high,False,IFCT2017 (matched via ingredient normalization)
9013,379.5,20.5,13.1,24.0,18.5,8.9,1378.4,1.0,high,False,IFCT2017 (matched via ingredient normalization)
9015,307.0,12.5,53.9,25.0,13.9,1.9,308.2,1.0,high,False,IFCT2017 (matched via ingredient normalization)
9016,194.2,13.0,7.0,11.6,27.3,1.8,331.2,1.0,high,False,IFCT2017 (matched via ingredient normalization)
9026,69.3,5.1,7.1,0.7,4.6,0.9,309.8,0.83,high,False,IFCT2017 (matched via ingredient normalization)
9030,814.3,23.9,150.0,17.9,19.7,3.1,323.1,1.0,high,False,IFCT2017 (matched via ingredient normalization)
9036,295.8,10.5,53.8,1.1,7.9,2.9,31.9,0.89,high,False,IFCT2017 (matched via ingredient normalization)
9048,265.4,2.9,56.5,0.5,6.5,54.5,786.8,1.0,high,False,IFCT2017 (matched via ingredient normalization)
9052,110.0,7.2,13.0,11.7,10.1,3.0,212.4,1.0,high,False,IFCT2017 (matched via ingredient normalization)
9053,222.6,15.4,23.3,14.7,21.8,2.3,400.3,1.0,high,False,IFCT2017 (matched via ingredient normalization)
9056,104.3,3.9,2.6,10.6,6.6,1.1,301.2,1.0,high,False,IFCT2017 (matched via ingredient normalization)
9067,298.1,9.4,46.6,26.5,11.2,1.4,620.3,0.89,high,False,IFCT2017 (matched via ingredient normalization)
9083,242.2,6.0,17.3,26.6,17.0,1.1,333.5,0.92,high,False,IFCT2017 (matched via ingredient normalization)
9095,95.2,4.4,2.5,8.4,7.3,0.9,311.2,1.0,high,False,IFCT2017 (matched via ingredient normalization)
9103,193.7,14.0,24.1,1.0,9.0,1.5,262.2,1.0,high,False,IFCT2017 (matched via ingredient normalization)
9106,253.7,18.8,30.6,3.9,11.0,1.3,417.6,1.0,high,False,IFCT2017 (matched via ingredient normalization)
9120,406.3,31.2,13.6,26.4,36.0,3.8,471.8,0.9,high,False,IFCT2017 (matched via ingredient normalization)
9129,176.4,3.5,3.5,17.5,6.8,1.9,297.9,1.0,high,False,IFCT2017 (matched via ingredient normalization)
9132,50.1,3.0,3.4,1.1,5.9,0.9,331.4,1.0,high,False,IFCT2017 (matched via ingredient normalization)
9133,201.1,10.7,29.3,3.7,7.2,2.0,589.4,1.0,high,False,IFCT2017 (matched via ingredient normalization)
9141,692.6,20.3,112.9,7.8,15.4,0.7,9.6,1.0,high,False,IFCT2017 (matched via ingredient normalization)
9148,130.8,5.6,10.8,7.5,4.1,5.3,609.3,1.0,high,False,IFCT2017 (matched via ingredient normalization)
9152,46.8,3.2,2.8,1.6,3.2,1.5,310.1,1.0,high,False,IFCT2017 (matched via ingredient normalization)
9153,172.9,17.4,6.5,11.0,9.9,3.7,337.6,1.0,high,False,IFCT2017 (matched via ingredient normalization)
9161,194.0,12.1,7.7,23.9,11.2,2.0,35.0,1.0,high,False,IFCT2017 (matched via ingredient normalization)
9163,525.9,21.3,20.9,42.7,45.4,11.2,607.5,1.0,high,False,IFCT2017 (matched via ingredient normalization)
9168,205.8,9.2,30.7,1.7,11.9,1.6,343.2,1.0,high,False,IFCT2017 (matched via ingredient normalization)
9170,284.4,15.6,44.3,25.7,7.7,1.6,801.9,1.0,high,False,IFCT2017 (matched via ingredient normalization)
9174,949.7,44.9,106.3,40.2,57.7,6.8,529.0,0.89,high,False,IFCT2017 (matched via ingredient normalization)
9190,50.2,7.4,3.2,0.7,3.4,0.1,216.5,1.0,high,False,IFCT2017 (matched via ingredient normalization)
9191,55.8,3.5,4.8,1.2,8.0,1.2,319.7,0.94,high,False,IFCT2017 (matched via ingredient normalization)
9198,134.4,4.9,5.6,10.2,9.8,2.3,300.2,1.0,high,False,IFCT2017 (matched via ingredient normalization)
9209,1065.6,32.2,208.7,16.5,20.6,4.6,324.1,1.0,high,False,IFCT2017 (matched via ingredient normalization)
9210,74.3,4.3,8.3,5.3,5.3,2.6,313.8,1.0,high,False,IFCT2017 (matched via ingredient normalization)
9218,62.6,9.2,2.1,3.7,2.3,0.7,244.3,0.91,high,False,IFCT2017 (matched via ingredient normalization)
9223,160.3,4.8,11.1,13.1,8.7,5.4,308.3,1.0,high,False,IFCT2017 (matched via ingredient normalization)
9225,227.3,7.8,27.4,12.6,20.2,5.0,76.3,0.82,high,False,IFCT2017 (matched via ingredient normalization)
9231,844.6,45.5,78.7,38.2,72.1,4.5,668.1,0.95,high,False,IFCT2017 (matched via ingredient normalization)
9232,532.9,10.8,42.3,47.2,10.1,6.8,315.7,1.0,high,False,IFCT2017 (matched via ingredient normalization)
9233,249.4,17.9,30.1,2.5,17.0,3.6,328.3,1.0,high,False,IFCT2017 (matched via ingredient normalization)
9235,528.5,29.8,15.1,31.2,62.2,5.7,58.8,0.91,high,False,IFCT2017 (matched via ingredient normalization)
9244,50.0,3.2,3.7,2.5,6.4,2.1,315.7,1.0,high,False,IFCT2017 (matched via ingredient normalization)
9249,299.8,22.4,36.6,2.8,30.1,2.2,326.8,1.0,high,False,IFCT2017 (matched via ingredient normalization)
9253,146.3,17.0,4.9,11.3,4.5,2.8,887.4,1.0,high,False,IFCT2017 (matched via ingredient normalization)
9257,0.6,0.0,0.1,0.3,0.0,0.0,14.9,1.0,low,True,IFCT2017 (matched via ingredient normalization)
9265,696.0,13.3,139.1,14.4,13.9,66.9,999.9,1.0,high,False,IFCT2017 (matched via ingredient normalization)
9271,163.6,12.0,21.1,13.2,4.7,0.6,489.6,0.83,high,False,IFCT2017 (matched via ingredient normalization)
9273,572.4,16.0,96.1,72.9,20.0,7.6,336.7,0.89,high,False,IFCT2017 (matched via ingredient normalization)
9277,54.4,7.5,1.7,4.7,2.9,0.6,169.5,1.0,high,False,IFCT2017 (matched via ingredient normalization)
9278,243.7,17.7,29.2,14.3,13.4,1.6,38.5,0.94,high,False,IFCT2017 (matched via ingredient normalization)
9289,156.0,9.6,22.5,2.2,4.1,0.7,441.0,1.0,high,False,IFCT2017 (matched via ingredient normalization)
9294,176.6,11.0,19.4,3.8,9.3,0.6,741.3,0.87,high,False,IFCT2017 (matched via ingredient normalization)
9297,118.1,3.2,19.3,1.5,6.6,2.5,29.3,1.0,high,False,IFCT2017 (matched via ingredient normalization)
9300,269.8,31.0,20.7,7.4,11.0,0.5,348.5,1.0,high,False,IFCT2017 (matched via ingredient normalization)
9302,351.8,10.4,71.8,0.8,2.8,1.8,243.7,1.0,high,False,IFCT2017 (matched via ingredient normalization)
9304,902.4,36.1,48.7,65.2,17.4,5.8,53.7,0.9,high,False,IFCT2017 (matched via ingredient normalization)
9305,142.6,6.2,7.2,9.8,1.4,6.3,26.6,0.67,medium,False,IFCT2017 (matched via ingredient normalization)
9310,34.4,2.0,1.8,0.4,4.8,0.5,305.2,1.0,high,False,IFCT2017 (matched via ingredient normalization)
9315,150.4,11.8,14.8,9.1,9.6,1.6,43.6,1.0,high,False,IFCT2017 (matched via ingredient normalization)
9317,100.6,4.4,13.2,2.1,5.6,1.5,313.6,0.87,high,False,IFCT2017 (matched via ingredient normalization)
9318,48.8,3.9,3.2,4.9,7.4,0.5,605.9,0.93,high,False,IFCT2017 (matched via ingredient normalization)
9319,508.2,16.7,84.1,6.4,18.2,5.0,665.5,1.0,high,False,IFCT2017 (matched via ingredient normalization)
9323,47.8,2.1,2.9,14.4,5.6,0.5,50.5,0.92,high,False,IFCT2017 (matched via ingredient normalization)
9331,186.4,12.5,22.1,16.1,18.0,0.9,313.5,1.0,high,False,IFCT2017 (matched via ingredient normalization)
9336,639.7,25.1,73.1,17.9,36.9,5.0,448.8,1.0,high,False,IFCT2017 (matched via ingredient normalization)
9337,1416.5,40.7,65.1,120.6,88.1,13.3,627.5,0.96,low,True,IFCT2017 (matched via ingredient normalization)
9349,179.4,4.5,14.2,10.6,13.5,12.4,318.8,1.0,high,False,IFCT2017 (matched via ingredient normalization)
9357,81.8,2.5,12.3,9.2,6.0,10.4,200.4,1.0,high,False,IFCT2017 (matched via ingredient normalization)
9365,348.6,10.1,63.7,2.5,15.2,0.5,614.2,1.0,high,False,IFCT2017 (matched via ingredient normalization)
9367,354.5,16.6,27.4,20.5,26.3,4.8,402.1,1.0,high,False,IFCT2017 (matched via ingredient normalization)
9372,15.7,1.3,1.1,0.4,1.5,0.2,317.3,1.0,low,True,IFCT2017 (matched via ingredient normalization)
9375,675.2,24.8,30.5,62.0,17.2,4.6,637.3,1.0,high,False,IFCT2017 (matched via ingredient normalization)
9379,389.0,23.3,50.9,8.6,21.1,1.3,335.1,1.0,high,False,IFCT2017 (matched via ingredient normalization)
9382,162.0,8.0,12.6,7.0,7.4,4.4,321.5,0.92,high,False,IFCT2017 (matched via ingredient normalization)
9386,181.3,7.5,7.8,12.2,8.5,1.5,308.4,1.0,high,False,IFCT2017 (matched via ingredient normalization)
9387,201.7,18.3,15.9,11.8,34.7,1.7,636.5,1.0,high,False,IFCT2017 (matched via ingredient normalization)
9389,80.5,17.8,0.1,42.6,0.1,0.0,32.8,1.0,high,False,IFCT2017 (matched via ingredient normalization)
9396,1345.9,51.9,42.1,107.3,38.3,17.9,320.5,1.0,low,True,IFCT2017 (matched via ingredient normalization)
9397,680.8,22.7,89.8,28.3,34.9,3.5,453.9,0.86,high,False,IFCT2017 (matched via ingredient normalization)
9398,1083.5,78.1,149.0,70.6,56.8,3.3,372.1,0.88,high,False,IFCT2017 (matched via ingredient normalization)
9400,476.4,20.5,29.3,36.7,40.5,6.4,470.5,0.92,high,False,IFCT2017 (matched via ingredient normalization)
9401,142.1,10.0,15.6,10.6,15.3,0.7,312.0,1.0,high,False,IFCT2017 (matched via ingredient normalization)
9405,137.2,5.4,19.5,4.6,8.0,0.8,324.1,1.0,high,False,IFCT2017 (matched via ingredient normalization)
9410,27.9,1.9,4.2,0.1,1.0,0.3,1.6,0.75,high,False,IFCT2017 (matched via ingredient normalization)
9413,115.8,5.9,9.6,5.4,4.4,6.8,340.7,1.0,high,False,IFCT2017 (matched via ingredient normalization)
9423,855.0,54.3,115.2,9.9,43.5,4.5,463.4,1.0,high,False,IFCT2017 (matched via ingredient normalization)
9425,80.3,10.7,3.6,13.9,15.5,0.6,322.0,1.0,high,False,IFCT2017 (matched via ingredient normalization)
9436,179.9,10.3,22.4,1.3,9.9,1.2,38.5,1.0,high,False,IFCT2017 (matched via ingredient normalization)
9437,178.1,13.7,15.4,2.3,26.9,1.4,331.7,1.0,high,False,IFCT2017 (matched via ingredient normalization)
9438,84.4,4.8,6.5,2.1,10.9,1.1,346.3,1.0,high,False,IFCT2017 (matched via ingredient normalization)
9441,198.7,9.4,27.5,14.0,17.5,2.7,29.8,1.0,high,False,IFCT2017 (matched via ingredient normalization)
9442,329.7,13.3,48.1,3.3,13.6,10.6,613.5,1.0,high,False,IFCT2017 (matched via ingredient normalization)
9443,366.9,11.0,73.8,13.6,4.0,2.6,293.2,1.0,high,False,IFCT2017 (matched via ingredient normalization)
9448,315.2,12.0,27.5,13.5,25.8,13.2,409.6,1.0,high,False,IFCT2017 (matched via ingredient normalization)
9453,380.7,27.9,47.3,10.2,19.6,2.4,657.1,0.92,high,False,IFCT2017 (matched via ingredient normalization)
9459,39.1,3.4,2.5,8.2,5.5,0.5,319.5,1.0,high,False,IFCT2017 (matched via ingredient normalization)
9467,72.9,8.2,3.4,15.2,1.6,2.5,329.4,1.0,high,False,IFCT2017 (matched via ingredient normalization)
9470,227.8,14.9,14.5,21.7,8.4,8.4,603.9,1.0,high,False,IFCT2017 (matched via ingredient normalization)
9474,145.4,26.6,4.2,1.5,12.9,0.5,357.1,1.0,high,False,IFCT2017 (matched via ingredient normalization)
9479,192.2,7.5,11.3,26.2,18.5,2.8,1784.0,1.0,high,False,IFCT2017 (matched via ingredient normalization)
9481,198.6,6.6,23.2,14.1,7.7,18.1,588.7,0.92,high,False,IFCT2017 (matched via ingredient normalization)
9483,202.3,13.4,23.7,17.3,17.1,1.4,308.7,1.0,high,False,IFCT2017 (matched via ingredient normalization)
9487,470.2,14.6,83.3,6.0,12.5,1.4,339.0,0.89,high,False,IFCT2017 (matched via ingredient normalization)
9488,436.2,16.9,27.3,30.8,38.0,4.3,383.0,0.86,high,False,IFCT2017 (matched via ingredient normalization)
9491,328.4,14.2,23.0,19.3,2.7,13.0,77.7,1.0,high,False,IFCT2017 (matched via ingredient normalization)
9492,375.6,32.8,19.7,24.4,31.2,3.3,491.4,0.71,medium,False,IFCT2017 (matched via ingredient normalization)
9495,235.6,17.7,14.8,7.3,37.9,3.4,358.3,1.0,high,False,IFCT2017 (matched via ingredient normalization)
9500,96.6,8.9,7.3,16.6,11.4,1.7,367.2,1.0,high,False,IFCT2017 (matched via ingredient normalization)
9508,140.4,4.3,25.5,0.6,2.6,0.6,153.3,0.88,high,False,IFCT2017 (matched via ingredient normalization)
9510,389.2,12.5,75.0,9.6,6.2,3.9,318.5,1.0,high,False,IFCT2017 (matched via ingredient normalization)
9515,605.1,52.9,69.9,10.7,16.3,1.8,382.7,0.82,high,False,IFCT2017 (matched via ingredient normalization)
9535,1820.0,64.9,127.7,121.5,21.9,21.8,634.0,1.0,low,True,IFCT2017 (matched via ingredient normalization)
9539,106.8,9.1,14.0,0.7,4.9,1.2,420.0,0.86,high,False,IFCT2017 (matched via ingredient normalization)
9540,239.9,18.0,11.5,15.2,3.6,9.9,222.2,1.0,high,False,IFCT2017 (matched via ingredient normalization)
9541,901.3,40.4,46.8,52.9,52.3,7.0,309.8,1.0,high,False,IFCT2017 (matched via ingredient normalization)
9542,24.5,1.7,1.4,1.0,2.0,0.7,304.7,1.0,high,False,IFCT2017 (matched via ingredient normalization)
9545,705.4,26.4,35.0,54.6,17.3,8.6,350.2,1.0,high,False,IFCT2017 (matched via ingredient normalization)
9547,77.3,5.0,8.2,4.5,6.2,1.8,317.5,1.0,high,False,IFCT2017 (matched via ingredient normalization)
9550,110.8,3.8,11.5,15.8,6.1,0.8,9.8,0.88,high,False,IFCT2017 (matched via ingredient normalization)
9551,84.9,4.9,7.6,14.4,11.6,4.6,320.3,1.0,high,False,IFCT2017 (matched via ingredient normalization)
9553,117.1,16.0,2.7,63.7,5.6,0.7,633.8,1.0,high,False,IFCT2017 (matched via ingredient normalization)
9555,98.7,5.4,9.7,14.2,10.8,5.4,635.0,0.95,high,False,IFCT2017 (matched via ingredient normalization)
9562,670.8,48.9,19.1,52.1,29.7,5.0,449.4,0.92,high,False,IFCT2017 (matched via ingredient normalization)
9568,185.7,27.6,5.6,18.8,3.6,0.4,546.7,0.9,high,False,IFCT2017 (matched via ingredient normalization)
9570,146.2,7.6,16.7,14.4,10.1,0.6,307.1,1.0,high,False,IFCT2017 (matched via ingredient normalization)
9580,36.0,1.3,3.5,0.7,1.6,3.0,489.8,0.89,high,False,IFCT2017 (matched via ingredient normalization)
9585,199.3,8.1,15.9,8.9,13.6,13.0,307.3,1.0,high,False,IFCT2017 (matched via ingredient normalization)
9587,65.4,3.2,5.6,5.6,7.4,2.1,323.0,1.0,high,False,IFCT2017 (matched via ingredient normalization)
9595,401.0,22.7,36.5,25.2,14.5,2.6,556.4,1.0,high,False,IFCT2017 (matched via ingredient normalization)
9602,446.7,14.4,84.9,15.5,7.2,2.3,302.3,1.0,high,False,IFCT2017 (matched via ingredient normalization)
9605,44.8,3.1,6.7,50.3,1.8,0.3,1940.6,0.86,high,False,IFCT2017 (matched via ingredient normalization)
9610,822.7,80.1,20.2,42.1,59.8,6.1,381.8,0.94,high,False,IFCT2017 (matched via ingredient normalization)
9612,161.6,11.1,10.2,7.9,2.8,7.1,303.7,0.85,high,False,IFCT2017 (matched via ingredient normalization)
9622,16.8,0.6,3.0,1.7,0.5,0.1,24.3,1.0,low,True,IFCT2017 (matched via ingredient normalization)
9623,202.9,4.4,4.6,17.5,9.0,3.5,309.7,1.0,high,False,IFCT2017 (matched via ingredient normalization)
9625,43.1,2.8,3.3,4.9,8.5,1.9,298.4,0.9,high,False,IFCT2017 (matched via ingredient normalization)
9627,1601.1,56.9,134.3,89.3,38.2,23.2,461.6,1.0,low,True,IFCT2017 (matched via ingredient normalization)
9629,476.3,23.0,70.1,13.1,38.4,3.4,330.3,1.0,high,False,IFCT2017 (matched via ingredient normalization)
9631,710.8,16.4,26.0,58.4,25.7,9.5,329.4,0.92,high,False,IFCT2017 (matched via ingredient normalization)
9634,152.1,8.2,18.4,41.4,11.3,1.9,339.4,0.93,high,False,IFCT2017 (matched via ingredient normalization)
9638,179.0,18.7,14.3,11.8,2.1,0.4,392.5,1.0,high,False,IFCT2017 (matched via ingredient normalization)
9639,198.7,14.9,22.3,14.5,29.4,1.8,352.9,1.0,high,False,IFCT2017 (matched via ingredient normalization)
9643,65.1,3.2,7.9,1.1,8.0,1.5,302.6,1.0,high,False,IFCT2017 (matched via ingredient normalization)
9645,136.8,6.3,21.5,14.0,5.4,1.0,794.6,1.0,high,False,IFCT2017 (matched via ingredient normalization)
9652,757.9,22.0,106.3,38.3,29.0,4.2,546.4,0.96,high,False,IFCT2017 (matched via ingredient normalization)
9656,1042.0,43.4,46.3,82.2,38.9,7.0,522.9,0.93,high,False,IFCT2017 (matched via ingredient normalization)
9659,171.4,9.4,10.9,13.8,18.3,1.2,464.4,1.0,high,False,IFCT2017 (matched via ingredient normalization)
9662,222.0,15.1,23.3,2.6,27.2,1.6,339.7,0.92,high,False,IFCT2017 (matched via ingredient normalization)
9665,142.0,7.1,13.0,4.7,9.5,1.0,280.5,1.0,high,False,IFCT2017 (matched via ingredient normalization)
9667,194.8,8.2,17.7,21.0,32.2,3.0,725.7,1.0,high,False,IFCT2017 (matched via ingredient normalization)
9670,323.2,17.2,54.4,14.2,3.9,2.1,608.0,0.82,high,False,IFCT2017 (matched via ingredient normalization)
9673,126.8,5.7,6.6,27.8,5.4,1.8,323.6,0.91,high,False,IFCT2017 (matched via ingredient normalization)
9678,479.5,10.8,64.2,29.3,8.9,23.4,317.0,1.0,high,False,IFCT2017 (matched via ingredient normalization)
9680,135.3,15.2,2.4,19.2,5.5,0.8,327.3,1.0,high,False,IFCT2017 (matched via ingredient normalization)
9684,142.0,6.5,24.1,0.5,6.2,0.6,302.4,1.0,high,False,IFCT2017 (matched via ingredient normalization)
9690,391.5,10.1,62.8,15.4,51.3,57.7,430.2,1.0,high,False,IFCT2017 (matched via ingredient normalization)
9693,281.6,16.0,43.9,9.6,24.8,2.3,317.1,1.0,high,False,IFCT2017 (matched via ingredient normalization)
9694,277.1,15.6,9.7,18.5,12.7,2.6,336.9,1.0,high,False,IFCT2017 (matched via ingredient normalization)
9703,206.6,7.6,33.2,5.8,11.7,0.3,303.7,1.0,high,False,IFCT2017 (matched via ingredient normalization)
9705,54.6,3.9,3.8,4.0,6.8,1.6,330.6,0.93,high,False,IFCT2017 (matched via ingredient normalization)
9712,228.5,41.5,3.8,7.1,9.7,1.2,216.6,1.0,high,False,IFCT2017 (matched via ingredient normalization)
9722,558.6,29.4,52.6,42.3,18.4,3.2,558.9,1.0,high,False,IFCT2017 (matched via ingredient normalization)
9732,42.3,3.9,1.8,13.3,5.7,0.2,336.7,0.89,high,False,IFCT2017 (matched via ingredient normalization)
9744,695.8,28.0,107.3,11.8,23.5,3.1,686.0,1.0,high,False,IFCT2017 (matched via ingredient normalization)
9745,917.2,24.2,95.0,51.9,32.6,12.4,326.2,1.0,high,False,IFCT2017 (matched via ingredient normalization)
9752,194.5,13.0,24.0,14.3,13.5,1.8,344.8,1.0,high,False,IFCT2017 (matched via ingredient normalization)
9762,318.1,11.8,42.3,7.8,25.9,2.7,323.8,0.95,high,False,IFCT2017 (matched via ingredient normalization)
9763,397.2,8.9,14.9,45.3,16.3,9.2,390.2,1.0,high,False,IFCT2017 (matched via ingredient normalization)
9764,129.6,8.5,14.3,19.7,11.8,0.6,431.4,1.0,high,False,IFCT2017 (matched via ingredient normalization)
9765,349.9,14.4,20.7,22.5,59.1,3.8,551.4,0.92,high,False,IFCT2017 (matched via ingredient normalization)
9767,151.8,10.5,9.7,10.5,18.1,4.6,695.5,0.94,high,False,IFCT2017 (matched via ingredient normalization)
9773,34.0,1.6,1.9,1.7,0.7,1.6,11.5,1.0,high,False,IFCT2017 (matched via ingredient normalization)
9777,0.0,0.0,0.0,0.0,0.0,0.0,0.0,0.05,low,True,IFCT2017 (matched via ingredient normalization)
9796,89.0,11.9,3.8,13.8,12.0,1.4,328.1,0.92,high,False,IFCT2017 (matched via ingredient normalization)
9798,303.0,11.6,17.7,17.5,17.1,2.7,342.5,0.94,high,False,IFCT2017 (matched via ingredient normalization)
9799,943.4,23.0,27.9,82.1,66.2,10.2,837.9,0.94,high,False,IFCT2017 (matched via ingredient normalization)
9809,576.3,24.5,79.4,21.6,28.6,2.5,503.0,0.95,high,False,IFCT2017 (matched via ingredient normalization)
9812,108.6,7.8,12.6,63.4,4.4,0.8,304.9,0.92,high,False,IFCT2017 (matched via ingredient normalization)
9823,31.8,1.5,1.7,1.2,2.4,0.9,1559.5,1.0,high,False,IFCT2017 (matched via ingredient normalization)
9841,1178.2,39.9,63.2,78.4,24.8,7.9,632.4,0.9,high,False,IFCT2017 (matched via ingredient normalization)
9848,364.5,13.2,42.1,10.5,37.5,11.1,589.4,0.95,high,False,IFCT2017 (matched via ingredient normalization)
9851,1231.2,55.4,57.0,82.0,25.4,6.8,136.3,1.0,low,True,IFCT2017 (matched via ingredient normalization)
9852,258.8,15.3,19.5,18.1,31.5,10.7,326.3,1.0,high,False,IFCT2017 (matched via ingredient normalization)
9868,364.6,20.5,58.8,3.2,7.0,2.5,623.9,1.0,high,False,IFCT2017 (matched via ingredient normalization)
9870,86.7,3.2,10.1,1.5,6.9,6.7,46.2,1.0,high,False,IFCT2017 (matched via ingredient normalization)
9882,178.8,12.0,11.4,11.9,6.0,9.0,320.3,0.94,high,False,IFCT2017 (matched via ingredient normalization)
9889,222.1,13.4,20.9,5.1,14.9,4.6,68.1,0.92,high,False,IFCT2017 (matched via ingredient normalization)
9894,40.0,0.9,6.4,2.9,0.6,2.3,1.3,1.0,high,False,IFCT2017 (matched via ingredient normalization)
9896,229.8,15.2,26.2,5.4,22.8,2.7,555.0,1.0,high,False,IFCT2017 (matched via ingredient normalization)
9899,113.8,6.7,8.3,5.4,5.1,5.3,362.3,1.0,high,False,IFCT2017 (matched via ingredient normalization)
9906,479.5,15.9,48.3,79.6,28.8,6.6,631.6,0.96,high,False,IFCT2017 (matched via ingredient normalization)
9912,218.1,10.5,32.7,1.7,12.4,1.3,326.7,1.0,high,False,IFCT2017 (matched via ingredient normalization)
9926,543.0,16.8,108.8,13.9,6.5,2.8,496.2,1.0,high,False,IFCT2017 (matched via ingredient normalization)
9940,567.3,13.5,105.9,2.6,9.4,1.1,307.2,1.0,high,False,IFCT2017 (matched via ingredient normalization)
9945,393.1,11.2,73.7,2.4,5.7,1.2,294.3,1.0,high,False,IFCT2017 (matched via ingredient normalization)
9964,196.3,22.9,9.5,7.1,0.6,9.3,89.5,0.83,high,False,IFCT2017 (matched via ingredient normalization)
9972,220.8,6.1,32.1,13.9,11.0,11.3,310.1,1.0,high,False,IFCT2017 (matched via ingredient normalization)
9974,293.3,37.6,25.5,2.2,4.0,0.4,369.4,1.0,high,False,IFCT2017 (matched via ingredient normalization)
9982,888.9,34.0,38.5,63.0,13.5,10.5,354.3,0.94,high,False,IFCT2017 (matched via ingredient normalization)
9987,191.2,5.8,3.7,19.0,8.3,1.8,303.9,1.0,high,False,IFCT2017 (matched via ingredient normalization)
9989,316.0,45.6,18.4,4.1,6.5,9.1,735.2,1.0,high,False,IFCT2017 (matched via ingredient normalization)
9992,108.1,14.8,2.5,19.4,4.0,1.0,340.8,1.0,high,False,IFCT2017 (matched via ingredient normalization)
9993,125.9,11.7,10.2,33.0,19.1,5.0,176.3,1.0,high,False,IFCT2017 (matched via ingredient normalization)
9995,63.4,8.3,5.3,3.1,2.3,0.3,21.4,1.0,high,False,IFCT2017 (matched via ingredient normalization)
9998,354.8,16.2,27.1,18.7,20.3,4.9,529.3,1.0,high,False,IFCT2017 (matched via ingredient normalization)
10001,204.0,9.5,21.3,16.3,20.3,7.3,383.6,0.94,high,False,IFCT2017 (matched via ingredient normalization)
10008,407.3,20.0,34.8,18.0,49.9,3.9,50.4,1.0,high,False,IFCT2017 (matched via ingredient normalization)
10009,54.3,4.9,3.4,0.8,3.6,0.8,307.5,0.91,high,False,IFCT2017 (matched via ingredient normalization)
10015,172.2,5.6,29.7,4.6,3.2,2.2,529.1,0.84,high,False,IFCT2017 (matched via ingredient normalization)
10016,635.5,48.0,97.3,21.3,6.7,2.6,875.7,1.0,high,False,IFCT2017 (matched via ingredient normalization)
10017,64.0,4.9,3.4,15.3,4.2,2.6,321.3,1.0,high,False,IFCT2017 (matched via ingredient normalization)
10032,224.5,12.6,9.2,14.1,22.4,3.6,325.4,1.0,high,False,IFCT2017 (matched via ingredient normalization)
10034,280.1,12.5,42.3,18.3,9.5,3.6,394.5,0.94,high,False,IFCT2017 (matched via ingredient normalization)
10044,84.8,4.7,11.3,5.5,3.4,0.6,301.6,0.94,high,False,IFCT2017 (matched via ingredient normalization)
10057,54.4,2.3,7.1,13.0,3.6,1.4,118.4,1.0,high,False,IFCT2017 (matched via ingredient normalization)
10058,267.5,17.3,24.2,19.4,20.6,3.1,120.7,0.95,high,False,IFCT2017 (matched via ingredient normalization)
10059,585.5,22.1,35.8,39.0,66.9,12.0,530.6,0.96,high,False,IFCT2017 (matched via ingredient normalization)
10066,279.1,11.9,34.1,8.0,22.9,4.0,483.2,0.93,high,False,IFCT2017 (matched via ingredient normalization)
10069,180.6,9.2,14.5,9.8,5.0,2.0,208.4,1.0,high,False,IFCT2017 (matched via ingredient normalization)
10071,137.6,5.8,18.7,2.3,12.2,8.0,305.9,1.0,high,False,IFCT2017 (matched via ingredient normalization)
10076,118.5,3.8,4.5,21.0,6.5,1.5,161.4,1.0,high,False,IFCT2017 (matched via ingredient normalization)
10083,1299.1,68.2,70.0,98.3,49.8,7.9,828.5,1.0,low,True,IFCT2017 (matched via ingredient normalization)
10085,215.3,6.6,20.8,10.0,12.6,3.0,1770.3,0.93,high,False,IFCT2017 (matched via ingredient normalization)
10086,101.0,5.0,6.6,5.9,1.4,6.2,332.6,0.83,high,False,IFCT2017 (matched via ingredient normalization)
10091,653.7,22.9,113.7,5.9,27.0,3.7,643.1,1.0,high,False,IFCT2017 (matched via ingredient normalization)
10097,202.8,14.5,13.7,7.1,11.1,3.3,344.0,1.0,high,False,IFCT2017 (matched via ingredient normalization)
10102,293.4,11.1,50.0,23.6,6.3,3.9,438.9,0.95,high,False,IFCT2017 (matched via ingredient normalization)
10108,623.6,27.3,52.0,29.1,51.7,6.6,178.3,0.95,high,False,IFCT2017 (matched via ingredient normalization)
10113,134.8,5.8,20.4,3.2,7.2,1.3,307.6,0.91,high,False,IFCT2017 (matched via ingredient normalization)
10119,349.4,23.1,38.5,10.1,30.2,6.1,838.4,1.0,high,False,IFCT2017 (matched via ingredient normalization)
10120,351.8,29.9,12.1,21.5,20.5,2.5,567.5,1.0,high,False,IFCT2017 (matched via ingredient normalization)
10121,45.4,7.7,1.3,0.7,1.7,0.3,215.6,1.0,high,False,IFCT2017 (matched via ingredient normalization)
10124,272.5,15.1,38.9,5.6,14.7,2.7,331.2,1.0,high,False,IFCT2017 (matched via ingredient normalization)
10125,39.8,3.4,2.5,104.5,6.0,0.7,306.0,0.94,high,False,IFCT2017 (matched via ingredient normalization)
10132,1.9,0.1,0.1,0.1,0.2,0.0,0.8,0.08,low,True,IFCT2017 (matched via ingredient normalization)
10134,91.8,4.7,6.2,8.7,3.0,5.1,326.1,1.0,high,False,IFCT2017 (matched via ingredient normalization)
10142,13.7,1.2,1.3,12.8,1.3,0.3,297.5,0.82,low,True,IFCT2017 (matched via ingredient normalization)
10165,1235.4,48.2,185.0,75.7,28.8,26.0,9710.4,1.0,low,True,IFCT2017 (matched via ingredient normalization)
10169,163.4,5.9,11.9,7.6,10.2,1.3,243.9,1.0,high,False,IFCT2017 (matched via ingredient normalization)
10180,286.4,28.5,7.3,20.4,26.7,2.0,363.7,1.0,high,False,IFCT2017 (matched via ingredient normalization)
10182,89.7,2.2,16.1,4.5,4.4,12.0,313.3,1.0,high,False,IFCT2017 (matched via ingredient normalization)
10183,72.6,5.4,7.8,4.8,12.9,3.8,308.7,1.0,high,False,IFCT2017 (matched via ingredient normalization)
10191,527.7,15.1,108.6,17.8,4.3,2.5,648.5,1.0,high,False,IFCT2017 (matched via ingredient normalization)
10197,257.0,23.0,25.7,8.3,27.1,2.4,499.0,0.91,high,False,IFCT2017 (matched via ingredient normalization)
10198,435.1,33.0,48.0,12.1,26.0,2.1,643.2,1.0,high,False,IFCT2017 (matched via ingredient normalization)
10205,229.6,12.4,23.3,13.7,18.0,6.0,314.1,1.0,high,False,IFCT2017 (matched via ingredient normalization)
10210,924.3,28.5,182.2,19.5,14.2,5.1,33.9,1.0,high,False,IFCT2017 (matched via ingredient normalization)
10216,82.4,6.5,5.3,1.6,12.9,1.3,329.4,0.91,high,False,IFCT2017 (matched via ingredient normalization)
10222,242.4,17.5,13.7,8.1,23.5,2.9,727.1,0.96,high,False,IFCT2017 (matched via ingredient normalization)
10229,227.1,9.9,38.6,5.5,7.4,1.6,316.1,1.0,high,False,IFCT2017 (matched via ingredient normalization)
10231,645.9,26.5,18.8,48.6,22.0,4.5,355.7,1.0,high,False,IFCT2017 (matched via ingredient normalization)
10232,398.3,16.2,19.4,26.2,38.0,4.8,422.6,0.95,high,False,IFCT2017 (matched via ingredient normalization)
10233,575.6,21.1,51.7,34.4,52.7,18.1,477.6,0.91,high,False,IFCT2017 (matched via ingredient normalization)
10240,44.5,1.3,5.6,2.2,5.4,4.2,307.5,0.92,high,False,IFCT2017 (matched via ingredient normalization)
10246,468.4,54.3,40.4,39.7,37.1,3.4,389.1,0.96,high,False,IFCT2017 (matched via ingredient normalization)
10248,183.6,7.8,17.6,13.6,16.3,5.4,334.1,1.0,high,False,IFCT2017 (matched via ingredient normalization)
10254,316.1,17.5,26.8,27.0,21.0,3.0,270.9,1.0,high,False,IFCT2017 (matched via ingredient normalization)
10256,169.5,5.7,10.1,23.2,7.2,7.6,23.6,0.92,high,False,IFCT2017 (matched via ingredient normalization)
10258,275.3,37.0,10.2,32.5,23.4,3.2,391.4,0.95,high,False,IFCT2017 (matched via ingredient normalization)
10266,392.6,17.2,54.1,10.4,22.6,2.0,430.8,1.0,high,False,IFCT2017 (matched via ingredient normalization)
10267,162.8,5.7,23.9,6.7,10.1,7.1,409.7,1.0,high,False,IFCT2017 (matched via ingredient normalization)
10273,2516.5,126.4,143.5,189.2,125.1,18.0,184.6,0.94,low,True,IFCT2017 (matched via ingredient normalization)
10276,263.5,10.5,22.5,18.4,11.4,2.4,314.9,0.88,high,False,IFCT2017 (matched via ingredient normalization)
10287,1447.2,47.7,59.3,118.4,44.6,9.3,753.7,0.87,low,True,IFCT2017 (matched via ingredient normalization)
10289,581.7,17.6,90.9,14.7,7.8,10.6,350.1,1.0,high,False,IFCT2017 (matched via ingredient normalization)
10291,1377.6,33.1,140.5,74.3,38.2,9.3,613.3,1.0,low,True,IFCT2017 (matched via ingredient normalization)
10296,43.3,1.3,7.1,13.0,1.0,0.0,0.6,1.0,high,False,IFCT2017 (matched via ingredient normalization)
10302,35.9,1.9,1.9,14.1,4.6,0.7,302.3,0.92,high,False,IFCT2017 (matched via ingredient normalization)
10307,711.4,38.1,81.0,21.9,9.8,20.1,964.4,1.0,high,False,IFCT2017 (matched via ingredient normalization)
10309,420.2,17.8,58.1,28.3,25.2,3.4,619.1,1.0,high,False,IFCT2017 (matched via ingredient normalization)
10318,98.9,7.1,13.5,13.1,6.1,0.5,304.1,1.0,high,False,IFCT2017 (matched via ingredient normalization)
10322,378.8,11.3,73.2,18.7,2.8,3.1,299.7,1.0,high,False,IFCT2017 (matched via ingredient normalization)
10324,201.0,15.5,20.6,14.9,19.0,1.4,49.4,0.95,high,False,IFCT2017 (matched via ingredient normalization)
10343,242.9,9.2,34.1,48.1,20.6,9.9,632.8,0.93,high,False,IFCT2017 (matched via ingredient normalization)
10344,0.0,0.0,0.0,12.5,0.0,0.0,0.0,0.5,low,True,IFCT2017 (matched via ingredient normalization)
10355,563.6,22.7,73.4,16.4,19.4,8.6,1137.6,1.0,high,False,IFCT2017 (matched via ingredient normalization)
10359,43.1,6.3,1.5,16.1,0.8,0.4,300.8,0.89,high,False,IFCT2017 (matched via ingredient normalization)
10362,199.1,21.4,8.2,8.2,4.8,6.9,478.9,1.0,high,False,IFCT2017 (matched via ingredient normalization)
10372,244.2,11.3,23.4,113.9,27.7,2.3,429.2,0.85,high,False,IFCT2017 (matched via ingredient normalization)
10386,256.3,15.7,12.8,16.1,14.1,2.5,238.7,1.0,high,False,IFCT2017 (matched via ingredient normalization)
10396,774.7,32.1,108.5,30.8,21.0,12.5,330.4,1.0,high,False,IFCT2017 (matched via ingredient normalization)
10400,190.2,9.2,15.8,12.8,18.9,9.2,93.9,0.89,high,False,IFCT2017 (matched via ingredient normalization)
10401,133.3,9.5,11.3,15.2,14.5,1.9,377.9,1.0,high,False,IFCT2017 (matched via ingredient normalization)
10413,175.4,9.4,16.6,16.3,2.3,5.3,245.2,0.82,high,False,IFCT2017 (matched via ingredient normalization)
10447,234.1,14.7,32.7,13.9,13.9,1.3,316.7,1.0,high,False,IFCT2017 (matched via ingredient normalization)
10453,85.8,4.7,8.6,6.1,6.7,5.4,409.9,1.0,high,False,IFCT2017 (matched via ingredient normalization)
10459,195.9,5.6,33.5,1.5,12.8,11.7,352.2,1.0,high,False,IFCT2017 (matched via ingredient normalization)
10464,483.3,20.5,80.2,22.0,16.2,3.0,41.9,0.91,high,False,IFCT2017 (matched via ingredient normalization)
10473,277.0,17.9,14.7,16.2,23.7,2.0,499.8,0.89,high,False,IFCT2017 (matched via ingredient normalization)
10489,80.4,6.4,5.1,5.5,8.8,1.4,362.4,0.93,high,False,IFCT2017 (matched via ingredient normalization)
10498,219.2,4.1,9.3,20.9,10.5,4.7,762.5,1.0,high,False,IFCT2017 (matched via ingredient normalization)
10505,190.8,13.8,24.2,102.5,13.9,4.7,2961.4,0.86,high,False,IFCT2017 (matched via ingredient normalization)
10510,169.0,10.4,15.3,5.3,11.3,0.6,624.7,1.0,high,False,IFCT2017 (matched via ingredient normalization)
10511,176.9,9.9,24.0,14.2,4.3,1.1,611.7,0.94,high,False,IFCT2017 (matched via ingredient normalization)
10516,196.4,16.8,10.0,31.8,9.3,3.5,677.4,0.96,high,False,IFCT2017 (matched via ingredient normalization)
10544,667.8,59.0,22.7,57.6,36.7,7.0,617.1,1.0,high,False,IFCT2017 (matched via ingredient normalization)
10546,72.6,5.3,6.7,14.2,5.0,1.3,351.1,1.0,high,False,IFCT2017 (matched via ingredient normalization)
10547,54.0,4.1,2.9,33.6,5.0,0.7,491.2,1.0,high,False,IFCT2017 (matched via ingredient normalization)
10557,803.3,31.9,97.3,21.1,73.3,20.2,387.5,0.92,high,False,IFCT2017 (matched via ingredient normalization)
10569,249.1,28.5,15.5,5.2,14.9,1.3,734.7,1.0,high,False,IFCT2017 (matched via ingredient normalization)
10576,93.7,7.4,5.2,5.3,8.2,2.5,324.9,0.94,high,False,IFCT2017 (matched via ingredient normalization)
10582,94.0,3.5,12.2,9.1,5.8,1.0,306.5,0.89,high,False,IFCT2017 (matched via ingredient normalization)
10588,461.3,18.7,47.9,19.2,22.2,5.7,315.5,1.0,high,False,IFCT2017 (matched via ingredient normalization)
10599,211.9,10.9,19.1,6.0,18.7,5.1,378.0,0.89,high,False,IFCT2017 (matched via ingredient normalization)
10618,48.6,4.5,3.2,3.5,9.6,0.6,304.7,1.0,high,False,IFCT2017 (matched via ingredient normalization)
10627,34.0,2.3,2.6,0.5,4.3,1.5,324.2,1.0,high,False,IFCT2017 (matched via ingredient normalization)
10643,637.0,31.7,24.3,55.6,70.1,7.5,420.2,0.91,high,False,IFCT2017 (matched via ingredient normalization)
10646,206.7,11.5,8.7,14.9,5.4,5.9,326.8,1.0,high,False,IFCT2017 (matched via ingredient normalization)
10652,695.5,16.7,77.5,45.7,16.8,5.5,306.7,1.0,high,False,IFCT2017 (matched via ingredient normalization)
10657,267.8,2.2,61.8,32.8,3.2,61.4,17.8,1.0,high,False,IFCT2017 (matched via ingredient normalization)
10661,197.7,8.0,12.8,18.9,15.1,3.9,327.1,1.0,high,False,IFCT2017 (matched via ingredient normalization)
10666,278.3,6.3,41.3,6.3,14.6,36.5,51.6,0.86,high,False,IFCT2017 (matched via ingredient normalization)
10673,145.9,10.7,13.5,16.5,2.3,3.1,297.7,0.8,high,False,IFCT2017 (matched via ingredient normalization)
10679,249.4,6.8,31.0,9.7,7.4,1.7,296.0,1.0,high,False,IFCT2017 (matched via ingredient normalization)
10680,157.9,6.0,9.1,12.7,7.9,1.7,309.3,1.0,high,False,IFCT2017 (matched via ingredient normalization)
10702,100.8,4.3,12.4,15.6,2.8,2.9,555.7,0.91,high,False,IFCT2017 (matched via ingredient normalization)
10706,24.3,1.6,1.7,10.3,3.6,0.5,400.0,1.0,high,False,IFCT2017 (matched via ingredient normalization)
10709,129.1,3.6,18.8,1.3,5.2,0.8,298.7,1.0,high,False,IFCT2017 (matched via ingredient normalization)
10715,260.4,10.5,13.5,15.6,32.0,5.5,436.3,0.88,high,False,IFCT2017 (matched via ingredient normalization)
10724,187.0,18.3,12.5,18.7,39.8,2.2,625.4,1.0,high,False,IFCT2017 (matched via ingredient normalization)
10725,334.6,13.2,39.2,12.0,15.1,2.8,321.6,1.0,high,False,IFCT2017 (matched via ingredient normalization)
10730,421.1,15.2,71.3,10.2,16.9,3.4,321.4,0.94,high,False,IFCT2017 (matched via ingredient normalization)
10735,141.1,10.2,15.1,14.1,14.2,2.0,347.7,1.0,high,False,IFCT2017 (matched via ingredient normalization)
10738,70.4,4.9,5.3,13.6,7.9,2.1,323.8,1.0,high,False,IFCT2017 (matched via ingredient normalization)
10755,81.3,7.4,5.9,4.1,16.7,2.3,314.0,1.0,high,False,IFCT2017 (matched via ingredient normalization)
10756,204.4,25.6,17.6,2.3,1.6,0.3,69.7,1.0,high,False,IFCT2017 (matched via ingredient normalization)
10757,159.8,7.0,14.9,17.4,12.1,1.2,347.8,1.0,high,False,IFCT2017 (matched via ingredient normalization)
10764,245.2,8.1,42.6,1.7,9.5,4.4,621.2,1.0,high,False,IFCT2017 (matched via ingredient normalization)
10793,252.0,8.2,49.0,17.8,4.4,1.4,1076.9,1.0,high,False,IFCT2017 (matched via ingredient normalization)
10802,598.7,26.1,97.2,18.5,15.8,2.7,331.6,0.78,high,False,IFCT2017 (matched via ingredient normalization)
10805,340.1,20.7,20.0,27.5,23.5,7.7,406.7,1.0,high,False,IFCT2017 (matched via ingredient normalization)
10817,116.2,6.3,11.2,15.9,10.7,4.9,532.3,0.9,high,False,IFCT2017 (matched via ingredient normalization)
10822,61.3,1.9,6.8,13.4,4.9,0.9,316.8,1.0,high,False,IFCT2017 (matched via ingredient normalization)
10826,74.7,4.0,8.3,54.0,5.0,2.5,299.2,1.0,high,False,IFCT2017 (matched via ingredient normalization)
10843,466.4,15.0,80.6,2.4,12.9,3.4,321.6,1.0,high,False,IFCT2017 (matched via ingredient normalization)
10850,330.3,7.8,7.7,28.5,17.3,3.6,1775.1,0.94,high,False,IFCT2017 (matched via ingredient normalization)
10866,217.7,6.9,43.6,13.1,2.9,1.2,293.2,0.88,high,False,IFCT2017 (matched via ingredient normalization)
10868,1243.2,36.4,222.6,10.8,33.5,3.9,342.5,1.0,low,True,IFCT2017 (matched via ingredient normalization)
10880,112.4,5.8,15.7,1.5,11.2,1.4,315.7,1.0,high,False,IFCT2017 (matched via ingredient normalization)
10905,614.9,18.3,51.0,37.2,14.6,38.3,10.6,0.91,high,False,IFCT2017 (matched via ingredient normalization)
10910,1258.6,59.6,115.2,69.5,72.7,7.4,1382.5,0.88,low,True,IFCT2017 (matched via ingredient normalization)
10913,193.9,6.4,14.9,13.9,15.2,5.8,308.1,1.0,high,False,IFCT2017 (matched via ingredient normalization)
10919,562.1,31.7,36.4,43.7,67.6,10.3,537.0,0.91,high,False,IFCT2017 (matched via ingredient normalization)
10924,538.9,20.2,25.6,49.3,9.9,5.3,368.3,1.0,high,False,IFCT2017 (matched via ingredient normalization)
10942,222.1,15.8,21.9,4.9,32.9,10.1,26285.7,1.0,high,False,IFCT2017 (matched via ingredient normalization)
10945,224.8,15.4,30.2,5.7,28.0,1.5,324.6,1.0,high,False,IFCT2017 (matched via ingredient normalization)
10957,138.0,4.9,20.6,13.4,6.3,0.9,310.5,0.94,high,False,IFCT2017 (matched via ingredient normalization)
10963,272.7,23.3,32.2,2.9,12.3,2.7,355.6,0.9,high,False,IFCT2017 (matched via ingredient normalization)
10966,125.1,8.1,14.3,3.9,6.4,0.9,304.1,1.0,high,False,IFCT2017 (matched via ingredient normalization)
10968,7.5,0.5,1.0,0.0,0.4,0.0,0.3,0.09,low,True,IFCT2017 (matched via ingredient normalization)
10973,95.4,5.9,6.0,16.2,12.3,2.9,317.1,1.0,high,False,IFCT2017 (matched via ingredient normalization)
10989,266.6,14.3,25.5,12.2,14.2,1.9,310.5,1.0,high,False,IFCT2017 (matched via ingredient normalization)
10992,129.2,15.4,8.8,2.1,5.1,2.5,348.2,0.94,high,False,IFCT2017 (matched via ingredient normalization)
10994,842.3,29.4,65.5,62.5,26.0,6.4,650.4,0.96,high,False,IFCT2017 (matched via ingredient normalization)
10998,214.3,43.7,2.7,4.7,3.8,0.5,441.7,1.0,high,False,IFCT2017 (matched via ingredient normalization)
11003,320.8,15.9,34.0,12.0,17.4,3.3,331.5,1.0,high,False,IFCT2017 (matched via ingredient normalization)
11005,391.4,23.0,29.4,29.1,14.1,2.0,347.0,0.93,high,False,IFCT2017 (matched via ingredient normalization)
11006,313.2,34.2,14.8,9.5,11.2,8.6,406.6,1.0,high,False,IFCT2017 (matched via ingredient normalization)
11031,174.0,14.0,4.1,10.1,10.9,1.4,344.9,1.0,high,False,IFCT2017 (matched via ingredient normalization)
11036,46.0,3.4,4.1,8.2,5.4,1.6,327.6,0.91,high,False,IFCT2017 (matched via ingredient normalization)
11050,109.8,7.3,8.7,39.6,10.6,0.8,543.2,0.88,high,False,IFCT2017 (matched via ingredient normalization)
11052,1331.0,45.5,65.6,90.7,35.4,19.0,148.8,0.88,low,True,IFCT2017 (matched via ingredient normalization)
11063,74.2,12.5,1.9,8.6,2.7,0.9,315.6,1.0,high,False,IFCT2017 (matched via ingredient normalization)
11067,202.2,13.1,10.8,11.3,7.8,6.8,30.2,1.0,high,False,IFCT2017 (matched via ingredient normalization)
11071,281.7,19.6,34.8,15.9,19.2,1.6,316.7,1.0,high,False,IFCT2017 (matched via ingredient normalization)
11073,149.3,3.6,26.9,14.0,12.8,23.7,304.4,1.0,high,False,IFCT2017 (matched via ingredient normalization)
11075,51.9,3.7,3.7,5.4,9.4,0.5,306.9,1.0,high,False,IFCT2017 (matched via ingredient normalization)
11084,176.4,5.3,24.7,14.9,4.9,11.5,7.7,1.0,high,False,IFCT2017 (matched via ingredient normalization)
11098,416.6,14.2,9.4,48.2,17.6,6.1,339.5,1.0,high,False,IFCT2017 (matched via ingredient normalization)
11099,220.7,11.8,29.9,1.6,13.8,6.9,553.5,1.0,high,False,IFCT2017 (matched via ingredient normalization)
11100,60.7,2.1,3.5,6.4,2.7,0.6,585.0,1.0,high,False,IFCT2017 (matched via ingredient normalization)
11111,773.2,46.8,95.7,32.3,39.5,12.7,680.0,0.96,high,False,IFCT2017 (matched via ingredient normalization)
11112,238.4,7.5,23.4,9.9,11.7,5.5,304.6,0.82,high,False,IFCT2017 (matched via ingredient normalization)
11118,182.0,5.8,30.2,1.0,6.8,1.0,310.9,0.94,high,False,IFCT2017 (matched via ingredient normalization)
11122,320.4,15.0,29.3,12.3,9.4,6.6,621.1,1.0,high,False,IFCT2017 (matched via ingredient normalization)
11123,156.9,4.7,30.2,6.0,1.4,2.0,50.6,0.89,high,False,IFCT2017 (matched via ingredient normalization)
11128,107.8,10.5,9.1,1.5,21.0,1.0,22.2,0.86,high,False,IFCT2017 (matched via ingredient normalization)
11142,126.4,9.6,9.4,7.8,12.9,1.5,669.3,1.0,high,False,IFCT2017 (matched via ingredient normalization)
11146,141.9,5.7,11.8,13.5,7.5,0.8,304.2,0.91,high,False,IFCT2017 (matched via ingredient normalization)
11154,164.6,13.6,15.9,10.0,13.3,2.5,667.2,1.0,high,False,IFCT2017 (matched via ingredient normalization)
11166,327.6,16.7,35.4,22.1,14.2,7.2,842.6,1.0,high,False,IFCT2017 (matched via ingredient normalization)
11168,81.3,4.0,9.2,14.0,9.2,6.7,31.8,1.0,high,False,IFCT2017 (matched via ingredient normalization)
11171,660.6,59.4,30.1,31.8,36.1,10.7,605.1,1.0,high,False,IFCT2017 (matched via ingredient normalization)
11172,118.1,3.8,20.8,6.8,2.3,0.5,153.1,0.88,high,False,IFCT2017 (matched via ingredient normalization)
11173,554.8,47.7,66.0,9.4,25.7,3.1,70.9,1.0,high,False,IFCT2017 (matched via ingredient normalization)
11178,71.6,4.6,7.1,0.7,6.8,1.3,312.4,1.0,high,False,IFCT2017 (matched via ingredient normalization)
11183,106.7,3.8,19.3,15.3,5.1,1.2,1580.7,1.0,high,False,IFCT2017 (matched via ingredient normalization)
11186,209.2,15.7,24.1,2.9,10.0,1.2,573.1,0.89,high,False,IFCT2017 (matched via ingredient normalization)
11206,71.2,4.4,4.7,5.6,8.7,1.6,333.3,1.0,high,False,IFCT2017 (matched via ingredient normalization)
11212,90.2,2.8,16.5,0.7,1.3,1.2,166.6,0.88,high,False,IFCT2017 (matched via ingredient normalization)
11214,297.0,6.3,13.0,27.6,13.0,11.2,400.8,1.0,high,False,IFCT2017 (matched via ingredient normalization)
11222,458.1,14.8,29.8,31.7,29.7,27.9,278.5,1.0,high,False,IFCT2017 (matched via ingredient normalization)
11237,152.3,17.3,12.8,3.2,1.2,2.6,345.2,1.0,high,False,IFCT2017 (matched via ingredient normalization)
11240,174.9,12.7,23.1,8.6,12.4,1.7,299.2,1.0,high,False,IFCT2017 (matched via ingredient normalization)
11244,648.8,28.2,113.8,34.8,17.1,6.7,1178.4,0.94,high,False,IFCT2017 (matched via ingredient normalization)
11245,94.9,3.7,12.0,8.9,5.9,0.7,318.5,1.0,high,False,IFCT2017 (matched via ingredient normalization)
11256,74.4,9.7,2.8,8.7,6.5,0.7,338.6,0.86,high,False,IFCT2017 (matched via ingredient normalization)
11264,106.5,15.2,2.9,3.1,5.9,0.8,331.3,1.0,high,False,IFCT2017 (matched via ingredient normalization)
11269,296.7,7.0,56.1,1.5,2.5,0.5,52.4,1.0,high,False,IFCT2017 (matched via ingredient normalization)
11270,179.7,3.8,38.8,14.7,1.1,16.4,5.5,1.0,high,False,IFCT2017 (matched via ingredient normalization)
11283,141.2,2.5,19.7,5.8,1.9,7.9,42.6,1.0,high,False,IFCT2017 (matched via ingredient normalization)
11318,329.9,32.7,7.5,17.5,28.5,1.8,490.0,0.94,high,False,IFCT2017 (matched via ingredient normalization)
11322,187.2,2.8,5.2,31.8,7.0,3.7,592.7,1.0,high,False,IFCT2017 (matched via ingredient normalization)
11325,95.6,4.7,11.7,2.6,9.5,0.7,325.7,0.92,high,False,IFCT2017 (matched via ingredient normalization)
11342,135.9,5.2,17.2,15.6,7.0,3.8,312.9,0.85,high,False,IFCT2017 (matched via ingredient normalization)
11353,145.5,8.5,9.1,19.5,15.3,0.9,847.8,0.79,high,False,IFCT2017 (matched via ingredient normalization)
11358,140.3,13.4,7.4,6.4,13.2,2.6,378.1,0.94,high,False,IFCT2017 (matched via ingredient normalization)
11365,70.2,4.9,5.3,13.6,8.5,2.1,345.1,0.94,high,False,IFCT2017 (matched via ingredient normalization)
11371,206.8,8.5,30.0,3.7,24.8,25.4,332.4,1.0,high,False,IFCT2017 (matched via ingredient normalization)
11372,62.3,6.3,2.4,14.7,1.4,1.7,314.8,1.0,high,False,IFCT2017 (matched via ingredient normalization)
11374,677.9,14.4,132.1,15.7,6.4,23.1,14.7,1.0,high,False,IFCT2017 (matched via ingredient normalization)
11386,707.9,31.7,49.3,42.1,34.9,5.1,377.4,1.0,high,False,IFCT2017 (matched via ingredient normalization)
11395,121.2,12.2,11.9,1.4,3.0,0.7,332.1,0.8,high,False,IFCT2017 (matched via ingredient normalization)
11401,85.6,3.5,13.6,6.2,1.9,0.3,1.4,1.0,high,False,IFCT2017 (matched via ingredient normalization)
11415,265.0,10.3,47.7,6.8,7.5,1.6,323.0,1.0,high,False,IFCT2017 (matched via ingredient normalization)
11428,1412.3,83.3,235.4,28.3,89.3,38.6,1246.4,1.0,low,True,IFCT2017 (matched via ingredient normalization)
11442,133.3,13.3,10.7,14.6,8.6,3.9,324.4,1.0,high,False,IFCT2017 (matched via ingredient normalization)
11460,117.3,7.1,13.4,1.2,7.6,1.1,206.3,0.92,high,False,IFCT2017 (matched via ingredient normalization)
11465,48.3,4.0,3.5,3.4,4.9,0.8,314.3,0.92,high,False,IFCT2017 (matched via ingredient normalization)
11472,501.5,43.3,43.4,52.9,22.8,3.4,743.7,0.94,high,False,IFCT2017 (matched via ingredient normalization)
11475,98.5,9.6,4.8,5.8,9.8,1.9,347.4,1.0,high,False,IFCT2017 (matched via ingredient normalization)
11476,61.8,4.6,4.5,1.5,6.8,0.6,322.7,1.0,high,False,IFCT2017 (matched via ingredient normalization)
11486,278.2,15.8,24.7,10.8,12.7,2.2,313.5,1.0,high,False,IFCT2017 (matched via ingredient normalization)
11487,436.8,28.4,60.7,2.1,26.4,4.0,343.2,1.0,high,False,IFCT2017 (matched via ingredient normalization)
11495,247.7,18.5,26.9,10.5,22.8,2.1,376.0,0.95,high,False,IFCT2017 (matched via ingredient normalization)
11515,178.8,3.6,32.4,67.5,4.2,7.6,3.7,0.9,high,False,IFCT2017 (matched via ingredient normalization)
11520,270.9,19.3,11.4,20.6,25.3,3.7,689.0,0.96,high,False,IFCT2017 (matched via ingredient normalization)
11530,173.0,7.5,10.5,15.9,7.2,7.6,625.2,1.0,high,False,IFCT2017 (matched via ingredient normalization)
11531,104.6,2.7,16.9,0.6,3.7,10.8,300.5,0.78,high,False,IFCT2017 (matched via ingredient normalization)
11532,102.8,4.6,12.6,15.1,2.8,3.1,310.4,1.0,high,False,IFCT2017 (matched via ingredient normalization)
11542,216.0,13.2,17.7,5.1,24.2,2.3,362.9,1.0,high,False,IFCT2017 (matched via ingredient normalization)
11566,42.6,1.5,2.3,29.0,3.3,0.7,298.0,1.0,high,False,IFCT2017 (matched via ingredient normalization)
11579,719.7,41.1,21.9,46.6,58.5,6.1,1407.3,1.0,high,False,IFCT2017 (matched via ingredient normalization)
11582,673.1,80.9,20.3,40.9,33.6,8.0,820.6,1.0,high,False,IFCT2017 (matched via ingredient normalization)
11588,164.5,9.5,19.2,20.1,11.6,5.8,330.1,0.95,high,False,IFCT2017 (matched via ingredient normalization)
11592,107.8,3.3,18.7,0.7,5.7,3.1,327.5,1.0,high,False,IFCT2017 (matched via ingredient normalization)
11608,179.1,18.2,20.0,9.6,3.2,0.5,243.5,1.0,high,False,IFCT2017 (matched via ingredient normalization)
11612,199.0,4.7,4.9,16.8,10.5,2.4,304.2,1.0,high,False,IFCT2017 (matched via ingredient normalization)
11616,418.3,18.2,72.4,1.7,9.9,70.7,331.4,0.83,high,False,IFCT2017 (matched via ingredient normalization)
11620,134.1,10.3,15.1,2.8,7.3,2.4,320.2,0.81,high,False,IFCT2017 (matched via ingredient normalization)
11624,260.4,5.3,21.3,15.4,11.7,4.4,301.4,1.0,high,False,IFCT2017 (matched via ingredient normalization)
11626,235.6,10.4,40.3,20.1,8.6,2.1,455.2,1.0,high,False,IFCT2017 (matched via ingredient normalization)
11629,91.2,3.0,11.3,13.0,5.7,0.9,297.2,0.9,high,False,IFCT2017 (matched via ingredient normalization)
11668,369.8,13.3,65.5,14.8,13.1,2.0,297.2,1.0,high,False,IFCT2017 (matched via ingredient normalization)
11686,228.3,11.4,14.6,16.6,30.4,3.1,455.3,0.93,high,False,IFCT2017 (matched via ingredient normalization)
11706,47.3,2.3,5.6,0.5,3.3,0.4,12.5,0.92,high,False,IFCT2017 (matched via ingredient normalization)
11713,361.3,21.4,50.8,25.9,15.5,2.8,331.2,1.0,high,False,IFCT2017 (matched via ingredient normalization)
11721,436.4,17.2,28.9,35.3,26.6,3.5,421.0,0.86,high,False,IFCT2017 (matched via ingredient normalization)
11742,58.6,3.0,7.9,7.0,4.0,0.5,162.0,0.94,high,False,IFCT2017 (matched via ingredient normalization)
11752,2721.2,99.0,110.0,232.0,52.9,38.8,633.1,1.0,low,True,IFCT2017 (matched via ingredient normalization)
11753,547.5,19.7,93.3,2.5,17.3,3.0,616.4,1.0,high,False,IFCT2017 (matched via ingredient normalization)
11756,337.2,12.2,40.1,34.2,11.1,6.6,311.3,0.92,high,False,IFCT2017 (matched via ingredient normalization)
11767,197.1,16.8,11.8,17.9,21.6,1.4,426.6,0.93,high,False,IFCT2017 (matched via ingredient normalization)
11769,137.0,7.7,7.7,19.0,3.9,4.6,233.1,0.92,high,False,IFCT2017 (matched via ingredient normalization)
11771,289.4,11.2,12.5,31.6,19.6,5.7,313.8,1.0,high,False,IFCT2017 (matched via ingredient normalization)
11786,304.2,7.6,24.7,80.3,22.3,22.3,30.5,1.0,high,False,IFCT2017 (matched via ingredient normalization)
11825,53.7,2.2,7.8,12.9,6.4,6.4,295.2,0.91,high,False,IFCT2017 (matched via ingredient normalization)
11829,1.0,0.0,0.2,200.0,0.0,0.2,0.1,0.67,low,True,IFCT2017 (matched via ingredient normalization)
11830,169.3,21.2,5.9,59.2,14.5,1.3,690.0,1.0,high,False,IFCT2017 (matched via ingredient normalization)
11831,207.4,7.3,5.2,19.2,11.1,1.9,307.1,0.9,high,False,IFCT2017 (matched via ingredient normalization)
11856,198.6,9.8,28.6,2.9,13.8,1.5,208.3,1.0,high,False,IFCT2017 (matched via ingredient normalization)
11859,201.9,11.0,24.8,5.8,15.1,2.4,838.5,1.0,high,False,IFCT2017 (matched via ingredient normalization)
11862,28.2,2.7,1.6,13.0,4.8,0.4,305.0,1.0,high,False,IFCT2017 (matched via ingredient normalization)
11869,136.8,5.0,18.4,4.1,2.9,4.0,605.4,0.94,high,False,IFCT2017 (matched via ingredient normalization)
11872,107.0,2.7,19.7,0.7,5.7,3.2,327.8,1.0,high,False,IFCT2017 (matched via ingredient normalization)
11877,208.2,4.5,30.6,1.5,7.5,14.8,309.0,1.0,high,False,IFCT2017 (matched via ingredient normalization)
11895,136.6,7.4,18.6,2.0,7.4,2.4,322.2,0.92,high,False,IFCT2017 (matched via ingredient normalization)
11897,225.7,17.6,27.5,9.1,12.5,1.5,315.9,0.95,high,False,IFCT2017 (matched via ingredient normalization)
11898,126.6,6.8,15.9,14.3,10.4,2.3,337.3,1.0,high,False,IFCT2017 (matched via ingredient normalization)
11905,57.5,3.2,6.2,1.3,7.5,0.9,13.7,1.0,high,False,IFCT2017 (matched via ingredient normalization)
11909,21.0,0.6,1.7,0.8,1.3,1.4,295.5,0.67,medium,False,IFCT2017 (matched via ingredient normalization)
11950,182.9,10.9,10.7,85.8,22.2,1.9,400.1,0.86,high,False,IFCT2017 (matched via ingredient normalization)
11962,150.5,6.4,13.1,8.3,13.0,4.8,69.2,0.94,high,False,IFCT2017 (matched via ingredient normalization)
11977,62.6,5.8,4.4,1.1,7.2,0.4,1090.1,1.0,high,False,IFCT2017 (matched via ingredient normalization)
11986,123.2,4.5,17.0,8.3,7.1,1.2,318.1,1.0,high,False,IFCT2017 (matched via ingredient normalization)
11988,329.1,10.8,60.3,14.1,11.6,2.7,486.7,0.89,high,False,IFCT2017 (matched via ingredient normalization)
12021,292.4,17.6,37.0,19.8,14.6,11.2,311.7,0.96,high,False,IFCT2017 (matched via ingredient normalization)
12027,369.9,24.3,53.4,9.7,14.0,2.9,618.3,0.92,high,False,IFCT2017 (matched via ingredient normalization)
12028,498.9,31.0,58.8,14.7,25.8,2.5,52.2,0.94,high,False,IFCT2017 (matched via ingredient normalization)
12030,148.3,13.7,10.7,3.2,13.1,4.5,378.2,0.92,high,False,IFCT2017 (matched via ingredient normalization)
12036,138.5,12.0,15.5,1.6,4.0,2.3,36.8,0.89,high,False,IFCT2017 (matched via ingredient normalization)
12037,586.3,24.7,101.7,15.0,14.0,3.4,304.3,0.78,high,False,IFCT2017 (matched via ingredient normalization)
12055,826.8,27.5,129.3,23.6,37.3,13.0,342.6,1.0,high,False,IFCT2017 (matched via ingredient normalization)
12085,138.8,5.2,6.5,21.1,11.7,3.5,326.5,1.0,high,False,IFCT2017 (matched via ingredient normalization)
12100,31.7,2.1,2.4,13.0,4.8,0.2,499.6,0.9,high,False,IFCT2017 (matched via ingredient normalization)
12105,83.1,3.4,9.7,4.9,8.0,5.3,411.4,1.0,high,False,IFCT2017 (matched via ingredient normalization)
12110,288.6,15.7,17.2,39.9,18.6,6.5,665.2,0.94,high,False,IFCT2017 (matched via ingredient normalization)
12115,540.2,23.8,34.2,30.7,12.7,3.6,339.7,0.93,high,False,IFCT2017 (matched via ingredient normalization)
12128,286.6,17.4,33.2,16.1,8.6,3.8,318.8,0.92,high,False,IFCT2017 (matched via ingredient normalization)
12129,200.4,6.8,38.3,8.4,3.6,1.5,298.2,1.0,high,False,IFCT2017 (matched via ingredient normalization)
12132,112.7,1.7,22.6,1.8,3.7,21.8,121.0,1.0,high,False,IFCT2017 (matched via ingredient normalization)
12133,398.4,15.7,54.5,21.6,20.6,5.3,323.0,1.0,high,False,IFCT2017 (matched via ingredient normalization)
12136,157.6,5.0,24.6,1.4,9.7,2.4,321.1,1.0,high,False,IFCT2017 (matched via ingredient normalization)
12141,157.1,6.5,23.4,1.4,8.5,1.3,416.8,0.93,high,False,IFCT2017 (matched via ingredient normalization)
12149,68.1,5.7,3.7,2.5,12.4,1.0,319.9,1.0,high,False,IFCT2017 (matched via ingredient normalization)
12158,188.5,7.4,27.9,1.7,9.2,1.6,363.8,0.92,high,False,IFCT2017 (matched via ingredient normalization)
12179,317.8,19.2,39.3,6.9,20.2,2.3,336.4,1.0,high,False,IFCT2017 (matched via ingredient normalization)
12185,192.0,7.4,23.2,31.2,11.2,2.2,552.7,0.95,high,False,IFCT2017 (matched via ingredient normalization)
12193,95.3,6.7,9.0,23.9,9.2,2.7,621.8,1.0,high,False,IFCT2017 (matched via ingredient normalization)
12200,264.1,12.7,17.1,24.9,22.5,6.0,388.8,1.0,high,False,IFCT2017 (matched via ingredient normalization)
12201,87.0,0.9,18.1,3.7,1.6,17.8,199.7,1.0,high,False,IFCT2017 (matched via ingredient normalization)
12206,114.9,7.9,11.2,2.2,15.6,0.6,335.5,1.0,high,False,IFCT2017 (matched via ingredient normalization)
12208,169.2,27.0,3.1,28.9,7.9,0.9,672.1,0.9,high,False,IFCT2017 (matched via ingredient normalization)
12221,190.2,13.3,19.6,2.8,21.2,1.8,337.7,1.0,high,False,IFCT2017 (matched via ingredient normalization)
12247,148.3,7.5,19.5,1.1,8.3,1.0,324.8,0.91,high,False,IFCT2017 (matched via ingredient normalization)
12250,71.7,12.2,1.5,11.9,2.8,0.6,225.9,1.0,high,False,IFCT2017 (matched via ingredient normalization)
12253,164.5,11.6,9.3,6.2,20.3,2.5,291.9,0.93,high,False,IFCT2017 (matched via ingredient normalization)
12263,218.6,16.3,30.2,17.5,12.7,1.5,64999.8,0.92,high,False,IFCT2017 (matched via ingredient normalization)
12269,87.2,3.9,3.7,16.0,3.3,1.6,240.6,1.0,high,False,IFCT2017 (matched via ingredient normalization)
12277,773.7,15.9,75.8,51.2,53.0,37.0,247.3,0.88,high,False,IFCT2017 (matched via ingredient normalization)
12285,670.5,21.0,43.8,46.7,41.5,6.1,364.0,1.0,high,False,IFCT2017 (matched via ingredient normalization)
12292,897.0,31.6,161.2,16.4,12.9,1.1,317.7,0.86,high,False,IFCT2017 (matched via ingredient normalization)
12305,253.1,19.4,32.0,2.9,18.5,0.8,311.4,1.0,high,False,IFCT2017 (matched via ingredient normalization)
12308,473.7,10.7,14.8,39.9,18.8,7.6,314.2,1.0,high,False,IFCT2017 (matched via ingredient normalization)
12315,265.4,3.3,21.1,16.3,6.5,16.2,296.7,1.0,high,False,IFCT2017 (matched via ingredient normalization)
12320,809.8,45.6,96.8,19.1,82.4,5.9,704.0,1.0,high,False,IFCT2017 (matched via ingredient normalization)
12335,96.3,4.4,14.4,3.8,6.3,1.1,305.3,0.91,high,False,IFCT2017 (matched via ingredient normalization)
12347,47.9,3.7,3.5,0.6,5.4,1.2,324.9,1.0,high,False,IFCT2017 (matched via ingredient normalization)
12348,1367.2,54.4,243.9,5.3,43.9,6.6,645.3,1.0,low,True,IFCT2017 (matched via ingredient normalization)
12352,109.7,7.7,11.4,9.8,15.3,1.2,312.3,1.0,high,False,IFCT2017 (matched via ingredient normalization)
12360,402.7,18.4,58.5,5.0,9.7,1.7,301.9,1.0,high,False,IFCT2017 (matched via ingredient normalization)
12363,406.8,27.6,48.1,20.2,15.8,3.7,631.9,1.0,high,False,IFCT2017 (matched via ingredient normalization)
12371,431.1,13.4,16.8,32.5,19.4,4.9,311.2,1.0,high,False,IFCT2017 (matched via ingredient normalization)
12374,250.0,20.4,27.7,2.2,23.1,1.2,612.9,1.0,high,False,IFCT2017 (matched via ingredient normalization)
12387,23.2,1.5,1.9,12.9,3.0,0.3,298.0,1.0,high,False,IFCT2017 (matched via ingredient normalization)
12408,109.1,6.1,6.8,3.4,8.3,3.6,263.9,0.89,high,False,IFCT2017 (matched via ingredient normalization)
12418,125.1,8.8,8.0,11.0,17.9,1.7,317.4,0.93,high,False,IFCT2017 (matched via ingredient normalization)
12424,269.0,7.1,43.8,3.4,10.5,3.6,311.8,1.0,high,False,IFCT2017 (matched via ingredient normalization)
12425,156.2,5.5,8.4,12.2,10.7,4.6,316.5,1.0,high,False,IFCT2017 (matched via ingredient normalization)
12433,162.7,9.9,22.1,5.3,19.4,2.8,34.0,0.91,high,False,IFCT2017 (matched via ingredient normalization)
12447,203.5,5.5,24.1,17.4,6.4,6.5,283.0,0.83,high,False,IFCT2017 (matched via ingredient normalization)
12453,97.4,6.0,8.0,2.9,14.5,1.0,25.8,1.0,high,False,IFCT2017 (matched via ingredient normalization)
12468,551.1,26.3,86.3,17.4,21.1,2.6,307.6,1.0,high,False,IFCT2017 (matched via ingredient normalization)
12473,81.5,1.9,13.6,67.8,2.3,0.4,295.5,0.89,high,False,IFCT2017 (matched via ingredient normalization)
12474,232.9,8.6,20.6,13.4,7.9,6.0,302.0,1.0,high,False,IFCT2017 (matched via ingredient normalization)
12484,296.4,7.3,17.7,30.0,19.2,5.8,375.0,0.94,high,False,IFCT2017 (matched via ingredient normalization)
12487,107.4,4.6,14.9,14.0,6.9,1.3,613.4,0.95,high,False,IFCT2017 (matched via ingredient normalization)
12502,62.4,3.0,5.9,4.2,5.5,1.3,316.6,0.93,high,False,IFCT2017 (matched via ingredient normalization)
12503,72.1,3.6,5.9,1.9,5.1,4.7,408.5,1.0,high,False,IFCT2017 (matched via ingredient normalization)
12512,147.5,10.9,7.0,10.2,2.7,6.2,313.5,0.88,high,False,IFCT2017 (matched via ingredient normalization)
12523,22.2,1.1,1.9,5.6,3.2,0.8,312.8,0.91,high,False,IFCT2017 (matched via ingredient normalization)
12551,1592.4,63.7,61.9,116.9,18.5,9.0,380.4,0.92,low,True,IFCT2017 (matched via ingredient normalization)
12559,388.0,12.8,75.2,1.2,6.9,2.5,308.9,1.0,high,False,IFCT2017 (matched via ingredient normalization)
12560,327.9,17.2,22.6,13.6,31.2,5.7,414.3,1.0,high,False,IFCT2017 (matched via ingredient normalization)
12573,272.4,12.6,18.1,23.5,31.2,4.0,422.6,0.94,high,False,IFCT2017 (matched via ingredient normalization)
12578,63.9,2.9,8.1,13.4,5.5,4.7,307.5,0.94,high,False,IFCT2017 (matched via ingredient normalization)
12584,15.3,0.7,2.0,0.2,2.6,1.9,99.3,1.0,low,True,IFCT2017 (matched via ingredient normalization)
12618,137.5,9.8,15.8,3.7,6.4,0.8,213.5,1.0,high,False,IFCT2017 (matched via ingredient normalization)
12635,422.0,36.3,29.1,26.5,23.1,9.2,364.4,0.95,high,False,IFCT2017 (matched via ingredient normalization)
12644,161.7,6.9,23.1,1.9,6.1,1.2,328.4,0.86,high,False,IFCT2017 (matched via ingredient normalization)
12650,1201.8,66.5,145.6,39.5,86.2,8.6,208.1,0.95,low,True,IFCT2017 (matched via ingredient normalization)
12670,308.7,9.9,52.7,16.3,8.1,4.1,316.3,1.0,high,False,IFCT2017 (matched via ingredient normalization)
12686,76.1,2.9,4.6,3.7,9.1,0.9,40.0,0.83,high,False,IFCT2017 (matched via ingredient normalization)
12742,239.1,18.0,28.8,14.3,8.7,0.9,351.2,0.91,high,False,IFCT2017 (matched via ingredient normalization)
12752,62.1,1.3,8.1,10.4,1.9,5.9,1.3,0.88,high,False,IFCT2017 (matched via ingredient normalization)
12754,307.5,17.3,16.7,13.9,33.8,3.7,449.8,0.87,high,False,IFCT2017 (matched via ingredient normalization)
12761,141.4,2.7,17.8,3.7,2.3,14.5,16.1,0.62,medium,False,IFCT2017 (matched via ingredient normalization)
12768,256.4,14.6,8.7,19.9,15.8,2.2,341.4,1.0,high,False,IFCT2017 (matched via ingredient normalization)
12770,115.4,3.9,6.6,6.6,0.4,6.4,30.5,1.0,high,False,IFCT2017 (matched via ingredient normalization)
12774,649.9,23.4,28.9,71.5,8.6,5.1,333.8,1.0,high,False,IFCT2017 (matched via ingredient normalization)
12788,240.3,9.0,8.1,21.2,21.2,4.1,343.8,1.0,high,False,IFCT2017 (matched via ingredient normalization)
12790,121.1,5.0,11.8,16.4,10.6,2.0,315.1,1.0,high,False,IFCT2017 (matched via ingredient normalization)
12829,115.6,5.2,15.0,2.8,6.5,7.8,392.6,1.0,high,False,IFCT2017 (matched via ingredient normalization)
12853,35.5,1.4,1.8,16.4,3.9,1.0,295.6,0.83,high,False,IFCT2017 (matched via ingredient normalization)
12870,45.4,3.3,2.5,1.6,5.6,1.0,308.7,1.0,high,False,IFCT2017 (matched via ingredient normalization)
12874,34.9,2.2,4.2,5.5,3.9,1.9,590.7,1.0,high,False,IFCT2017 (matched via ingredient normalization)
12876,543.9,26.4,45.1,31.1,52.2,6.4,498.6,0.9,high,False,IFCT2017 (matched via ingredient normalization)
12880,70.7,6.2,4.0,2.6,9.1,1.5,36.5,0.89,high,False,IFCT2017 (matched via ingredient normalization)
12890,140.4,6.0,24.7,13.1,4.5,1.1,550.3,1.0,high,False,IFCT2017 (matched via ingredient normalization)
12902,341.0,21.1,37.4,4.5,25.1,3.6,615.6,0.89,high,False,IFCT2017 (matched via ingredient normalization)
12943,167.4,7.6,25.2,4.2,7.4,2.7,323.8,0.93,high,False,IFCT2017 (matched via ingredient normalization)
12947,86.5,4.3,11.3,1.5,10.7,1.9,595.6,0.89,high,False,IFCT2017 (matched via ingredient normalization)
12950,71.9,2.9,5.6,6.5,8.1,1.8,330.5,0.92,high,False,IFCT2017 (matched via ingredient normalization)
12961,372.6,7.9,18.5,27.4,15.8,16.9,350.4,1.0,high,False,IFCT2017 (matched via ingredient normalization)
12969,6.6,0.3,1.0,0.1,0.3,0.0,0.1,1.0,low,True,IFCT2017 (matched via ingredient normalization)
13036,344.1,20.2,56.6,14.3,7.3,1.8,824.6,1.0,high,False,IFCT2017 (matched via ingredient normalization)
13052,365.4,15.9,54.5,21.2,15.3,0.7,404.6,1.0,high,False,IFCT2017 (matched via ingredient normalization)
13061,44.0,5.9,2.0,1.9,2.1,0.5,308.8,1.0,high,False,IFCT2017 (matched via ingredient normalization)
13086,137.6,9.8,13.6,7.4,12.8,1.5,447.7,1.0,high,False,IFCT2017 (matched via ingredient normalization)
13087,98.6,3.7,13.4,4.4,12.6,8.7,326.8,1.0,high,False,IFCT2017 (matched via ingredient normalization)
13107,113.7,5.1,14.5,3.3,3.8,3.1,21.8,1.0,high,False,IFCT2017 (matched via ingredient normalization)
13118,193.7,14.0,24.1,1.0,9.0,1.5,262.2,1.0,high,False,IFCT2017 (matched via ingredient normalization)
13126,248.9,10.0,14.1,25.3,29.1,4.1,442.3,0.82,high,False,IFCT2017 (matched via ingredient normalization)
13200,77.0,10.1,3.2,13.8,5.0,0.8,343.4,1.0,high,False,IFCT2017 (matched via ingredient normalization)
13210,299.6,20.4,37.2,13.6,16.0,1.2,460.4,0.94,high,False,IFCT2017 (matched via ingredient normalization)
13221,430.8,18.8,34.2,23.2,25.3,3.8,312.4,1.0,high,False,IFCT2017 (matched via ingredient normalization)
13242,91.6,4.1,10.6,27.2,10.0,4.5,314.4,1.0,high,False,IFCT2017 (matched via ingredient normalization)
13243,167.8,27.7,4.5,15.3,6.8,0.6,390.3,1.0,high,False,IFCT2017 (matched via ingredient normalization)
13277,266.3,12.0,9.1,30.5,25.6,3.2,340.4,1.0,high,False,IFCT2017 (matched via ingredient normalization)
13329,92.8,5.7,9.7,26.5,10.6,5.1,646.8,1.0,high,False,IFCT2017 (matched via ingredient normalization)
13339,81.4,7.2,4.9,9.5,8.1,2.0,323.7,1.0,high,False,IFCT2017 (matched via ingredient normalization)
13361,561.0,27.5,41.8,31.6,31.1,12.7,731.9,0.96,high,False,IFCT2017 (matched via ingredient normalization)
13377,390.6,27.2,41.6,39.5,34.2,3.4,768.1,1.0,high,False,IFCT2017 (matched via ingredient normalization)
13386,342.2,16.7,51.0,7.1,13.9,5.3,305.4,1.0,high,False,IFCT2017 (matched via ingredient normalization)
13410,389.2,12.8,74.4,9.4,7.9,2.2,318.0,1.0,high,False,IFCT2017 (matched via ingredient normalization)
13445,171.5,5.1,33.2,1.9,3.2,0.8,486.2,1.0,high,False,IFCT2017 (matched via ingredient normalization)
13486,360.6,11.2,64.7,4.7,7.8,1.8,297.5,0.9,high,False,IFCT2017 (matched via ingredient normalization)
13487,128.6,9.4,15.1,5.0,9.3,1.1,327.3,1.0,high,False,IFCT2017 (matched via ingredient normalization)
13554,93.3,6.3,8.6,9.0,8.8,2.5,345.3,1.0,high,False,IFCT2017 (matched via ingredient normalization)
13573,188.1,6.7,31.4,14.9,6.5,1.7,303.9,1.0,high,False,IFCT2017 (matched via ingredient normalization)
13589,100.5,19.3,1.5,1.6,2.3,1.0,348.3,0.83,high,False,IFCT2017 (matched via ingredient normalization)
13607,210.1,9.7,12.7,31.8,35.5,3.6,713.0,0.91,high,False,IFCT2017 (matched via ingredient normalization)
13661,150.4,21.2,6.9,5.3,3.0,4.6,445.4,1.0,high,False,IFCT2017 (matched via ingredient normalization)
13741,99.6,7.1,13.4,4.7,6.0,0.6,301.1,0.9,high,False,IFCT2017 (matched via ingredient normalization)
13826,67.2,2.7,8.1,1.8,5.8,2.4,623.8,1.0,high,False,IFCT2017 (matched via ingredient normalization)
13830,1825.4,58.7,122.1,131.9,47.4,10.4,656.1,1.0,low,True,IFCT2017 (matched via ingredient normalization)
13855,149.9,18.9,8.7,63.3,3.4,3.4,867.9,1.0,high,False,IFCT2017 (matched via ingredient normalization)
13862,111.6,9.1,5.4,3.1,16.9,1.6,59.2,1.0,high,False,IFCT2017 (matched via ingredient normalization)
13894,146.9,6.5,12.3,4.7,21.3,1.7,395.6,1.0,high,False,IFCT2017 (matched via ingredient normalization)
13956,1197.6,39.6,129.4,52.2,47.9,125.0,1436.4,1.0,high,False,IFCT2017 (matched via ingredient normalization)
13965,301.6,11.0,29.2,11.4,28.2,18.6,5900.6,0.94,high,False,IFCT2017 (matched via ingredient normalization)
14019,332.1,18.5,30.2,11.1,28.2,2.1,377.7,0.93,high,False,IFCT2017 (matched via ingredient normalization)
14165,87.9,3.4,7.9,8.6,6.1,0.8,590.7,0.93,high,False,IFCT2017 (matched via ingredient normalization)
14167,249.3,12.6,18.4,47.4,21.0,9.1,423.2,0.77,high,False,IFCT2017 (matched via ingredient normalization)
